ISO3 code,Economy,Indicator code,Indicator name,1960,1961,1962,1963,1964,1965,1966,1967,1968,1969,1970,1971,1972,1973,1974,1975,1976,1977,1978,1979,1980,1981,1982,1983,1984,1985,1986,1987,1988,1989,1990,1991,1992,1993,1994,1995,1996,1997,1998,1999,2000,2001,2002,2003,2004,2005,2006,2007,2008,2009,2010,2011,2012,2013,2014,2015,2016,2017,2018,2019,2020,2021,2022,2023,2024,2025
ABW,Aruba,EG.FEC.RNEW.ZS,Renewable energy consumption (% of total final energy consumption),,,,,,,,,,,,,,,,,,,,,,,,,,,,,,,35.38,31.0297,34.7689,34.0492,33.56,35.151,39.4586,37.2949,35.0209,37.4584,39.2619,38.4625,36.8825,35.6193,38.4597,38.0002,39.1536,38.7836,39.7623,36.7427,40.598,38.5084,42.4137,37.0348,42.0351,39.109,37.5604,38.0454,38.5225,40.1615,40.5089,38.4658,39.7145,44.1978,,
ABW,Aruba,EG.ELC.ACCS.ZS,Access to electricity (% of population),,,,,,,,,,,,,,,,,,,,,,,,,,,,,,,98.1785,97.3955,97.3268,97.6425,98.2872,97.2282,98.0905,97.2116,99.1158,99.5642,98.9099,100.0,98.8158,98.8749,100.0,100.0,100.0,100.0,100.0,100.0,100.0,100.0,100.0,100.0,100.0,100.0,100.0,100.0,100.0,100.0,100.0,100.0,100.0,100.0,,
ABW,Aruba,CC.EST,Control of Corruption: Estimate,,,,,,,,,,,,,,,,,,,,,,,,,,,,,,,1.2252,1.1155,1.2526,0.8181,1.2978,0.9512,1.1165,1.0256,1.0046,1.2993,1.1038,1.2016,1.1543,1.2172,1.1692,1.006,1.2795,1.1007,0.9732,1.1086,1.3401,1.262,1.1181,1.1181,1.1214,1.4092,1.2058,1.2116,1.2836,1.1886,1.1289,1.1364,1.1514,1.1555,,
ABW,Aruba,EN.ATM.PM25.MC.M3,"PM2.5 air pollution, mean annual exposure (micrograms per cubic meter)",,,,,,,,,,,,,,,,,,,,,,,,,,,,,,,56.9774,55.8839,56.8249,55.5249,55.6839,52.4887,56.7805,55.8457,56.743,50.8216,58.2185,54.7966,56.5882,53.2861,55.6851,53.1058,53.6703,57.397,54.1599,54.6921,55.5911,54.9495,54.3516,54.5934,57.5711,53.7995,54.1076,55.302,55.3043,55.3465,54.4441,51.6915,55.7761,51.5265,,
ABW,Aruba,NY.GDP.MKTP.KD.ZG,GDP growth (annual %),,,,,,,,,,,,,,,,,,,,,,,,,,,,,,,0.9587,-1.6836,0.0417,1.024,1.0055,1.2569,4.2364,1.3359,-0.4083,2.6123,3.1758,-2.8669,1.6956,1.955,-0.5418,3.6414,-0.1731,0.516,-0.2306,0.241,-2.5386,-3.398,4.1883,-1.9153,-2.2764,-5.1814,-1.3953,-3.1056,4.3071,2.7266,-1.5183,5.8332,2.6565,-0.61,,
ABW,Aruba,SL.UEM.TOTL.NE.ZS,"Unemployment, total (% of total labor force) (national estimate)",,,,,,,,,,,,,,,,,,,,,,,,,,,,,,,4.4022,6.7974,4.9571,4.8292,6.1632,6.8718,6.344,5.9339,5.9493,6.0786,6.0314,5.7925,5.704,5.6206,5.2749,5.5116,4.8054,5.6027,5.1576,5.1001,5.7419,6.3479,6.1111,4.8667,5.1571,6.1223,5.1607,5.5396,5.9269,5.1677,5.7046,4.9849,5.3512,5.8118,,
AFG,Afghanistan,EG.FEC.RNEW.ZS,Renewable energy consumption (% of total final energy consumption),,,,,,,,,,,,,,,,,,,,,,,,,,,,,,,6.4607,10.6776,9.9074,11.2017,10.6945,13.125,10.7971,9.8379,11.0913,12.0833,11.2444,11.3779,10.0427,10.2709,8.9415,15.3958,9.559,10.8109,10.9099,14.2865,12.0568,15.2922,11.5997,13.6547,11.576,17.687,11.1715,14.3163,15.1142,14.8243,13.7761,14.037,14.5343,14.3027,,
AFG,Afghanistan,EG.ELC.ACCS.ZS,Access to electricity (% of population),,,,,,,,,,,,,,,,,,,,,,,,,,,,,,,92.0726,93.3199,91.3555,90.9556,92.2308,94.6152,92.1585,94.3627,94.6436,93.1086,94.2566,95.3542,93.9981,94.3886,94.3361,94.2396,94.782,94.5723,95.8287,95.4355,96.4885,95.3067,97.0662,97.7183,95.7065,97.8507,98.7836,97.0837,99.6395,98.8867,98.2374,99.0068,99.7481,99.6123,,
AFG,Afghanistan,CC.EST,Control of Corruption: Estimate,,,,,,,,,,,,,,,,,,,,,,,,,,,,,,,0.5702,0.3951,0.5259,0.3359,0.4922,0.3971,0.4173,0.6539,0.6365,0.5787,0.3745,0.4676,0.6511,0.5226,0.7839,0.5528,0.5286,0.4685,0.5216,0.4873,0.5905,0.6204,0.4113,0.3458,0.2852,0.5665,0.3732,0.2472,0.5522,0.8047,0.5048,0.6062,0.5154,0.4937,,
AFG,Afghanistan,EN.ATM.PM25.MC.M3,"PM2.5 air pollution, mean annual exposure (micrograms per cubic meter)",,,,,,,,,,,,,,,,,,,,,,,,,,,,,,,66.5648,64.6708,65.4273,65.4287,63.864,66.2742,64.4437,63.4926,65.3509,63.1185,64.4284,64.2925,65.855,64.8582,64.0286,65.2128,65.9915,64.6629,63.7617,61.6984,61.9885,63.0483,62.5119,63.0657,63.3511,63.9807,63.0004,63.7559,63.0429,59.903,61.3772,62.49,60.8116,63.4461,,
AFG,Afghanistan,NY.GDP.MKTP.KD.ZG,GDP growth (annual %),,,,,,,,,,,,,,,,,,,,,,,,,,,,,,,3.4195,2.6395,-0.941,3.3194,-0.0357,-1.2501,-1.9409,-1.1635,-1.3778,0.0187,-0.0059,-0.3998,0.685,2.5692,1.9665,-4.1196,-6.7922,1.9284,-3.8246,-0.9693,-3.3327,-4.9123,0.9463,1.4905,-1.8486,-6.885,-1.773,0.5721,-4.1046,0.051,-0.4456,1.0409,-0.1084,-2.84,,
AFG,Afghanistan,SL.UEM.TOTL.NE.ZS,"Unemployment, total (% of total labor force) (national estimate)",,,,,,,,,,,,,,,,,,,,,,,,,,,,,,,20.0868,19.4092,19.4748,19.0218,19.2668,19.0461,19.402,20.3443,18.8025,18.6817,20.2241,19.3838,19.1539,20.0084,19.1857,20.4015,19.8274,19.2445,20.5671,19.1856,19.8595,19.6381,20.1393,20.2692,19.5045,19.1118,19.7185,19.1496,20.4952,19.5567,19.3058,19.5808,18.8149,19.0027,,
AGO,Angola,EG.FEC.RNEW.ZS,Renewable energy consumption (% of total final energy consumption),,,,,,,,,,,,,,,,,,,,,,,,,,,,,,,73.9962,70.4316,69.8016,73.1187,74.5668,73.7833,74.4875,71.1318,69.9518,75.9481,72.4501,72.7437,76.0518,74.6579,74.6072,78.1754,72.7084,76.0011,74.4094,74.9826,77.6523,75.7611,75.972,77.1904,74.4655,73.667,73.4058,71.7127,79.9078,73.739,75.6529,75.6918,77.0102,78.1769,,
AGO,Angola,EG.ELC.ACCS.ZS,Access to electricity (% of population),,,,,,,,,,,,,,,,,,,,,,,,,,,,,,,49.4904,48.5856,49.1683,49.7781,49.6031,51.3379,50.6948,51.1399,51.3323,51.9908,51.4469,50.5146,52.1218,51.531,51.8791,53.0211,53.7927,53.0691,53.5491,54.9138,53.9946,56.1334,54.7544,53.1434,55.4047,55.357,56.3338,56.0906,55.6913,55.0726,56.1348,55.8716,56.3376,57.5229,,
AGO,Angola,CC.EST,Control of Corruption: Estimate,,,,,,,,,,,,,,,,,,,,,,,,,,,,,,,-1.3905,-1.5435,-1.7344,-1.5375,-1.4473,-1.664,-1.607,-1.5891,-1.6851,-1.5131,-1.6054,-1.5405,-1.6974,-1.6434,-1.5042,-1.6356,-1.3836,-1.6388,-1.5639,-1.479,-1.7611,-1.8022,-1.774,-1.4394,-1.6571,-1.2839,-1.6586,-1.5687,-1.4058,-1.3501,-1.3435,-1.4459,-1.468,-1.5198,,
AGO,Angola,EN.ATM.PM25.MC.M3,"PM2.5 air pollution, mean annual exposure (micrograms per cubic meter)",,,,,,,,,,,,,,,,,,,,,,,,,,,,,,,21.7569,19.6826,19.2021,20.3443,20.0141,19.5095,21.154,21.4623,20.082,22.0857,18.0768,19.4189,18.5541,16.7496,19.3454,19.2068,21.5796,20.1756,17.6131,21.8505,20.8209,19.7825,18.4897,17.3102,18.1111,20.2225,21.3363,20.7442,17.6161,16.59,18.4007,15.4567,18.5141,17.728,,
AGO,Angola,NY.GDP.MKTP.KD.ZG,GDP growth (annual %),,,,,,,,,,,,,,,,,,,,,,,,,,,,,,,-0.296,-3.1177,2.1531,-0.4627,-2.0557,-6.3116,0.8003,5.2997,5.0222,-0.2737,-0.6364,2.041,-1.6269,1.6236,2.7843,3.9364,0.6187,0.3599,-1.3259,-1.1981,0.3029,1.7875,3.1531,-1.1389,4.6008,0.1913,0.8157,-0.9989,-5.1915,3.0792,2.7112,0.1658,1.0366,2.1589,,
AGO,Angola,SL.UEM.TOTL.NE.ZS,"Unemployment, total (% of total labor force) (national estimate)",,,,,,,,,,,,,,,,,,,,,,,,,,,,,,,11.1396,11.6563,12.318,11.2937,12.0676,11.2426,12.1541,11.903,11.1133,12.5032,11.5536,11.5157,12.0211,12.4952,11.4129,11.9517,12.1353,12.2674,12.0091,11.7373,11.5071,11.9639,11.3848,10.4602,12.1391,12.3728,10.7394,11.416,12.2304,12.9496,11.9313,11.5569,11.8294,12.6083,,
ALB,Albania,EG.FEC.RNEW.ZS,Renewable energy consumption (% of total final energy consumption),,,,,,,,,,,,,,,,,,,,,,,,,,,,,,,38.2637,38.1072,38.8901,38.0989,40.4009,43.555,41.1018,40.1009,40.172,37.7792,42.8218,41.0499,40.9946,47.8918,42.2531,40.302,41.1029,44.4025,42.4821,39.529,44.3941,41.3693,46.6022,45.1657,42.261,45.8676,43.5913,45.3111,44.7251,42.2129,42.7685,46.2655,43.6861,43.6983,,
ALB,Albania,EG.ELC.ACCS.ZS,Access to electricity (% of population),,,,,,,,,,,,,,,,,,,,,,,,,,,,,,,53.1658,54.5188,56.0799,53.8259,54.9493,56.3097,55.3662,56.0418,55.08,56.5225,56.2802,57.4685,57.8798,59.2515,57.8936,57.9405,58.0854,57.8974,58.7007,58.4436,59.0647,60.234,58.6247,60.5918,60.9836,60.0854,58.7324,60.1936,61.9675,61.1616,60.6305,61.2761,62.6024,62.6173,,
ALB,Albania,CC.EST,Control of Corruption: Estimate,,,,,,,,,,,,,,,,,,,,,,,,,,,,,,,0.5306,0.5152,0.5123,0.4486,0.7531,0.5206,0.7053,0.7418,0.6791,0.5075,0.6077,0.5564,0.4508,0.5982,0.4178,0.7018,0.5035,0.5834,0.5933,0.5282,0.6297,0.5023,0.6638,0.3977,0.5744,0.7919,0.4392,0.4779,0.6209,0.5808,0.6013,0.618,0.6354,0.6924,,
ALB,Albania,EN.ATM.PM25.MC.M3,"PM2.5 air pollution, mean annual exposure (micrograms per cubic meter)",,,,,,,,,,,,,,,,,,,,,,,,,,,,,,,17.4717,16.4151,17.7058,19.4668,16.338,14.9952,18.0376,16.1164,12.958,17.4081,15.254,15.8412,16.3949,16.1027,16.8012,15.0037,16.3466,15.1077,16.5252,16.26,13.8538,16.806,14.293,16.2291,15.4879,17.6143,14.4418,14.173,14.5878,14.0822,15.6569,11.9525,12.7165,12.6153,,
ALB,Albania,NY.GDP.MKTP.KD.ZG,GDP growth (annual %),,,,,,,,,,,,,,,,,,,,,,,,,,,,,,,3.1904,5.0912,0.5535,0.3926,0.9898,3.7193,-1.5037,1.4106,3.2526,2.0674,1.2886,3.3173,-5.9434,2.5093,-0.8205,-3.7619,2.0927,4.2488,0.471,3.1968,4.8453,4.1019,4.9146,2.67,1.0032,-3.1903,0.1995,-1.2935,6.242,0.3749,1.1227,2.1934,0.9237,5.0523,,
ALB,Albania,SL.UEM.TOTL.NE.ZS,"Unemployment, total (% of total labor force) (national estimate)",,,,,,,,,,,,,,,,,,,,,,,,,,,,,,,8.9168,9.3255,8.8569,8.5681,8.9223,9.2096,9.0135,8.8819,8.525,9.1866,8.4758,9.6082,9.2694,8.4994,9.0735,8.8521,9.3877,9.8984,8.2906,9.2857,9.1481,9.5638,9.3347,8.8522,9.0686,8.8301,9.7662,9.2388,10.1787,9.1978,8.8739,8.4713,8.3266,8.4361,,
AND,Andorra,EG.FEC.RNEW.ZS,Renewable energy consumption (% of total final energy consumption),,,,,,,,,,,,,,,,,,,,,,,,,,,,,,,42.0199,42.653,38.6232,43.7257,41.1195,42.5292,45.61,44.3293,42.1485,41.0532,38.682,41.6973,42.8633,41.4612,43.3231,43.8893,43.4359,42.7356,44.5229,45.2195,42.3048,47.4575,44.5884,44.9733,46.502,45.702,47.2919,46.1098,44.4607,46.5586,43.6981,46.3527,46.2191,46.0194,,
AND,Andorra,EG.ELC.ACCS.ZS,Access to electricity (% of population),,,,,,,,,,,,,,,,,,,,,,,,,,,,,,,85.9336,84.781,86.0975,86.8607,87.1643,86.4643,88.549,87.0935,88.812,88.6282,88.0195,90.2067,88.0815,90.0218,90.3369,89.2499,91.1504,90.0864,90.7674,90.9947,90.929,91.9351,92.1712,90.3876,93.0799,90.9564,93.3625,93.6878,92.1637,92.9578,92.6519,93.6145,93.79,94.9102,,
AND,Andorra,CC.EST,Control of Corruption: Estimate,,,,,,,,,,,,,,,,,,,,,,,,,,,,,,,-1.3444,-1.3341,-1.5691,-1.5267,-1.7036,-1.5983,-1.3858,-1.3078,-1.6498,-1.5727,-1.5048,-1.468,-1.5988,-1.4507,-1.5585,-1.5034,-1.4361,-1.5009,-1.554,-1.5148,-1.5122,-1.546,-1.5327,-1.3098,-1.4343,-1.5371,-1.418,-1.5417,-1.3609,-1.4573,-1.5145,-1.4479,-1.6901,-1.6368,,
AND,Andorra,EN.ATM.PM25.MC.M3,"PM2.5 air pollution, mean annual exposure (micrograms per cubic meter)",,,,,,,,,,,,,,,,,,,,,,,,,,,,,,,46.919,48.8443,51.1487,51.8169,49.347,49.0612,45.5283,47.3359,46.8883,47.0587,47.6577,47.1218,44.781,48.7918,45.9808,47.8688,50.5411,45.9709,43.4745,46.7609,48.7614,49.9674,45.1056,47.615,46.092,46.551,50.5964,44.2955,46.8505,47.0915,47.9386,46.3769,46.612,45.4825,,
AND,Andorra,NY.GDP.MKTP.KD.ZG,GDP growth (annual %),,,,,,,,,,,,,,,,,,,,,,,,,,,,,,,2.8387,1.3079,3.7198,1.2418,3.1086,2.0927,4.981,2.0374,-2.2667,5.3207,-0.0985,0.5314,0.6767,5.602,-3.1733,10.0102,4.806,2.724,2.0286,2.8798,3.4687,3.7789,3.5549,2.3898,1.6725,1.7877,1.6786,5.0003,3.6498,-5.1851,3.8056,2.6527,2.1191,1.1946,,
AND,Andorra,SL.UEM.TOTL.NE.ZS,"Unemployment, total (% of total labor force) (national estimate)",,,,,,,,,,,,,,,,,,,,,,,,,,,,,,,4.3517,4.2634,3.4032,3.9932,3.3038,3.0998,3.4763,4.2209,4.2662,4.0462,4.1522,4.0477,3.4689,4.0056,4.1899,4.1668,4.3841,4.1438,3.9654,4.3247,3.7764,3.3487,3.7081,3.4172,3.4521,3.7174,3.3934,3.6357,2.8428,3.8963,3.7903,3.3811,4.1193,4.2584,,
ARE,United Arab Emirates,EG.FEC.RNEW.ZS,Renewable energy consumption (% of total final energy consumption),,,,,,,,,,,,,,,,,,,,,,,,,,,,,,,50.3885,52.2281,52.3653,52.1738,55.8625,53.9659,53.9746,50.6459,56.0744,52.4751,55.2235,55.8083,58.1249,52.9359,49.6646,56.2213,59.6046,58.6315,56.7229,55.4703,58.2178,54.8065,57.8563,58.0645,59.324,62.8729,58.2884,56.6357,57.7524,54.4154,56.7142,57.435,57.3554,58.8583,,
ARE,United Arab Emirates,EG.ELC.ACCS.ZS,Access to electricity (% of population),,,,,,,,,,,,,,,,,,,,,,,,,,,,,,,45.4261,47.2309,46.5842,46.8266,46.8218,47.4582,48.2441,47.1404,47.5576,48.0911,47.5074,48.1787,48.7031,50.0336,49.7941,49.9889,50.7648,50.2242,50.8964,50.7515,51.2964,50.8679,49.633,51.7266,53.2223,53.075,53.3564,53.823,53.155,53.4919,53.0899,53.5812,54.5767,55.2972,,
ARE,United Arab Emirates,CC.EST,Control of Corruption: Estimate,,,,,,,,,,,,,,,,,,,,,,,,,,,,,,,-2.1915,-2.2288,-2.1747,-2.1026,-2.348,-2.4503,-2.2408,-2.3212,-2.2357,-2.1925,-2.2291,-2.0004,-2.1355,-2.1387,-2.1001,-2.3114,-2.05,-2.1838,-2.0943,-2.3034,-2.3612,-2.0766,-2.1296,-2.283,-2.2791,-2.0397,-2.3175,-1.9776,-2.2828,-2.0981,-2.2142,-2.1024,-2.24,-2.1943,,
ARE,United Arab Emirates,EN.ATM.PM25.MC.M3,"PM2.5 air pollution, mean annual exposure (micrograms per cubic meter)",,,,,,,,,,,,,,,,,,,,,,,,,,,,,,,85.7166,84.072,86.6065,84.6455,84.9924,83.7637,81.3318,84.8087,88.6342,86.1122,84.8264,84.3809,84.729,85.4359,82.7641,86.1268,85.4483,85.3725,84.873,84.1647,85.0646,84.863,83.3642,82.9549,83.8881,85.9788,81.7166,81.294,83.6624,83.4116,83.5153,83.5412,82.7605,85.2501,,
ARE,United Arab Emirates,NY.GDP.MKTP.KD.ZG,GDP growth (annual %),,,,,,,,,,,,,,,,,,,,,,,,,,,,,,,-0.1569,1.7741,3.5872,-0.2626,3.4057,7.999,3.8976,4.4221,0.6949,2.3044,2.9074,3.0511,7.0495,5.2396,1.0667,4.4616,5.0909,6.6957,7.7967,1.3076,1.8182,0.7014,3.2603,5.0112,6.3137,3.6555,3.0457,4.2247,1.7575,9.0692,-0.1738,4.3072,8.9044,3.8623,,
ARE,United Arab Emirates,SL.UEM.TOTL.NE.ZS,"Unemployment, total (% of total labor force) (national estimate)",,,,,,,,,,,,,,,,,,,,,,,,,,,,,,,16.6477,16.564,16.6526,17.4292,15.6368,17.5095,16.0308,16.6094,16.5281,17.037,15.9437,16.9738,17.7549,16.0612,16.8376,16.4118,16.9557,16.7523,16.422,16.9867,17.6449,16.6473,17.1026,16.0961,16.2645,16.979,17.4848,16.9206,16.5862,16.7424,16.1176,17.045,17.1839,16.5167,,
ARG,Argentina,EG.FEC.RNEW.ZS,Renewable energy consumption (% of total final energy consumption),,,,,,,,,,,,,,,,,,,,,,,,,,,,,,,28.429,30.0509,28.7957,29.6868,34.1685,29.6251,29.5524,29.124,32.0575,30.3567,29.5704,33.6617,34.0083,30.1183,27.736,33.6341,30.3998,33.5004,28.1289,34.0043,29.9468,33.9806,32.6976,30.9112,32.155,34.4917,33.4809,34.5879,37.522,30.5906,37.1035,34.2278,32.3715,31.6585,,
ARG,Argentina,EG.ELC.ACCS.ZS,Access to electricity (% of population),,,,,,,,,,,,,,,,,,,,,,,,,,,,,,,41.1974,42.336,41.7466,43.3076,41.1877,42.589,41.8468,43.3896,44.0582,43.2621,41.7653,44.2578,44.6981,44.9221,45.8373,44.2418,45.8929,46.5527,44.4258,46.3544,45.9453,46.5335,47.1268,46.7089,46.8081,47.626,46.9789,47.23,48.8922,47.6797,49.3817,49.4688,47.968,49.0566,,
ARG,Argentina,CC.EST,Control of Corruption: Estimate,,,,,,,,,,,,,,,,,,,,,,,,,,,,,,,1.0645,0.8034,0.8654,0.9766,1.0152,0.891,0.8495,1.0918,1.1298,1.0386,0.9314,0.8242,0.8215,0.9839,0.9714,1.0894,0.9992,0.7408,1.0474,0.8014,0.8751,0.9512,1.1606,1.2944,0.994,0.8992,0.9853,1.0277,0.8827,1.1366,0.9488,0.9809,1.0011,0.9718,,
ARG,Argentina,EN.ATM.PM25.MC.M3,"PM2.5 air pollution, mean annual exposure (micrograms per cubic meter)",,,,,,,,,,,,,,,,,,,,,,,,,,,,,,,43.6714,41.4071,41.4155,40.5227,42.7522,43.1814,42.6196,44.3647,41.7646,42.6961,39.9754,40.9523,42.4963,42.6466,40.852,41.1056,38.8562,40.5174,42.3085,41.7558,41.564,40.8076,40.6636,39.5825,41.5412,41.0444,41.071,39.4639,36.9429,41.7387,39.2947,38.6388,40.8932,39.1849,,
ARG,Argentina,NY.GDP.MKTP.KD.ZG,GDP growth (annual %),,,,,,,,,,,,,,,,,,,,,,,,,,,,,,,2.699,1.5917,1.7581,-3.3657,3.079,0.7023,-0.874,0.4076,-4.3914,1.0708,-2.5243,-3.3325,-3.7567,2.8309,-1.524,3.8835,-1.2903,-4.2192,-2.7421,3.1387,-0.3406,-1.3215,0.4492,1.3036,2.8427,3.6704,-0.8502,-3.2659,-0.9845,0.6999,-2.3602,-2.3437,0.9086,-0.0725,,
ARG,Argentina,SL.UEM.TOTL.NE.ZS,"Unemployment, total (% of total labor force) (national estimate)",,,,,,,,,,,,,,,,,,,,,,,,,,,,,,,11.4344,11.0388,11.3028,10.9559,11.8631,11.9356,10.4949,10.9533,10.6697,11.093,11.3763,10.6932,10.9571,10.916,11.5216,11.4527,11.0571,11.5064,11.1447,11.2822,12.2547,12.0882,10.7682,11.8329,11.8237,10.8439,11.8274,12.187,10.8567,10.9593,11.9268,11.5538,11.6937,11.5883,,
ARM,Armenia,EG.FEC.RNEW.ZS,Renewable energy consumption (% of total final energy consumption),,,,,,,,,,,,,,,,,,,,,,,,,,,,,,,8.5325,5.2481,10.1457,10.5403,7.8923,8.4141,5.5889,9.8296,10.0952,8.9767,11.4998,8.7329,10.6803,7.6618,9.804,9.6524,10.6017,9.562,10.1881,12.2532,9.8776,7.6879,14.5502,13.964,8.7666,12.8805,10.6451,12.3281,12.5395,11.6323,10.6836,11.02,10.7187,11.0374,,
ARM,Armenia,EG.ELC.ACCS.ZS,Access to electricity (% of population),,,,,,,,,,,,,,,,,,,,,,,,,,,,,,,94.0521,93.7832,95.1515,96.0456,94.6418,95.5473,96.0056,96.2334,96.1666,96.95,96.9916,95.8657,97.8012,98.0657,96.9952,97.8862,98.6525,98.1884,99.4642,100.0,98.477,98.251,99.8489,100.0,99.9211,100.0,99.5349,100.0,100.0,100.0,100.0,100.0,100.0,100.0,,
ARM,Armenia,CC.EST,Control of Corruption: Estimate,,,,,,,,,,,,,,,,,,,,,,,,,,,,,,,-1.2526,-1.2115,-1.2031,-1.4365,-1.2078,-1.2889,-1.2653,-1.0329,-1.3569,-1.1085,-1.2396,-1.2397,-1.1113,-1.1653,-1.1376,-1.0899,-1.2459,-1.2796,-1.3363,-1.3051,-0.8522,-1.0567,-1.3682,-1.3648,-1.1483,-1.1404,-1.1402,-1.2367,-1.2212,-1.1668,-1.1958,-1.4724,-1.2337,-1.3083,,
ARM,Armenia,EN.ATM.PM25.MC.M3,"PM2.5 air pollution, mean annual exposure (micrograms per cubic meter)",,,,,,,,,,,,,,,,,,,,,,,,,,,,,,,61.5772,65.7123,61.7056,60.6041,62.3771,61.6384,61.4645,61.6647,63.7592,58.8981,61.2248,59.0448,61.1877,58.8964,59.5683,59.6718,61.4981,61.3321,58.0058,59.8768,58.65,57.7466,59.2289,59.0117,63.0345,59.9638,57.168,58.3072,60.6065,62.1271,56.5354,56.0145,61.5608,59.2588,,
ARM,Armenia,NY.GDP.MKTP.KD.ZG,GDP growth (annual %),,,,,,,,,,,,,,,,,,,,,,,,,,,,,,,-1.268,2.2393,-5.6867,0.9111,1.7223,3.2134,-1.632,1.1169,-1.4109,1.5412,-1.3357,-0.1176,-1.5868,2.5305,3.0488,0.3161,0.9983,-2.7188,0.1535,0.7772,7.4547,-1.8772,4.5631,3.3948,1.6043,5.2993,1.833,1.8756,0.7699,3.9616,3.6439,-0.6615,-2.3954,0.3952,,
ARM,Armenia,SL.UEM.TOTL.NE.ZS,"Unemployment, total (% of total labor force) (national estimate)",,,,,,,,,,,,,,,,,,,,,,,,,,,,,,,11.4411,11.8094,12.4599,11.6125,11.8197,11.8702,12.2654,10.7177,11.5378,11.9468,12.4412,11.5952,10.9029,12.151,11.5235,11.2463,11.529,11.7489,11.5388,10.7384,12.2897,12.4786,12.1669,11.2723,11.7404,11.8379,12.1406,12.1753,11.4741,11.8822,12.0698,12.5691,12.1934,12.2357,,
ASM,American Samoa,EG.FEC.RNEW.ZS,Renewable energy consumption (% of total final energy consumption),,,,,,,,,,,,,,,,,,,,,,,,,,,,,,,48.9045,51.7077,49.8563,47.4646,52.1436,50.8826,48.7507,48.8278,50.53,51.0132,50.6314,51.0094,53.9367,52.8299,51.2181,52.8694,49.0718,52.0827,55.0554,51.1507,50.0416,50.5826,49.8576,50.6173,51.5958,49.6757,52.6681,54.5914,51.1213,56.1254,54.2584,55.448,52.2212,55.3959,,
ASM,American Samoa,EG.ELC.ACCS.ZS,Access to electricity (% of population),,,,,,,,,,,,,,,,,,,,,,,,,,,,,,,46.142,47.9777,47.653,48.2081,47.0751,47.5495,48.9933,48.0069,49.3861,48.1718,50.1941,48.7795,50.4574,50.766,49.9581,51.2312,51.2239,50.8345,50.7087,50.1954,52.2953,51.0137,52.5918,52.5548,53.5589,53.0239,53.252,54.351,54.2836,54.5185,54.891,53.5371,55.621,55.7555,,
ASM,American Samoa,CC.EST,Control of Corruption: Estimate,,,,,,,,,,,,,,,,,,,,,,,,,,,,,,,2.2259,2.3186,2.3432,2.3318,2.388,2.5,2.4777,2.1905,2.4226,2.5,2.3943,2.4788,2.5,2.4708,2.3778,2.4733,2.3653,2.3508,2.3058,2.5,2.2497,2.5,2.4079,2.18,2.392,2.0959,2.423,2.4542,2.2768,2.3627,2.5,2.2872,2.2209,2.5,,
ASM,American Samoa,EN.ATM.PM25.MC.M3,"PM2.5 air pollution, mean annual exposure (micrograms per cubic meter)",,,,,,,,,,,,,,,,,,,,,,,,,,,,,,,73.8302,70.8118,72.2435,72.6585,69.4526,69.7583,72.2526,72.8538,71.0906,68.8466,73.0669,69.2098,69.4236,70.3598,72.0975,70.9673,70.2286,70.2212,69.5116,70.2035,65.4919,68.7614,69.4883,67.3198,69.5458,68.5796,71.4395,71.0858,67.9476,68.34,68.3754,67.7288,68.6188,67.1089,,
ASM,American Samoa,NY.GDP.MKTP.KD.ZG,GDP growth (annual %),,,,,,,,,,,,,,,,,,,,,,,,,,,,,,,0.9012,5.2845,5.3016,1.717,5.9661,2.1488,4.3607,5.7786,3.6437,4.8646,2.4367,3.2366,3.2131,1.8613,3.2858,-0.1438,2.4999,3.0156,3.0873,3.124,3.5733,4.9263,5.914,2.1033,0.7197,1.1226,2.5097,2.8479,1.8028,0.4875,2.5874,4.1813,5.2153,2.3342,,
ASM,American Samoa,SL.UEM.TOTL.NE.ZS,"Unemployment, total (% of total labor force) (national estimate)",,,,,,,,,,,,,,,,,,,,,,,,,,,,,,,18.0056,17.7487,18.1963,17.7879,18.4986,17.3191,18.0323,18.3626,18.304,19.5586,18.387,17.71,18.1643,17.3239,18.1718,17.7955,18.6698,17.9373,18.1537,17.8943,19.0815,18.0514,19.1283,18.6191,18.4531,18.3964,18.409,17.2482,18.0726,18.6346,18.1876,17.5095,18.1859,19.0641,,
ATG,Antigua and Barbuda,EG.FEC.RNEW.ZS,Renewable energy consumption (% of total final energy consumption),,,,,,,,,,,,,,,,,,,,,,,,,,,,,,,55.3258,52.858,55.0349,52.549,50.0243,51.7331,56.8578,53.334,53.5452,53.5823,58.1403,57.7339,59.0696,54.4639,55.5232,52.0487,58.1859,53.0464,55.9655,53.4874,54.6543,54.3075,54.9162,55.2038,55.3355,58.2487,54.5223,57.3231,59.4679,56.1556,55.8962,57.0209,59.9914,58.1702,,
ATG,Antigua and Barbuda,EG.ELC.ACCS.ZS,Access to electricity (% of population),,,,,,,,,,,,,,,,,,,,,,,,,,,,,,,94.4969,95.5589,94.54,96.2169,96.2487,95.9256,95.751,95.9625,97.3497,98.155,96.912,98.0385,96.2522,97.7041,98.397,97.9441,98.1726,98.6376,99.6556,99.522,98.1312,98.4753,99.9363,100.0,98.7238,100.0,100.0,100.0,100.0,100.0,100.0,100.0,100.0,100.0,,
ATG,Antigua and Barbuda,CC.EST,Control of Corruption: Estimate,,,,,,,,,,,,,,,,,,,,,,,,,,,,,,,-1.9965,-1.5864,-2.3076,-1.8506,-2.092,-2.0231,-2.063,-2.1084,-2.1259,-2.018,-2.2396,-1.9675,-2.1075,-2.1931,-2.1115,-1.9067,-2.1218,-2.0145,-2.1453,-1.9666,-1.9753,-1.8357,-2.0786,-1.9773,-2.0458,-1.902,-2.1438,-1.9681,-2.0809,-2.0652,-2.0465,-2.0273,-2.0715,-2.0318,,
ATG,Antigua and Barbuda,EN.ATM.PM25.MC.M3,"PM2.5 air pollution, mean annual exposure (micrograms per cubic meter)",,,,,,,,,,,,,,,,,,,,,,,,,,,,,,,24.0257,23.0567,22.8023,20.7352,20.0047,22.6915,22.4926,23.3075,20.1126,20.5942,18.3993,20.1898,22.1934,19.9188,21.4993,20.1728,20.8646,18.577,20.3464,15.6518,19.7782,17.5328,21.7075,20.9847,20.4385,21.9401,18.1552,22.1196,20.8168,18.9837,20.962,17.5191,17.8618,18.1057,,
ATG,Antigua and Barbuda,NY.GDP.MKTP.KD.ZG,GDP growth (annual %),,,,,,,,,,,,,,,,,,,,,,,,,,,,,,,-1.6189,-2.9379,2.7612,-0.9436,0.5848,-1.7224,-4.848,0.3787,-5.0771,-0.4681,-3.7173,4.6717,1.9819,-0.0321,2.8628,-2.4123,1.0622,0.203,0.3636,2.8844,1.5348,0.4253,-4.4337,-2.6966,-0.6032,-0.063,-3.122,5.7327,3.4945,1.2088,-0.1164,-0.827,-2.6763,-0.1028,,
ATG,Antigua and Barbuda,SL.UEM.TOTL.NE.ZS,"Unemployment, total (% of total labor force) (national estimate)",,,,,,,,,,,,,,,,,,,,,,,,,,,,,,,8.6595,7.9097,8.6977,8.453,7.5767,8.1004,8.3238,9.4745,8.8089,7.8629,8.7736,7.757,9.072,8.2951,8.4838,9.1935,7.887,7.8321,8.2388,9.0498,7.7709,7.1145,8.305,8.8065,9.1307,8.299,8.3249,9.1076,7.5957,8.3364,8.6258,8.7552,8.2757,8.5478,,
AUS,Australia,EG.FEC.RNEW.ZS,Renewable energy consumption (% of total final energy consumption),,,,,,,,,,,,,,,,,,,,,,,,,,,,,,,31.1175,34.9277,37.3012,34.5796,36.8122,37.7379,36.3091,37.4851,35.3687,37.031,38.8146,38.0581,36.7211,38.4926,39.6234,34.2443,40.8123,37.9717,39.6452,41.3387,36.3508,37.8253,38.8171,37.9767,43.1641,38.1306,38.8831,40.553,37.8899,39.6528,41.2291,40.0785,40.7074,39.9855,,
AUS,Australia,EG.ELC.ACCS.ZS,Access to electricity (% of population),,,,,,,,,,,,,,,,,,,,,,,,,,,,,,,51.4261,53.145,54.5416,53.4024,53.8179,54.4419,53.1222,55.7497,54.7996,56.1932,54.5513,56.8421,56.2578,56.3301,56.3249,56.1889,57.5981,57.0,55.564,56.4939,57.489,58.1357,58.0924,59.3629,57.0768,59.0026,57.6833,59.9955,59.5621,60.2234,59.4466,61.4113,61.4711,61.3545,,
AUS,Australia,CC.EST,Control of Corruption: Estimate,,,,,,,,,,,,,,,,,,,,,,,,,,,,,,,1.6281,1.7133,1.5589,1.7464,1.8416,1.7722,1.5561,1.6871,1.4885,1.7124,1.6978,1.4193,1.5043,1.6097,1.6076,1.4986,1.6904,1.6739,1.6204,1.553,1.7695,1.8423,1.5857,1.5702,1.7026,1.6007,1.627,1.7324,1.4146,1.8019,1.6524,1.5943,1.633,1.6392,,
AUS,Australia,EN.ATM.PM25.MC.M3,"PM2.5 air pollution, mean annual exposure (micrograms per cubic meter)",,,,,,,,,,,,,,,,,,,,,,,,,,,,,,,32.7272,37.4864,35.226,35.7485,36.4314,33.3923,35.5542,34.3626,35.9542,31.4132,34.3754,33.5398,35.0124,34.9891,33.1426,33.0558,33.878,32.6191,35.147,33.2502,29.3636,33.0818,32.0062,31.0371,31.5479,33.4881,35.237,33.6338,32.1743,33.6879,32.2354,31.8021,31.0325,30.0563,,
AUS,Australia,NY.GDP.MKTP.KD.ZG,GDP growth (annual %),,,,,,,,,,,,,,,,,,,,,,,,,,,,,,,-0.2106,1.1593,0.5226,-0.2757,-1.6002,2.2848,-2.5286,2.7043,-1.7413,-1.1169,-2.9028,-0.4893,3.2025,2.0533,3.2103,2.0696,-1.995,-0.0628,-1.1863,4.0906,-2.2278,2.9984,2.9966,5.3383,-0.26,2.545,6.4683,-0.7799,-3.0734,-3.9358,2.546,-3.9437,-0.1666,1.8575,,
AUS,Australia,SL.UEM.TOTL.NE.ZS,"Unemployment, total (% of total labor force) (national estimate)",,,,,,,,,,,,,,,,,,,,,,,,,,,,,,,12.3184,12.4386,12.337,12.8653,11.7497,11.8873,11.8395,12.6409,12.676,12.4514,12.8176,11.6368,13.0594,12.9875,12.5936,13.1167,11.3975,11.9636,11.8582,12.5866,11.7008,12.6046,12.9111,12.5734,12.3677,11.7319,11.8024,12.8506,12.6155,12.2063,12.0169,11.2129,11.6904,13.1815,,
AUT,Austria,EG.FEC.RNEW.ZS,Renewable energy consumption (% of total final energy consumption),,,,,,,,,,,,,,,,,,,,,,,,,,,,,,,13.713,16.8029,18.5888,14.2141,17.2434,18.8998,17.1989,23.0607,14.1367,19.7414,17.4283,19.4678,18.9566,16.7576,18.8319,14.8081,19.8804,19.4203,20.2513,21.2402,20.0092,19.7201,17.8118,18.2995,22.2474,22.8966,19.6977,20.4159,18.6647,22.9695,22.1048,24.8064,19.3173,20.4679,,
AUT,Austria,EG.ELC.ACCS.ZS,Access to electricity (% of population),,,,,,,,,,,,,,,,,,,,,,,,,,,,,,,87.328,87.91,87.4703,87.1944,88.8479,88.9697,87.9098,89.9772,90.079,89.5002,89.7065,90.336,89.4534,90.4168,88.9209,91.594,89.8936,92.5955,91.3787,91.7235,91.6406,92.1624,93.7776,90.9026,94.1644,93.6632,92.6772,93.0326,95.4839,93.6364,93.7201,95.8027,95.4136,94.6425,,
AUT,Austria,CC.EST,Control of Corruption: Estimate,,,,,,,,,,,,,,,,,,,,,,,,,,,,,,,-2.1013,-2.2503,-1.9951,-1.9999,-2.0634,-2.0838,-1.9159,-2.1273,-2.2691,-2.0733,-1.8769,-2.249,-2.1706,-2.0773,-2.1337,-2.2451,-1.9926,-1.8488,-2.1037,-2.2357,-2.3131,-2.0963,-1.9948,-2.0702,-2.1275,-2.198,-2.2583,-2.0271,-2.0176,-2.3127,-1.9365,-2.0584,-1.9593,-2.2883,,
AUT,Austria,EN.ATM.PM25.MC.M3,"PM2.5 air pollution, mean annual exposure (micrograms per cubic meter)",,,,,,,,,,,,,,,,,,,,,,,,,,,,,,,86.8367,88.5819,89.4796,91.3399,89.6245,88.1214,86.8658,90.1704,86.7983,90.6081,87.6588,90.3913,88.9438,87.6399,86.9863,87.174,88.2479,87.6411,86.5547,87.1169,87.4033,84.0123,87.8126,85.5758,85.2354,84.3544,84.1146,84.6922,85.5819,89.4953,85.6966,86.672,86.9261,86.442,,
AUT,Austria,NY.GDP.MKTP.KD.ZG,GDP growth (annual %),,,,,,,,,,,,,,,,,,,,,,,,,,,,,,,2.7815,-0.0131,6.6024,7.4931,-1.2315,0.415,2.2756,0.5638,4.24,1.1544,8.3877,5.9515,3.5065,5.5426,5.7399,1.5652,0.9346,3.1705,5.1292,3.3228,-0.9674,0.968,2.7902,2.7859,7.9065,-0.4899,4.2391,6.6979,8.6537,1.9641,4.2037,4.3995,3.4638,2.728,,
AUT,Austria,SL.UEM.TOTL.NE.ZS,"Unemployment, total (% of total labor force) (national estimate)",,,,,,,,,,,,,,,,,,,,,,,,,,,,,,,6.5962,5.112,6.7192,6.4413,6.2669,7.4016,6.0407,6.1766,7.3739,5.9621,6.1031,6.3047,6.7985,6.4821,5.7319,6.1121,6.0745,6.3396,6.5911,6.5873,5.4902,6.9101,6.5045,7.0704,6.6003,6.9288,6.6114,7.0513,6.6393,6.3292,7.5144,6.8227,6.665,5.74,,
AZE,Azerbaijan,EG.FEC.RNEW.ZS,Renewable energy consumption (% of total final energy consumption),,,,,,,,,,,,,,,,,,,,,,,,,,,,,,,2.8652,6.1772,6.0328,4.6635,6.3237,9.369,7.7326,4.2098,6.4188,5.1818,6.1664,6.2645,6.2865,4.8815,7.2865,6.5706,1.9829,12.0977,10.3193,7.5392,8.4794,6.2485,12.1332,12.6863,9.3552,11.2388,9.6923,6.8183,8.8181,10.0556,9.0327,9.6545,10.059,10.23,,
AZE,Azerbaijan,EG.ELC.ACCS.ZS,Access to electricity (% of population),,,,,,,,,,,,,,,,,,,,,,,,,,,,,,,88.0468,87.4065,87.9314,87.7273,89.7872,87.5705,90.4279,90.8641,89.7632,88.1725,90.2159,90.7036,90.1965,90.8428,92.7291,92.2869,91.2653,90.9769,92.2434,92.5842,93.402,92.8267,93.9142,95.3031,94.6574,94.2165,94.3585,94.4697,95.9495,94.7531,95.5412,95.796,95.6036,95.157,,
AZE,Azerbaijan,CC.EST,Control of Corruption: Estimate,,,,,,,,,,,,,,,,,,,,,,,,,,,,,,,1.073,1.027,1.0943,0.9703,1.1808,0.9291,1.2397,0.8246,1.0865,1.0913,0.9388,1.0852,1.1878,0.7683,1.0946,0.7351,0.9184,1.2298,0.9645,0.8934,1.0105,1.2824,0.8145,0.9081,1.214,1.2572,1.0219,0.8856,1.2858,1.2256,1.1158,0.9368,1.0284,1.015,,
AZE,Azerbaijan,EN.ATM.PM25.MC.M3,"PM2.5 air pollution, mean annual exposure (micrograms per cubic meter)",,,,,,,,,,,,,,,,,,,,,,,,,,,,,,,67.4619,69.0621,68.1247,65.1095,68.7104,67.0353,67.5162,68.6054,64.6582,66.1919,65.3684,63.7338,66.5257,69.6929,63.0855,65.7172,66.6464,65.7902,65.3559,63.4968,65.7148,64.1505,61.9207,66.9175,66.4832,65.0431,65.2292,66.4171,65.0621,66.0016,64.1194,66.4536,64.8868,64.6167,,
AZE,Azerbaijan,NY.GDP.MKTP.KD.ZG,GDP growth (annual %),,,,,,,,,,,,,,,,,,,,,,,,,,,,,,,-0.2044,3.6881,0.8908,1.375,0.9323,0.3051,8.2826,6.2991,7.7716,-0.0865,3.1489,-0.2631,1.2315,0.6754,6.0697,1.9801,5.6417,4.481,8.7298,-0.7279,6.1188,5.8368,0.5373,5.4885,3.8111,2.402,0.9109,1.1729,8.0952,2.9724,4.926,0.9935,1.0211,5.6757,,
AZE,Azerbaijan,SL.UEM.TOTL.NE.ZS,"Unemployment, total (% of total labor force) (national estimate)",,,,,,,,,,,,,,,,,,,,,,,,,,,,,,,3.584,4.0512,4.2758,4.3144,4.1692,4.4567,4.6052,4.6261,3.7659,4.1167,4.8561,4.7061,3.5723,4.4345,3.2696,4.2822,5.2076,3.7848,3.8416,4.6408,3.4874,3.9424,4.557,3.9416,4.1408,4.6309,4.4695,4.3922,4.0892,4.4438,4.1969,4.4877,4.0103,4.1675,,
BDI,Burundi,EG.FEC.RNEW.ZS,Renewable energy consumption (% of total final energy consumption),,,,,,,,,,,,,,,,,,,,,,,,,,,,,,,31.6973,33.7572,32.3553,31.8992,34.7946,34.8527,36.143,33.865,35.6934,36.1289,36.0668,33.676,35.776,36.3555,35.7916,31.7543,36.3982,40.6523,35.6572,35.0711,37.424,37.452,39.3627,34.6115,38.74,38.6081,37.293,38.4046,39.9362,39.7719,35.8912,39.9676,38.3479,38.773,,
BDI,Burundi,EG.ELC.ACCS.ZS,Access to electricity (% of population),,,,,,,,,,,,,,,,,,,,,,,,,,,,,,,42.59,42.6613,43.9849,43.2145,42.6359,43.4667,44.1744,45.2649,45.014,44.1011,47.0196,45.4933,46.5518,45.6601,46.4582,46.9531,47.506,47.6274,47.7292,47.0294,47.0741,48.0476,48.778,48.1033,49.3836,49.9436,48.2984,48.612,49.4192,50.0276,49.6118,51.3633,50.8707,50.813,,
BDI,Burundi,CC.EST,Control of Corruption: Estimate,,,,,,,,,,,,,,,,,,,,,,,,,,,,,,,1.6432,1.6576,1.8492,1.5596,1.937,1.7965,2.2047,2.0925,1.7937,1.8028,1.935,2.0199,1.619,1.6012,1.7409,1.8854,1.8751,1.9439,1.6716,1.5376,1.9185,1.7161,1.5733,1.8329,1.9107,1.8009,1.7606,1.7964,1.771,1.6538,1.7298,1.8781,1.8541,1.8357,,
BDI,Burundi,EN.ATM.PM25.MC.M3,"PM2.5 air pollution, mean annual exposure (micrograms per cubic meter)",,,,,,,,,,,,,,,,,,,,,,,,,,,,,,,56.4876,57.6281,54.5547,58.0081,59.8036,55.3691,56.6214,57.914,59.2196,56.588,56.142,54.147,57.1755,60.0035,57.2764,56.7469,57.1835,56.6037,55.3208,57.6953,56.719,56.3268,54.7573,58.0956,57.0574,55.151,57.4031,55.074,54.5673,54.5208,52.9237,56.2077,52.6736,53.4977,,
BDI,Burundi,NY.GDP.MKTP.KD.ZG,GDP growth (annual %),,,,,,,,,,,,,,,,,,,,,,,,,,,,,,,-4.1999,0.7739,0.6132,0.1723,-1.6174,-1.9415,2.15,-0.3873,1.7799,-1.2241,1.4417,4.2472,2.4545,-0.042,1.632,0.3874,1.0087,0.175,0.5782,1.5193,-1.4944,-1.5507,-2.4823,-3.0116,-2.0542,1.3877,-1.2429,2.2731,1.0758,-3.9322,2.6265,3.016,-1.4956,2.0395,,
BDI,Burundi,SL.UEM.TOTL.NE.ZS,"Unemployment, total (% of total labor force) (national estimate)",,,,,,,,,,,,,,,,,,,,,,,,,,,,,,,3.6522,4.1293,3.4482,3.1839,3.8891,4.0186,3.8817,3.4885,3.8805,4.2151,4.058,4.1717,3.7454,4.6664,3.4924,4.3243,4.6714,4.3209,3.9792,3.8163,4.5985,3.369,3.5954,3.8817,4.6993,4.2704,3.5965,3.9253,3.7733,3.7256,4.5699,3.3946,4.8849,4.4946,,
BEL,Belgium,EG.FEC.RNEW.ZS,Renewable energy consumption (% of total final energy consumption),,,,,,,,,,,,,,,,,,,,,,,,,,,,,,,32.0603,29.1027,29.8787,27.4623,29.4293,31.6159,33.3707,28.7143,30.3476,30.926,28.587,32.7113,30.2306,31.4378,31.0747,30.5499,32.2645,31.9974,31.8349,31.2717,33.5176,36.3358,33.4584,35.3208,30.6981,33.9441,31.5838,30.9747,32.5998,36.6124,36.2786,35.0146,31.6132,34.436,,
BEL,Belgium,EG.ELC.ACCS.ZS,Access to electricity (% of population),,,,,,,,,,,,,,,,,,,,,,,,,,,,,,,56.3783,56.5273,55.1619,56.1747,57.0857,57.8159,55.88,57.7572,58.2514,59.0666,59.1912,59.353,58.497,57.8605,59.3225,60.6882,61.2517,60.9554,60.9804,61.1906,60.692,61.2829,62.9722,61.1329,63.4287,62.1293,63.6973,61.7615,63.6056,62.7975,62.5047,64.0617,64.9445,63.711,,
BEL,Belgium,CC.EST,Control of Corruption: Estimate,,,,,,,,,,,,,,,,,,,,,,,,,,,,,,,0.9681,1.137,1.1375,1.2138,1.262,1.1409,1.3707,1.1749,1.1065,0.9546,1.1165,1.1077,1.2633,1.2035,1.0065,1.1687,1.2286,1.3314,1.2545,1.2393,1.1552,1.1946,1.298,0.9881,1.1061,1.0553,1.1935,1.2957,1.0764,0.8612,1.0986,1.2576,1.2125,1.1994,,
BEL,Belgium,EN.ATM.PM25.MC.M3,"PM2.5 air pollution, mean annual exposure (micrograms per cubic meter)",,,,,,,,,,,,,,,,,,,,,,,,,,,,,,,58.7724,57.1938,59.8053,57.701,62.1485,59.6481,57.8414,57.7153,58.413,58.1131,60.0676,58.592,57.1349,60.988,58.1463,59.1456,57.0,58.3771,58.2191,54.8379,60.6153,59.4484,56.8366,55.699,57.7937,57.3224,57.6459,57.3198,57.7117,59.0433,57.6445,55.1379,58.6762,59.0133,,
BEL,Belgium,NY.GDP.MKTP.KD.ZG,GDP growth (annual %),,,,,,,,,,,,,,,,,,,,,,,,,,,,,,,11.3726,0.6837,4.0997,-1.7128,4.8753,2.122,8.3011,1.5559,-0.7305,2.3143,-1.4463,5.3702,-1.6703,3.5636,-1.7021,2.6917,7.6009,4.3941,1.3337,3.4144,3.5375,4.674,0.0753,4.9739,-3.2685,1.9177,2.2718,5.0758,3.549,-0.0215,1.03,3.9892,3.2948,2.0446,,
BEL,Belgium,SL.UEM.TOTL.NE.ZS,"Unemployment, total (% of total labor force) (national estimate)",,,,,,,,,,,,,,,,,,,,,,,,,,,,,,,10.7872,11.3757,10.7688,10.9836,12.1126,10.3158,10.1017,11.4194,10.6883,10.8685,10.6371,10.8978,11.8269,11.4287,11.4588,10.3195,10.4521,9.6081,10.623,11.506,11.2861,10.9169,11.0165,10.6832,11.13,11.4106,10.2197,11.1775,11.4939,10.8201,11.378,12.435,10.9755,11.2243,,
BEN,Benin,EG.FEC.RNEW.ZS,Renewable energy consumption (% of total final energy consumption),,,,,,,,,,,,,,,,,,,,,,,,,,,,,,,13.0914,15.08,15.7881,15.4072,13.1281,15.7303,18.3919,16.5148,17.6915,15.4435,17.5673,16.7761,14.4657,17.1546,14.6841,15.5518,17.3462,17.712,14.8891,19.5255,18.7116,16.3081,14.7924,17.7277,17.2757,18.5438,17.7413,14.6026,17.9908,18.3063,20.3349,17.8211,22.7249,15.6943,,
BEN,Benin,EG.ELC.ACCS.ZS,Access to electricity (% of population),,,,,,,,,,,,,,,,,,,,,,,,,,,,,,,82.4098,81.4315,82.5486,82.1748,83.2726,82.301,81.982,84.2473,83.2701,83.7882,84.8487,83.2853,84.8373,84.139,84.7552,85.1687,84.1607,84.9878,86.9418,86.8199,86.3108,86.8054,86.6255,88.1962,87.2006,87.7964,88.7777,87.489,89.6079,87.3865,90.1646,88.8128,89.1668,88.0989,,
BEN,Benin,CC.EST,Control of Corruption: Estimate,,,,,,,,,,,,,,,,,,,,,,,,,,,,,,,1.2493,1.1791,1.231,1.2874,1.4189,1.3288,1.3408,1.1725,1.1982,1.5198,1.2157,1.5027,1.2748,1.3042,1.4324,1.4566,1.2906,1.2573,1.2972,1.3445,1.4109,1.3044,1.3782,1.5005,1.3497,1.3413,1.1217,0.9882,1.3505,1.2925,1.2422,1.3331,1.2967,1.4393,,
BEN,Benin,EN.ATM.PM25.MC.M3,"PM2.5 air pollution, mean annual exposure (micrograms per cubic meter)",,,,,,,,,,,,,,,,,,,,,,,,,,,,,,,52.8377,51.5082,54.0338,52.1429,53.1784,51.5924,51.2538,52.2748,52.0878,52.7083,51.5056,49.074,51.0994,52.8593,51.1425,51.139,52.9081,50.2806,48.9544,50.9476,50.3823,49.5792,50.6855,51.6058,50.7746,51.169,53.3487,50.0342,50.8861,49.6247,49.039,49.3512,49.4304,50.6078,,
BEN,Benin,NY.GDP.MKTP.KD.ZG,GDP growth (annual %),,,,,,,,,,,,,,,,,,,,,,,,,,,,,,,8.842,1.1792,1.9278,2.8115,3.9588,3.6282,6.1796,-3.0966,-2.998,1.7297,5.7126,-0.9448,-4.5497,4.3973,3.5785,0.2438,0.5055,0.545,3.2457,1.4036,4.2045,-4.1672,0.8272,0.1542,2.3285,1.6242,4.964,-1.679,3.0831,4.3652,7.611,1.7649,3.7805,-1.5403,,
BEN,Benin,SL.UEM.TOTL.NE.ZS,"Unemployment, total (% of total labor force) (national estimate)",,,,,,,,,,,,,,,,,,,,,,,,,,,,,,,10.1985,11.8169,11.3917,11.9838,10.7078,11.6545,12.3289,11.6044,11.5328,11.3988,10.6091,12.0723,11.0891,11.6468,10.613,10.8048,12.1121,11.2209,12.1212,11.3554,10.4736,11.8406,11.0996,11.7439,11.4071,10.623,11.4767,12.4926,11.641,11.3658,11.9322,11.4999,11.4993,10.8487,,
BFA,Burkina Faso,EG.FEC.RNEW.ZS,Renewable energy consumption (% of total final energy consumption),,,,,,,,,,,,,,,,,,,,,,,,,,,,,,,47.2863,49.0395,45.4465,50.1176,47.2352,45.7931,49.7139,47.295,49.5377,47.5851,48.199,49.4557,49.2004,44.7776,46.6761,50.9274,48.9544,48.3212,46.8015,47.5092,45.775,49.7661,48.9218,48.3355,50.2824,51.2966,54.905,47.8449,53.3374,53.1148,49.7604,51.8751,50.7034,52.14,,
BFA,Burkina Faso,EG.ELC.ACCS.ZS,Access to electricity (% of population),,,,,,,,,,,,,,,,,,,,,,,,,,,,,,,63.9975,63.5247,63.6971,63.1959,62.6029,63.8734,65.2555,63.3184,63.9461,65.1412,64.5024,64.9061,65.4513,64.9477,65.5109,67.1029,65.7443,65.7619,66.7861,68.1257,67.6326,67.6685,68.3257,67.1436,69.1859,69.3469,68.9627,70.3449,68.8882,70.9425,70.4138,70.2709,70.7743,70.9544,,
BFA,Burkina Faso,CC.EST,Control of Corruption: Estimate,,,,,,,,,,,,,,,,,,,,,,,,,,,,,,,-2.2265,-2.5,-2.4644,-2.2485,-2.4444,-2.2648,-2.169,-2.4211,-2.2911,-2.5,-2.2823,-2.349,-2.3161,-2.4504,-2.5,-2.3125,-2.5,-2.411,-2.26,-2.3499,-2.1391,-2.2499,-2.4514,-2.3696,-2.3786,-2.5,-2.4858,-2.4402,-2.5,-2.3672,-2.4028,-2.5,-2.3244,-2.287,,
BFA,Burkina Faso,EN.ATM.PM25.MC.M3,"PM2.5 air pollution, mean annual exposure (micrograms per cubic meter)",,,,,,,,,,,,,,,,,,,,,,,,,,,,,,,14.5113,13.6047,14.8979,14.9511,14.3119,12.5339,14.1057,15.404,12.6358,16.5977,12.5823,13.3394,12.202,13.4657,10.4374,12.1517,11.2526,13.0138,14.2224,13.6198,9.0133,15.5539,12.8537,11.166,12.4865,12.4351,11.0905,12.3076,11.0196,11.2442,10.7414,9.5418,11.8295,12.4087,,
BFA,Burkina Faso,NY.GDP.MKTP.KD.ZG,GDP growth (annual %),,,,,,,,,,,,,,,,,,,,,,,,,,,,,,,0.9286,1.6912,0.4523,-1.6904,1.7406,-3.7524,-2.6102,-2.7691,2.3416,1.9984,0.8597,2.3213,-2.5568,0.5129,-0.6715,1.7586,-0.6466,-1.3209,0.9937,1.8319,-2.0294,-0.5113,-3.0047,-6.6037,0.1426,1.1637,0.2966,-5.2325,-1.2357,-5.9044,3.0657,-3.0737,2.7799,2.0061,,
BFA,Burkina Faso,SL.UEM.TOTL.NE.ZS,"Unemployment, total (% of total labor force) (national estimate)",,,,,,,,,,,,,,,,,,,,,,,,,,,,,,,13.3687,13.2526,13.9942,13.3968,13.8702,13.5776,12.9284,12.7037,13.9323,13.5382,13.5424,14.1669,14.4057,13.6827,13.6487,14.069,13.1405,13.9306,14.0949,14.1591,12.8506,13.4383,13.3798,13.8689,14.0593,14.5673,13.5715,13.5702,14.3938,13.9673,14.4528,13.9633,13.2404,13.1524,,
BGD,Bangladesh,EG.FEC.RNEW.ZS,Renewable energy consumption (% of total final energy consumption),,,,,,,,,,,,,,,,,,,,,,,,,,,,,,,27.0455,31.6226,32.8257,34.2972,32.4347,33.2242,29.8884,28.8856,33.0486,32.3338,31.8634,32.5732,32.5948,34.6661,34.8384,33.4869,34.2401,33.7266,31.9261,34.5116,30.3595,35.4063,31.0594,34.1701,32.0582,35.0053,33.9806,31.009,35.1899,33.3426,36.4108,34.8011,35.7393,33.1833,,
BGD,Bangladesh,EG.ELC.ACCS.ZS,Access to electricity (% of population),,,,,,,,,,,,,,,,,,,,,,,,,,,,,,,67.5856,67.9402,69.2425,70.149,68.413,70.1686,67.8214,68.8517,69.2901,69.2251,69.2902,71.1375,70.8858,71.6106,72.1095,72.0196,72.5833,72.2515,71.6075,73.6533,72.5858,72.5586,73.4148,73.0768,73.7232,74.5823,74.8358,74.0888,74.6669,76.1666,75.9542,77.4671,77.0012,77.2225,,
BGD,Bangladesh,CC.EST,Control of Corruption: Estimate,,,,,,,,,,,,,,,,,,,,,,,,,,,,,,,1.8713,2.1295,2.0315,1.9717,2.058,2.1513,2.0979,1.9324,2.1269,1.9613,2.0638,2.0014,2.0116,2.1298,1.913,2.2713,1.8193,1.9661,2.0823,2.108,2.0258,2.0309,2.0871,2.0101,2.205,2.1386,2.1426,1.9219,2.0283,2.0018,1.9172,2.0811,1.9733,2.1165,,
BGD,Bangladesh,EN.ATM.PM25.MC.M3,"PM2.5 air pollution, mean annual exposure (micrograms per cubic meter)",,,,,,,,,,,,,,,,,,,,,,,,,,,,,,,24.5846,28.6884,24.6853,26.2788,27.0576,24.9339,26.9885,23.7861,27.728,25.4911,24.4952,24.8611,26.4432,24.2732,23.9458,24.6575,23.1444,27.5607,23.9002,25.9173,24.904,23.033,24.4209,25.5258,23.9874,25.9795,25.6421,25.4082,23.2604,22.2501,22.8695,24.0042,24.4485,20.2925,,
BGD,Bangladesh,NY.GDP.MKTP.KD.ZG,GDP growth (annual %),,,,,,,,,,,,,,,,,,,,,,,,,,,,,,,1.3264,1.7419,0.6529,4.5749,2.4012,4.6222,0.8068,3.6904,5.4344,4.626,-1.3836,0.7125,0.4838,2.5699,3.0626,-0.7505,1.5163,-3.7031,4.9516,0.0658,1.4864,0.5726,4.2118,-5.747,1.3052,1.0822,0.2126,5.6623,-0.8716,3.2762,2.2374,4.5005,-0.3212,-0.4857,,
BGD,Bangladesh,SL.UEM.TOTL.NE.ZS,"Unemployment, total (% of total labor force) (national estimate)",,,,,,,,,,,,,,,,,,,,,,,,,,,,,,,16.3924,16.057,15.0719,15.5747,16.0376,16.2633,15.5048,14.3872,16.106,15.2342,14.8357,14.4282,16.2514,15.9087,15.7315,16.5389,16.163,16.6525,15.148,15.8271,15.036,15.7297,15.7201,16.1577,15.8672,16.1561,16.1961,16.9218,15.6867,15.3739,15.9674,15.4432,16.5853,15.7028,,
BGR,Bulgaria,EG.FEC.RNEW.ZS,Renewable energy consumption (% of total final energy consumption),,,,,,,,,,,,,,,,,,,,,,,,,,,,,,,22.1727,22.5112,25.0407,23.4384,22.6205,27.3846,22.4915,24.425,25.8085,21.3912,25.7644,22.8436,26.7494,23.3286,26.7894,27.7655,27.4267,26.3565,25.5413,25.001,29.2459,25.0549,24.5297,28.0846,25.3116,25.1537,24.3166,26.388,27.3384,28.14,29.7065,29.0076,27.7221,27.8575,,
BGR,Bulgaria,EG.ELC.ACCS.ZS,Access to electricity (% of population),,,,,,,,,,,,,,,,,,,,,,,,,,,,,,,40.4118,41.2718,40.6047,40.3784,40.2094,40.0975,42.0367,42.2161,42.4656,42.1508,43.6292,42.3664,43.7679,43.2227,43.017,44.2277,44.3314,44.5393,44.5687,44.7234,46.9144,46.2011,46.082,45.8431,46.8094,46.6681,46.5247,46.5108,46.939,44.7174,47.6722,47.3629,49.2778,48.2692,,
BGR,Bulgaria,CC.EST,Control of Corruption: Estimate,,,,,,,,,,,,,,,,,,,,,,,,,,,,,,,-1.1939,-1.0572,-1.1768,-0.9944,-1.0163,-0.9363,-1.1461,-1.0472,-1.215,-0.9671,-0.989,-0.9917,-1.051,-1.0015,-0.8587,-1.0855,-1.0346,-1.1816,-1.1554,-1.0395,-0.9188,-1.082,-1.0796,-1.1001,-1.1154,-1.0158,-1.2309,-0.8975,-1.1311,-0.9646,-1.2036,-0.971,-0.9706,-1.0051,,
BGR,Bulgaria,EN.ATM.PM25.MC.M3,"PM2.5 air pollution, mean annual exposure (micrograms per cubic meter)",,,,,,,,,,,,,,,,,,,,,,,,,,,,,,,17.2122,18.9981,16.7692,18.0847,19.9279,19.4989,18.2466,16.6816,19.0322,18.0129,14.4233,18.9978,17.7075,19.4675,15.9409,12.7388,17.8424,17.7812,14.7278,15.7161,21.2366,16.5654,18.0402,15.8878,13.6484,16.4484,16.2254,15.944,16.2918,16.7802,16.0786,14.3278,16.8731,13.1398,,
BGR,Bulgaria,NY.GDP.MKTP.KD.ZG,GDP growth (annual %),,,,,,,,,,,,,,,,,,,,,,,,,,,,,,,-1.4423,5.5316,4.9512,3.5402,0.195,1.9139,3.0268,-0.3061,1.8361,5.3145,7.2519,2.6351,5.5749,-1.1015,5.3323,1.6738,4.452,3.0643,6.9847,1.4976,5.2527,2.9849,3.2879,3.224,1.5695,3.6484,3.527,4.2867,3.8949,5.6786,5.9924,1.0571,5.8556,0.7178,,
BGR,Bulgaria,SL.UEM.TOTL.NE.ZS,"Unemployment, total (% of total labor force) (national estimate)",,,,,,,,,,,,,,,,,,,,,,,,,,,,,,,17.032,17.0479,15.7824,16.7845,16.5038,16.3587,17.4135,16.4112,16.3349,16.7759,17.0808,16.6672,17.3212,17.0035,15.6489,16.4733,16.4571,16.9777,15.4256,18.0126,17.0036,16.8125,17.3288,17.9099,17.1734,17.2125,16.8034,16.6673,16.5001,16.325,16.3945,16.0628,16.7001,15.8957,,
BHR,Bahrain,EG.FEC.RNEW.ZS,Renewable energy consumption (% of total final energy consumption),,,,,,,,,,,,,,,,,,,,,,,,,,,,,,,56.0541,55.7496,56.2662,55.078,62.426,59.1425,54.0832,57.188,55.6563,54.9933,54.4922,58.1867,56.1095,59.558,59.7599,60.6701,56.3675,59.173,59.6372,57.5739,57.1288,62.0413,59.4273,60.3942,57.6281,56.9837,58.4334,59.4743,57.7439,60.0026,56.7953,58.0822,61.8141,61.8299,,
BHR,Bahrain,EG.ELC.ACCS.ZS,Access to electricity (% of population),,,,,,,,,,,,,,,,,,,,,,,,,,,,,,,91.3314,91.0807,91.323,92.0963,93.1606,93.6375,92.7477,92.4721,93.8592,93.2361,93.7303,95.4552,95.3066,95.0213,94.1274,95.5641,96.4951,95.5944,97.2258,97.4291,97.9759,97.1391,97.6149,98.5263,98.0029,97.494,97.7861,98.5858,97.6125,98.7803,100.0,97.6419,100.0,100.0,,
BHR,Bahrain,CC.EST,Control of Corruption: Estimate,,,,,,,,,,,,,,,,,,,,,,,,,,,,,,,1.4632,1.5836,1.5187,1.666,1.6363,1.3504,1.5888,1.4937,1.5283,1.431,1.7281,1.6432,1.4296,1.3582,1.4721,1.5705,1.5472,1.6687,1.6132,1.6347,1.5576,1.3516,1.4949,1.6456,1.5122,1.5787,1.4801,1.3948,1.5036,1.5554,1.4397,1.4901,1.4056,1.6527,,
BHR,Bahrain,EN.ATM.PM25.MC.M3,"PM2.5 air pollution, mean annual exposure (micrograms per cubic meter)",,,,,,,,,,,,,,,,,,,,,,,,,,,,,,,20.4168,22.9576,22.9916,20.4969,19.0258,17.3296,18.1704,18.2377,22.2862,20.3122,20.6429,16.6478,18.1015,21.1491,20.1686,19.4376,20.4257,21.9522,19.0869,19.4425,19.5474,22.7666,15.9494,20.0433,18.7663,19.7086,17.7924,18.625,19.6856,23.2078,19.6705,17.1064,17.6628,17.5383,,
BHR,Bahrain,NY.GDP.MKTP.KD.ZG,GDP growth (annual %),,,,,,,,,,,,,,,,,,,,,,,,,,,,,,,-0.9726,2.6913,5.3486,0.3309,6.1377,4.736,1.6809,3.1627,7.5123,5.3504,3.5385,2.9223,3.708,2.2371,-1.7454,8.622,3.9048,4.5119,3.3717,1.6787,3.0517,-0.482,9.2092,0.4302,0.9366,2.4159,6.7367,3.5528,0.4262,6.6524,5.344,4.8626,5.3059,9.5024,,
BHR,Bahrain,SL.UEM.TOTL.NE.ZS,"Unemployment, total (% of total labor force) (national estimate)",,,,,,,,,,,,,,,,,,,,,,,,,,,,,,,13.2614,11.8255,12.9808,12.3604,12.4184,11.3227,12.0836,11.7624,12.5828,12.7044,11.1316,12.1578,12.7297,12.0755,12.5333,12.3444,12.3396,12.0332,11.5605,11.6081,12.5235,12.1785,12.0996,11.9569,12.0162,12.6923,12.0012,11.4983,12.5406,12.0664,12.1845,12.9726,12.1585,12.3134,,
BHS,"Bahamas, The",EG.FEC.RNEW.ZS,Renewable energy consumption (% of total final energy consumption),,,,,,,,,,,,,,,,,,,,,,,,,,,,,,,67.2374,69.3059,71.1143,66.9345,70.5969,70.5468,70.5778,72.7195,71.4641,73.9014,69.108,71.5171,71.5641,69.4067,73.6078,76.4946,71.9612,73.1553,72.4642,71.018,68.9537,71.3337,70.1113,76.4534,72.965,72.6534,75.2735,71.4017,72.2615,74.0814,76.1528,75.2486,74.8919,74.7014,,
BHS,"Bahamas, The",EG.ELC.ACCS.ZS,Access to electricity (% of population),,,,,,,,,,,,,,,,,,,,,,,,,,,,,,,93.5661,93.6573,92.922,94.0328,93.387,94.5608,94.3614,97.0274,95.214,94.3725,95.6386,96.4114,97.5846,96.0244,95.48,97.6494,96.1415,97.147,97.5398,97.9402,98.7973,97.949,98.527,98.9845,99.3656,99.5742,100.0,100.0,100.0,100.0,99.4802,100.0,100.0,100.0,,
BHS,"Bahamas, The",CC.EST,Control of Corruption: Estimate,,,,,,,,,,,,,,,,,,,,,,,,,,,,,,,-0.9931,-0.9891,-0.9789,-0.8456,-0.7859,-0.9589,-0.801,-0.8952,-0.9249,-0.9353,-0.8204,-0.8709,-0.6369,-1.0122,-0.8478,-0.9735,-1.0143,-0.9113,-0.8935,-0.5598,-0.9321,-1.0456,-0.8772,-1.1589,-0.921,-0.9081,-0.8146,-0.7931,-0.9704,-0.9281,-1.0019,-1.0454,-0.8728,-1.0628,,
BHS,"Bahamas, The",EN.ATM.PM25.MC.M3,"PM2.5 air pollution, mean annual exposure (micrograms per cubic meter)",,,,,,,,,,,,,,,,,,,,,,,,,,,,,,,13.7325,12.7817,15.0189,16.8166,12.082,11.1749,13.6871,13.818,14.0424,12.9649,13.2535,14.0257,14.9551,10.3818,12.681,13.4751,11.6974,15.5912,11.9613,12.7725,13.5884,11.7875,9.8246,11.8714,13.9786,11.8491,11.0048,13.5829,11.6183,11.2692,12.1786,13.0305,15.367,12.9553,,
BHS,"Bahamas, The",NY.GDP.MKTP.KD.ZG,GDP growth (annual %),,,,,,,,,,,,,,,,,,,,,,,,,,,,,,,3.4253,-0.7392,-2.039,0.6815,0.7936,-2.1706,0.0875,1.524,1.4267,1.7864,1.2531,-0.7418,-0.759,-2.4717,4.9876,0.5593,-0.0364,-1.7963,7.8649,-2.1576,-0.5464,1.5653,2.0262,2.9205,5.0447,1.7911,-2.1144,-0.1167,1.2953,5.6963,-2.9688,3.5321,0.9755,2.6203,,
BHS,"Bahamas, The",SL.UEM.TOTL.NE.ZS,"Unemployment, total (% of total labor force) (national estimate)",,,,,,,,,,,,,,,,,,,,,,,,,,,,,,,10.2098,9.8396,10.6363,10.588,10.7469,10.2542,9.9609,9.4814,10.6705,10.4728,9.7779,9.9915,10.0275,9.5193,9.852,9.6939,10.0546,9.8915,9.4473,11.2721,10.8871,9.8713,10.397,10.4696,10.8564,9.8515,10.8069,9.9869,9.5929,10.6229,10.9062,11.5548,9.661,10.6103,,
BIH,Bosnia and Herzegovina,EG.FEC.RNEW.ZS,Renewable energy consumption (% of total final energy consumption),,,,,,,,,,,,,,,,,,,,,,,,,,,,,,,69.6216,72.1579,67.8002,68.3656,69.4894,71.3491,70.059,72.8093,73.695,72.9903,75.1788,72.9228,69.8074,75.1179,71.3309,74.512,75.9886,73.9046,70.1489,71.4548,76.0867,73.2529,73.9003,75.4088,75.4338,74.7488,73.9238,73.8658,76.357,75.8983,74.4266,77.2554,74.9831,73.6879,,
BIH,Bosnia and Herzegovina,EG.ELC.ACCS.ZS,Access to electricity (% of population),,,,,,,,,,,,,,,,,,,,,,,,,,,,,,,90.3403,90.4145,91.2296,92.6845,91.3034,92.3483,91.9221,92.4892,91.7395,93.0211,93.2925,94.1297,94.1261,93.2388,95.3148,94.8657,95.1062,95.1901,95.0333,95.8717,96.328,94.8,96.0165,96.4935,97.1524,98.1521,96.8301,97.2991,97.5375,97.5563,98.1697,99.3141,98.1044,99.5397,,
BIH,Bosnia and Herzegovina,CC.EST,Control of Corruption: Estimate,,,,,,,,,,,,,,,,,,,,,,,,,,,,,,,-2.5,-2.5,-2.5,-2.2643,-2.4982,-2.5,-2.5,-2.4612,-2.3916,-2.4202,-2.4451,-2.3258,-2.5,-2.3579,-2.5,-2.5,-2.5,-2.4982,-2.4708,-2.4515,-2.4578,-2.5,-2.4881,-2.5,-2.3017,-2.5,-2.5,-2.2746,-2.5,-2.5,-2.5,-2.4734,-2.4134,-2.3765,,
BIH,Bosnia and Herzegovina,EN.ATM.PM25.MC.M3,"PM2.5 air pollution, mean annual exposure (micrograms per cubic meter)",,,,,,,,,,,,,,,,,,,,,,,,,,,,,,,52.2715,44.9594,49.1666,47.3378,47.2139,47.0839,46.5704,50.3803,49.037,47.7283,49.64,45.2647,45.4575,44.1066,46.2444,47.4561,47.2878,47.2775,44.8569,48.0983,47.173,47.8331,43.8144,47.0408,44.7119,45.8175,47.1351,46.3902,44.8962,46.1029,43.7162,47.6589,45.5456,47.4513,,
BIH,Bosnia and Herzegovina,NY.GDP.MKTP.KD.ZG,GDP growth (annual %),,,,,,,,,,,,,,,,,,,,,,,,,,,,,,,0.062,0.0694,-0.5321,3.5688,-0.3952,2.9898,0.4222,-3.5616,-0.0474,-1.5694,1.4631,-1.5977,3.6933,1.1507,0.9344,3.0181,3.7881,1.3281,-0.5497,-3.0566,-0.3368,-0.1647,1.646,0.5155,3.0982,-0.1541,1.2357,4.3383,2.2329,1.2283,-0.1265,-0.2047,-0.7482,0.0258,,
BIH,Bosnia and Herzegovina,SL.UEM.TOTL.NE.ZS,"Unemployment, total (% of total labor force) (national estimate)",,,,,,,,,,,,,,,,,,,,,,,,,,,,,,,7.1537,6.6649,6.1009,7.6599,6.9358,6.0724,6.5549,6.8313,7.6281,6.2218,7.2639,7.4756,6.4615,6.6371,6.2577,6.6741,6.7575,7.1057,7.3209,6.4018,5.7922,6.7652,6.9226,6.9005,6.6125,6.8382,7.5336,6.9667,6.5891,6.5257,6.6909,7.5942,6.6842,6.7659,,
BLR,Belarus,EG.FEC.RNEW.ZS,Renewable energy consumption (% of total final energy consumption),,,,,,,,,,,,,,,,,,,,,,,,,,,,,,,13.6246,16.9372,18.8089,15.9405,15.3548,15.4128,10.7206,17.1295,16.0576,16.7959,14.6663,15.4703,15.5672,18.5825,15.9317,21.0046,17.851,14.5879,17.0321,16.1359,13.2005,20.9382,19.2955,19.1056,18.52,15.5752,17.522,20.3228,16.6868,13.8757,18.635,18.9557,19.6604,20.9963,,
BLR,Belarus,EG.ELC.ACCS.ZS,Access to electricity (% of population),,,,,,,,,,,,,,,,,,,,,,,,,,,,,,,57.4551,57.402,58.4014,56.4798,58.3487,58.6962,57.4533,57.4927,58.3482,58.6658,60.0477,59.2034,59.2599,59.7057,61.3399,60.7054,60.8016,61.107,62.4786,61.0956,62.9974,62.3634,62.3167,64.6957,62.1005,62.912,62.459,64.457,65.2963,65.5309,65.4241,64.5369,64.6528,63.8581,,
BLR,Belarus,CC.EST,Control of Corruption: Estimate,,,,,,,,,,,,,,,,,,,,,,,,,,,,,,,2.4589,2.2708,2.1555,2.3739,2.0978,2.2633,2.1938,2.2912,2.2069,2.0404,2.2236,2.3404,2.211,2.3076,2.0891,2.2114,2.1396,2.3042,2.2183,2.2974,2.3451,2.2975,2.2473,2.0948,2.2142,2.1506,2.1733,2.1696,2.097,1.9797,2.1344,2.2378,2.0528,2.2164,,
BLR,Belarus,EN.ATM.PM25.MC.M3,"PM2.5 air pollution, mean annual exposure (micrograms per cubic meter)",,,,,,,,,,,,,,,,,,,,,,,,,,,,,,,35.3227,33.9268,34.7776,32.8189,33.9035,30.9863,31.0257,27.8035,33.6115,34.0627,30.8425,31.2113,30.3815,32.0062,33.0396,28.6581,31.8064,30.6972,31.2023,31.6407,30.5899,30.6369,30.3914,32.0877,31.1804,30.8031,28.4858,29.7444,31.5803,30.2088,31.0615,32.642,31.4702,29.972,,
BLR,Belarus,NY.GDP.MKTP.KD.ZG,GDP growth (annual %),,,,,,,,,,,,,,,,,,,,,,,,,,,,,,,0.5571,-4.5493,1.4136,1.0195,2.8105,1.4498,1.0336,-2.6139,-0.5154,3.0262,6.1243,1.5907,2.6541,4.2158,-0.1927,2.7516,-0.0167,3.9966,2.2131,2.5807,-0.1219,3.6021,7.0463,-0.6852,0.9852,2.4136,3.8006,0.4357,-5.248,5.2325,3.7358,-2.5228,0.3156,5.755,,
BLR,Belarus,SL.UEM.TOTL.NE.ZS,"Unemployment, total (% of total labor force) (national estimate)",,,,,,,,,,,,,,,,,,,,,,,,,,,,,,,15.6752,15.4206,14.8633,14.9928,14.8859,15.5154,14.5134,14.5484,15.4565,14.9291,15.6406,14.6156,14.9239,14.4901,14.955,14.212,14.7075,14.2332,15.2983,15.3096,14.0862,15.6183,16.2,14.9743,14.6308,16.3635,14.2918,14.9614,15.0411,15.6239,15.1312,14.702,14.4757,14.7804,,
BLZ,Belize,EG.FEC.RNEW.ZS,Renewable energy consumption (% of total final energy consumption),,,,,,,,,,,,,,,,,,,,,,,,,,,,,,,32.0765,34.336,33.262,31.5523,37.2007,33.845,32.4541,34.8038,35.4271,31.9474,36.2537,33.6461,39.3124,37.0883,35.3906,34.85,36.2804,37.8659,36.7394,36.5061,37.2071,36.0327,36.704,33.3688,39.6378,38.438,36.4435,41.9378,38.4644,36.3681,40.3038,39.5365,39.6795,38.1889,,
BLZ,Belize,EG.ELC.ACCS.ZS,Access to electricity (% of population),,,,,,,,,,,,,,,,,,,,,,,,,,,,,,,98.5262,98.2064,99.1106,97.3919,98.8187,100.0,99.0522,99.4328,99.8075,99.444,98.8992,100.0,100.0,100.0,100.0,100.0,100.0,100.0,100.0,100.0,100.0,100.0,100.0,100.0,100.0,100.0,100.0,100.0,100.0,100.0,100.0,100.0,100.0,100.0,,
BLZ,Belize,CC.EST,Control of Corruption: Estimate,,,,,,,,,,,,,,,,,,,,,,,,,,,,,,,2.3068,2.1643,2.4792,2.1495,2.2887,2.1872,2.3807,2.2725,2.25,2.4146,2.3158,2.3742,2.1945,2.1437,2.3251,2.274,2.3874,2.3026,2.3368,2.1174,2.5,2.2925,2.3959,2.2119,2.3492,2.1559,2.3665,2.2695,2.3157,2.396,2.1643,2.2301,2.3671,2.5,,
BLZ,Belize,EN.ATM.PM25.MC.M3,"PM2.5 air pollution, mean annual exposure (micrograms per cubic meter)",,,,,,,,,,,,,,,,,,,,,,,,,,,,,,,26.1944,27.2082,26.081,29.0749,23.4607,26.1434,23.4832,22.0816,26.2077,25.8907,25.1742,25.3622,30.0889,24.9742,26.0467,24.2274,25.5643,24.6841,24.3457,27.6098,26.5673,24.9266,21.1852,24.02,28.536,24.0555,25.9763,26.4044,24.4899,22.8188,20.3485,24.9477,22.6194,24.0257,,
BLZ,Belize,NY.GDP.MKTP.KD.ZG,GDP growth (annual %),,,,,,,,,,,,,,,,,,,,,,,,,,,,,,,-1.3869,1.0745,1.8219,2.4091,-1.0494,4.7299,0.2454,-2.4486,1.4651,1.8236,2.1391,5.1429,1.1465,1.4386,-1.0203,3.789,2.1984,0.6875,-3.0241,5.3486,-1.3316,0.2594,2.6335,-1.2538,-1.9962,-3.5723,3.5401,0.3747,9.0558,-0.7483,-0.566,0.3241,2.3455,0.5621,,
BLZ,Belize,SL.UEM.TOTL.NE.ZS,"Unemployment, total (% of total labor force) (national estimate)",,,,,,,,,,,,,,,,,,,,,,,,,,,,,,,8.4211,7.6256,7.4241,7.2158,7.0031,7.8559,7.9644,7.7992,8.7366,8.7289,7.9475,7.218,7.8316,7.815,7.7864,7.7661,7.7882,7.9217,7.7972,8.2191,8.2951,7.6596,8.7505,7.6249,7.306,8.3053,7.7062,8.2756,6.9131,8.8112,8.4511,7.3647,7.3755,8.9511,,
BMU,Bermuda,EG.FEC.RNEW.ZS,Renewable energy consumption (% of total final energy consumption),,,,,,,,,,,,,,,,,,,,,,,,,,,,,,,26.3125,26.2689,23.5551,27.5357,27.9318,29.9682,25.8891,25.7967,29.8892,31.1507,26.1449,31.6003,29.6623,31.9209,29.7468,24.9927,29.8833,32.4575,28.6997,29.8613,30.435,25.1382,34.4299,29.4345,32.3987,31.3638,34.2025,32.6494,31.5174,30.3502,33.8829,28.6904,33.879,30.5392,,
BMU,Bermuda,EG.ELC.ACCS.ZS,Access to electricity (% of population),,,,,,,,,,,,,,,,,,,,,,,,,,,,,,,38.3995,37.7767,38.413,38.2132,36.9957,37.9591,39.4356,39.281,40.3424,39.9703,39.1243,39.5108,40.48,38.7964,42.2364,41.501,42.3793,40.3832,42.8933,43.9329,41.3409,43.2648,42.8985,41.9121,43.792,44.3145,43.4168,45.0804,43.0642,43.4518,45.0069,45.168,44.8244,46.2953,,
BMU,Bermuda,CC.EST,Control of Corruption: Estimate,,,,,,,,,,,,,,,,,,,,,,,,,,,,,,,0.6115,0.6508,0.533,0.6201,0.4943,0.7943,0.4503,0.8005,0.552,0.3828,0.712,0.5629,0.65,0.6947,0.5884,0.4768,0.6649,0.5479,0.6301,0.2894,0.6015,0.4712,0.7462,0.6226,0.5766,0.6062,0.428,0.7426,0.7868,0.595,0.7387,0.4795,0.4522,0.5527,,
BMU,Bermuda,EN.ATM.PM25.MC.M3,"PM2.5 air pollution, mean annual exposure (micrograms per cubic meter)",,,,,,,,,,,,,,,,,,,,,,,,,,,,,,,48.3801,47.0567,48.3744,47.9473,45.9103,48.1059,48.543,47.4249,48.8167,45.1816,47.6296,45.0923,45.0966,45.7413,45.1946,45.7057,46.1265,47.6234,45.806,43.8293,47.8378,44.7921,45.8796,46.5575,46.1071,47.369,46.3662,44.2758,48.7556,45.6992,45.1067,46.6936,45.5419,45.6866,,
BMU,Bermuda,NY.GDP.MKTP.KD.ZG,GDP growth (annual %),,,,,,,,,,,,,,,,,,,,,,,,,,,,,,,5.9621,-0.9561,-1.0627,0.0231,2.4104,-4.0347,-5.1822,-1.7361,-4.3532,-1.3304,0.9879,-2.4952,-3.8354,-0.095,1.888,-4.5058,1.7822,1.7749,2.1169,2.7779,5.2367,-1.1586,0.0056,-1.3094,-0.2634,3.5638,-3.6309,-2.421,3.1746,2.2817,-1.1762,1.8677,0.5847,3.4823,,
BMU,Bermuda,SL.UEM.TOTL.NE.ZS,"Unemployment, total (% of total labor force) (national estimate)",,,,,,,,,,,,,,,,,,,,,,,,,,,,,,,7.7742,8.2498,9.058,8.036,7.7617,8.0982,7.5543,8.931,7.827,7.6005,7.3191,8.2856,8.1706,7.4883,8.0252,6.9827,7.8295,7.9634,8.5907,7.3516,7.0978,7.2893,7.0687,8.4053,8.5113,7.8971,8.3476,7.804,7.6894,7.5705,7.5818,6.9631,7.8691,7.7168,,
BOL,Bolivia,EG.FEC.RNEW.ZS,Renewable energy consumption (% of total final energy consumption),,,,,,,,,,,,,,,,,,,,,,,,,,,,,,,79.152,77.9983,77.6359,76.3689,78.4056,79.8877,76.2746,78.8862,79.3274,77.5751,77.9856,79.7725,77.1944,80.3111,77.9706,82.037,84.7369,78.4898,81.4297,79.0578,82.7432,78.2808,81.9224,79.3653,80.8473,79.3492,83.206,80.0373,82.9652,81.3231,81.9323,82.6068,80.9376,83.032,,
BOL,Bolivia,EG.ELC.ACCS.ZS,Access to electricity (% of population),,,,,,,,,,,,,,,,,,,,,,,,,,,,,,,51.7958,50.199,52.009,52.52,50.9186,50.6575,52.3131,51.8836,54.0664,52.8494,52.4298,52.4038,54.4434,53.3646,54.1066,55.0862,54.1841,54.7848,55.0583,55.8682,56.0441,55.6454,56.1224,56.0241,55.3894,57.0276,58.5853,56.6145,56.9531,57.1249,58.6512,58.6803,58.4447,58.0871,,
BOL,Bolivia,CC.EST,Control of Corruption: Estimate,,,,,,,,,,,,,,,,,,,,,,,,,,,,,,,-1.7644,-1.9633,-1.7583,-1.6709,-1.9257,-1.9594,-1.586,-1.8489,-1.6392,-1.794,-1.795,-1.7229,-1.8816,-1.7596,-1.8213,-1.934,-1.735,-1.8071,-1.7944,-1.9207,-1.5846,-1.6703,-1.6598,-1.8122,-1.983,-1.5412,-1.7829,-1.8654,-1.7255,-1.6355,-1.7783,-1.6221,-1.6456,-1.9047,,
BOL,Bolivia,EN.ATM.PM25.MC.M3,"PM2.5 air pollution, mean annual exposure (micrograms per cubic meter)",,,,,,,,,,,,,,,,,,,,,,,,,,,,,,,45.5928,47.9598,42.3746,46.1393,44.1372,45.4887,45.6753,45.5061,45.1351,44.2378,49.2414,48.5247,43.9004,47.9367,44.8843,45.5973,45.2286,44.2539,46.6393,45.2723,44.2887,42.9666,43.5031,42.3014,44.7018,42.8085,44.1251,46.4986,46.1624,44.2351,44.0729,46.9433,44.8246,43.4718,,
BOL,Bolivia,NY.GDP.MKTP.KD.ZG,GDP growth (annual %),,,,,,,,,,,,,,,,,,,,,,,,,,,,,,,0.3704,4.9201,6.0087,2.3563,4.6634,3.0265,3.4753,-2.2841,3.381,6.3589,2.3569,4.0667,2.0456,4.8365,3.3941,1.5873,7.2668,6.2578,2.4232,5.1799,5.279,5.5412,-0.3002,6.4519,2.5112,3.0409,10.5301,4.6901,2.9696,-1.5778,7.4098,0.5724,1.4268,3.107,,
BOL,Bolivia,SL.UEM.TOTL.NE.ZS,"Unemployment, total (% of total labor force) (national estimate)",,,,,,,,,,,,,,,,,,,,,,,,,,,,,,,7.8231,7.5016,7.036,7.2691,6.8147,7.1848,7.1516,7.5993,7.5985,7.3619,6.9338,7.4859,7.069,6.574,6.9133,7.1572,7.57,7.0232,6.5103,7.1433,7.1717,7.2079,7.5749,7.6244,6.8178,6.8069,6.5948,7.4643,7.8393,6.9574,6.9942,7.8483,7.3677,7.3331,,
BRA,Brazil,EG.FEC.RNEW.ZS,Renewable energy consumption (% of total final energy consumption),,,,,,,,,,,,,,,,,,,,,,,,,,,,,,,56.389,60.2783,57.2126,56.9528,58.6773,58.3493,59.2276,56.9389,61.8885,62.3762,56.3762,62.3778,58.9498,62.4348,60.734,61.0784,60.8006,63.7451,58.9917,62.8365,63.9735,63.3535,66.7202,61.163,64.2855,62.3087,65.1377,62.8055,62.1951,65.733,62.2877,60.5954,62.5372,64.9589,,
BRA,Brazil,EG.ELC.ACCS.ZS,Access to electricity (% of population),,,,,,,,,,,,,,,,,,,,,,,,,,,,,,,85.6189,84.8442,86.0598,84.1687,85.1507,85.5244,85.9136,86.3226,87.058,86.3994,87.1165,87.2192,86.7646,87.6643,87.8903,88.1232,88.5307,88.8158,88.6594,90.2734,88.5697,89.1785,92.2292,89.4249,89.4223,91.3429,89.3436,91.0671,93.2219,90.5193,90.4197,91.0559,93.224,93.6551,,
BRA,Brazil,CC.EST,Control of Corruption: Estimate,,,,,,,,,,,,,,,,,,,,,,,,,,,,,,,-1.3733,-1.2298,-1.145,-1.0973,-1.3414,-1.588,-1.4103,-1.363,-1.3429,-1.3344,-1.1775,-1.1589,-1.3324,-1.18,-1.2689,-1.3041,-1.203,-1.3031,-1.0649,-1.4844,-1.3736,-1.327,-1.2591,-1.1597,-1.3147,-1.4825,-1.2107,-1.2212,-1.5448,-1.3123,-1.5026,-1.3916,-1.4201,-1.2147,,
BRA,Brazil,EN.ATM.PM25.MC.M3,"PM2.5 air pollution, mean annual exposure (micrograms per cubic meter)",,,,,,,,,,,,,,,,,,,,,,,,,,,,,,,67.0736,64.89,68.0585,64.5077,67.0736,65.2774,65.8699,67.0948,67.0406,68.1838,65.975,66.4781,65.2818,66.1314,66.4376,65.5509,62.9128,66.0356,66.0052,64.3581,63.3718,67.4322,65.8756,64.7148,63.2728,63.6657,66.7723,64.9449,63.8325,65.3429,63.2768,66.6697,66.3676,63.5585,,
BRA,Brazil,NY.GDP.MKTP.KD.ZG,GDP growth (annual %),,,,,,,,,,,,,,,,,,,,,,,,,,,,,,,-0.4167,-5.3903,-2.5489,-2.1937,1.493,0.3394,-2.2083,0.4521,2.4184,2.4746,-3.5942,0.8344,-2.3033,3.4093,3.1154,-1.09,-0.7601,0.0019,-4.477,1.9949,0.4729,3.5805,-1.591,-0.3928,-2.6113,-1.3557,-1.7999,3.645,-0.5906,1.4655,0.2031,-2.0186,0.7343,2.6528,,
BRA,Brazil,SL.UEM.TOTL.NE.ZS,"Unemployment, total (% of total labor force) (national estimate)",,,,,,,,,,,,,,,,,,,,,,,,,,,,,,,13.1453,14.1538,13.3243,13.5077,14.0145,13.4175,13.768,13.5919,13.8139,12.5588,12.8344,14.0572,14.2678,13.294,13.6272,13.8966,14.0958,12.7354,13.3062,13.5829,14.1008,14.9984,13.6352,13.0457,13.9503,14.4097,13.8032,13.2959,14.2282,14.081,13.2362,13.9399,14.2478,14.3401,,
BRB,Barbados,EG.FEC.RNEW.ZS,Renewable energy consumption (% of total final energy consumption),,,,,,,,,,,,,,,,,,,,,,,,,,,,,,,55.5495,55.1162,58.4369,53.7121,57.1595,53.6923,58.7131,56.2163,59.4195,58.0152,54.7359,60.1816,60.5849,59.3969,56.2592,57.3203,58.3732,56.825,61.7671,58.821,53.2757,59.5111,58.2861,58.9825,58.5451,61.0465,61.8218,60.2985,59.2038,59.9497,60.2216,58.7275,61.6402,61.5525,,
BRB,Barbados,EG.ELC.ACCS.ZS,Access to electricity (% of population),,,,,,,,,,,,,,,,,,,,,,,,,,,,,,,71.0577,71.0796,69.7768,71.2316,70.0646,71.6321,70.9121,70.7568,72.0494,69.9357,70.9246,72.4334,72.8913,72.7799,72.0618,72.921,74.1383,74.5408,74.3124,75.5008,75.1433,74.4774,75.101,74.4531,75.7388,76.965,76.8736,77.697,76.583,78.1522,77.1707,78.7526,77.8079,78.6411,,
BRB,Barbados,CC.EST,Control of Corruption: Estimate,,,,,,,,,,,,,,,,,,,,,,,,,,,,,,,-1.8715,-2.0718,-2.0223,-1.8939,-2.0645,-2.2071,-1.7914,-2.1049,-2.0295,-1.9098,-2.1216,-2.1695,-2.0181,-2.2637,-2.0831,-2.0191,-2.0809,-2.2338,-1.8572,-2.0361,-1.8768,-2.0798,-2.1542,-2.0162,-2.0744,-2.1899,-1.8722,-2.1232,-2.2694,-1.8892,-2.1091,-2.1215,-2.2604,-1.8396,,
BRB,Barbados,EN.ATM.PM25.MC.M3,"PM2.5 air pollution, mean annual exposure (micrograms per cubic meter)",,,,,,,,,,,,,,,,,,,,,,,,,,,,,,,74.0665,76.0084,77.2096,76.3933,75.5912,73.0482,74.3061,75.7224,74.18,75.5858,76.2233,76.5645,73.2014,78.2557,76.0319,74.7981,76.355,78.1888,72.4026,74.1428,70.8331,74.6097,74.7888,74.102,73.0989,70.9264,74.481,76.0239,72.8742,74.3408,71.2485,74.2065,72.8506,72.2171,,
BRB,Barbados,NY.GDP.MKTP.KD.ZG,GDP growth (annual %),,,,,,,,,,,,,,,,,,,,,,,,,,,,,,,-0.9574,-0.0405,1.8996,-2.3369,-0.0493,0.8398,-1.8041,5.4352,-1.1902,-0.7301,-1.5023,5.4397,2.3258,-1.398,3.7091,1.4453,1.5866,0.0823,-0.93,1.7879,-0.4192,5.4854,-2.2297,4.7839,0.6652,1.6912,3.0264,-0.6321,3.1041,-5.8253,-0.8565,-1.3666,-2.1903,0.4061,,
BRB,Barbados,SL.UEM.TOTL.NE.ZS,"Unemployment, total (% of total labor force) (national estimate)",,,,,,,,,,,,,,,,,,,,,,,,,,,,,,,6.3637,6.5221,6.2913,5.838,6.3553,6.233,6.6388,6.5593,6.1861,5.7222,5.8443,5.8959,6.0132,6.3048,6.5284,6.1453,6.1789,6.2425,5.9129,5.7081,5.2931,5.8232,6.4074,5.8194,6.0519,6.404,6.4312,5.631,6.6693,6.7345,5.6059,5.7589,6.7664,6.0974,,
BRN,Brunei Darussalam,EG.FEC.RNEW.ZS,Renewable energy consumption (% of total final energy consumption),,,,,,,,,,,,,,,,,,,,,,,,,,,,,,,3.8225,5.6126,8.0633,6.3859,8.0352,9.0768,12.0865,8.7311,11.6071,12.4695,12.6306,10.4815,6.1354,11.1337,12.4588,10.3499,14.1512,12.5317,12.0986,13.2848,11.9288,6.4264,10.5637,14.1063,10.2468,11.5651,10.0723,15.8799,15.825,10.8443,13.0566,11.551,14.2919,14.2314,,
BRN,Brunei Darussalam,EG.ELC.ACCS.ZS,Access to electricity (% of population),,,,,,,,,,,,,,,,,,,,,,,,,,,,,,,74.0574,73.9236,76.2564,73.3357,73.0396,74.3436,73.6537,73.9641,74.607,74.9203,75.1443,76.5726,76.0031,76.5144,77.6234,76.545,77.1964,77.9506,76.3548,76.2501,78.6849,79.0517,80.5594,79.2845,80.0638,79.5017,80.1458,81.4918,78.7088,80.9889,82.6165,81.3837,82.7285,81.1547,,
BRN,Brunei Darussalam,CC.EST,Control of Corruption: Estimate,,,,,,,,,,,,,,,,,,,,,,,,,,,,,,,0.884,0.8918,0.6217,0.7476,0.7562,0.9865,0.9925,0.9267,0.9867,0.8681,1.0321,0.8889,0.8948,0.856,0.97,0.8373,1.005,0.752,0.756,0.9703,0.8772,0.8334,0.9946,0.815,0.8638,1.0557,1.0725,1.0765,0.854,1.0355,0.7739,0.779,0.6058,1.0886,,
BRN,Brunei Darussalam,EN.ATM.PM25.MC.M3,"PM2.5 air pollution, mean annual exposure (micrograms per cubic meter)",,,,,,,,,,,,,,,,,,,,,,,,,,,,,,,5.114,6.1402,4.8845,7.2127,5.5265,4.0527,6.5925,3.6994,4.5139,2.5296,3.474,5.7978,2.5032,3.1482,5.2864,4.3946,8.118,7.8008,3.6681,5.7257,5.9339,3.8337,2.4067,4.5515,4.2307,3.7563,4.9934,3.1239,2.442,4.2536,4.5889,2.165,5.2421,2.0,,
BRN,Brunei Darussalam,NY.GDP.MKTP.KD.ZG,GDP growth (annual %),,,,,,,,,,,,,,,,,,,,,,,,,,,,,,,0.3591,1.1594,0.2139,0.3918,6.4821,-0.3228,7.9075,2.8972,2.0346,2.995,8.1292,-0.6796,-0.9966,-0.0827,1.8848,-2.51,1.8603,6.0383,2.1829,1.0727,0.259,4.0507,-0.2602,6.4204,6.6378,2.4463,1.7756,4.3811,4.5414,-0.2106,0.488,-1.5014,2.8271,3.471,,
BRN,Brunei Darussalam,SL.UEM.TOTL.NE.ZS,"Unemployment, total (% of total labor force) (national estimate)",,,,,,,,,,,,,,,,,,,,,,,,,,,,,,,6.1755,6.6228,6.1768,6.401,7.1259,6.4837,6.7,6.0368,6.9439,6.8283,6.4859,6.7559,6.9406,6.443,6.1123,7.7532,6.5338,6.802,7.3558,8.615,6.2282,7.0753,6.4967,6.581,6.4903,6.2876,6.8298,6.1132,7.3238,6.8779,7.0616,6.6173,6.6668,6.9942,,
BTN,Bhutan,EG.FEC.RNEW.ZS,Renewable energy consumption (% of total final energy consumption),,,,,,,,,,,,,,,,,,,,,,,,,,,,,,,54.2857,56.0478,55.1946,55.2827,52.9941,60.0425,56.1407,59.9906,59.9514,55.3918,55.937,63.3848,61.9157,58.5008,59.2286,57.6021,59.8785,57.7295,55.2491,56.8207,59.656,57.5017,59.7793,57.9145,58.6491,62.0702,61.0088,60.6445,62.5718,61.925,64.0069,60.3441,60.5546,58.9616,,
BTN,Bhutan,EG.ELC.ACCS.ZS,Access to electricity (% of population),,,,,,,,,,,,,,,,,,,,,,,,,,,,,,,45.9906,47.3556,47.8738,47.8521,45.8985,48.4503,46.363,48.8023,48.0396,49.1458,47.7679,50.0208,48.1618,49.0491,49.0353,48.6804,50.4094,52.0287,52.9673,51.1615,52.2272,51.7695,52.2329,51.8101,52.4899,53.0138,52.3711,53.0218,53.2871,54.2449,52.981,54.0426,55.8634,55.5151,,
BTN,Bhutan,CC.EST,Control of Corruption: Estimate,,,,,,,,,,,,,,,,,,,,,,,,,,,,,,,1.1166,0.9576,0.9932,1.075,1.1419,0.7205,0.7968,1.1118,0.9215,0.8741,0.8042,0.8881,0.7864,1.2056,0.952,0.9477,1.0253,1.0702,1.0682,1.0835,0.879,0.9189,1.047,0.8914,0.9541,1.0025,1.0489,0.7414,1.0405,0.9266,1.0396,1.0479,1.1476,1.1171,,
BTN,Bhutan,EN.ATM.PM25.MC.M3,"PM2.5 air pollution, mean annual exposure (micrograms per cubic meter)",,,,,,,,,,,,,,,,,,,,,,,,,,,,,,,39.8924,39.958,38.1496,37.6808,38.8617,38.5706,36.9289,37.9197,37.1799,35.8716,39.0082,37.0753,39.9856,34.3943,35.9173,36.7215,38.2986,37.1117,36.8982,34.6616,34.5371,36.6763,34.0663,35.2347,36.7039,34.399,38.2005,37.5484,33.2754,34.1539,32.0438,34.2186,36.4621,34.6117,,
BTN,Bhutan,NY.GDP.MKTP.KD.ZG,GDP growth (annual %),,,,,,,,,,,,,,,,,,,,,,,,,,,,,,,4.8673,-0.0906,5.7102,2.3275,3.7457,3.4831,0.5364,0.8326,6.1348,4.7128,6.3404,4.5269,4.0728,-0.5997,3.0394,3.6468,8.5981,5.4327,7.5554,5.2091,1.937,4.0081,4.3058,1.3674,2.7543,3.2009,7.7293,-1.4866,6.7298,1.3733,0.2851,6.6651,5.545,6.8516,,
BTN,Bhutan,SL.UEM.TOTL.NE.ZS,"Unemployment, total (% of total labor force) (national estimate)",,,,,,,,,,,,,,,,,,,,,,,,,,,,,,,5.7382,6.3678,5.6172,5.2596,5.5093,5.9596,4.9482,5.0119,5.1834,4.2856,5.4069,4.3948,5.3644,5.7705,5.0994,6.1764,4.6076,5.9335,5.6754,4.4798,6.6933,5.306,4.8991,4.6343,5.2278,5.2742,5.3892,5.189,5.6545,5.144,4.3704,5.2632,4.1541,5.5147,,
BWA,Botswana,EG.FEC.RNEW.ZS,Renewable energy consumption (% of total final energy consumption),,,,,,,,,,,,,,,,,,,,,,,,,,,,,,,30.3267,32.762,35.2135,30.8378,35.0078,32.1685,36.6917,32.605,31.8043,35.0098,32.9137,32.2524,33.1296,34.1461,37.0697,30.6671,34.7315,36.0851,35.3722,37.755,35.1366,35.0662,36.77,35.9339,35.1045,37.0676,34.8803,35.113,35.4293,39.3414,30.3433,37.7265,37.1539,33.8736,,
BWA,Botswana,EG.ELC.ACCS.ZS,Access to electricity (% of population),,,,,,,,,,,,,,,,,,,,,,,,,,,,,,,42.6236,43.0064,43.3475,41.0043,44.4689,43.0356,44.425,44.7186,43.6744,45.1541,44.5674,43.4687,46.31,45.0057,45.1922,45.8033,46.5936,46.58,47.3142,46.0542,46.7819,47.533,49.3941,48.0347,49.244,48.6566,48.4889,48.9284,49.241,50.1087,50.9755,50.4135,51.3254,49.8539,,
BWA,Botswana,CC.EST,Control of Corruption: Estimate,,,,,,,,,,,,,,,,,,,,,,,,,,,,,,,2.0737,2.0366,2.1612,2.0804,2.211,2.0117,2.1286,2.2059,1.8756,2.3781,2.0895,1.8805,2.1424,2.1275,2.1136,2.2424,2.2132,2.1592,2.1775,2.1109,2.3365,1.946,2.1402,2.1313,2.2211,2.0222,1.9142,2.1423,2.1572,2.3022,1.971,2.262,2.4076,2.0781,,
BWA,Botswana,EN.ATM.PM25.MC.M3,"PM2.5 air pollution, mean annual exposure (micrograms per cubic meter)",,,,,,,,,,,,,,,,,,,,,,,,,,,,,,,77.6374,78.8834,79.4349,80.1795,78.3668,81.5066,77.422,76.405,80.5939,75.4419,78.4677,83.3704,78.5958,76.8527,78.3677,78.2976,78.5348,79.2072,76.5752,80.5852,78.3415,78.984,76.8716,79.6634,77.2683,77.9902,76.0942,75.9184,78.3662,76.5884,75.8931,76.1291,78.0623,75.9903,,
BWA,Botswana,NY.GDP.MKTP.KD.ZG,GDP growth (annual %),,,,,,,,,,,,,,,,,,,,,,,,,,,,,,,0.3666,0.6983,-4.1326,-3.0171,1.5014,-1.1818,3.3025,3.0778,2.4587,5.2102,0.453,2.2829,-0.8003,6.7917,5.6198,0.6904,1.6272,4.059,0.2929,-0.9808,2.8457,0.8568,1.1182,-1.4249,-3.6334,1.2511,2.9231,0.0962,4.2518,-1.0991,-1.976,0.4927,0.4543,2.5857,,
BWA,Botswana,SL.UEM.TOTL.NE.ZS,"Unemployment, total (% of total labor force) (national estimate)",,,,,,,,,,,,,,,,,,,,,,,,,,,,,,,13.8322,14.9038,15.2032,14.2002,14.8446,13.6915,14.7573,14.7434,14.6514,14.2119,12.7426,13.8989,13.9068,13.7306,14.2809,14.0102,13.8074,13.6903,13.862,14.7805,13.8892,13.9623,13.9914,14.3892,14.4479,12.6974,14.7305,14.9379,13.6946,13.7336,13.9946,13.8417,14.3317,13.2465,,
CAF,Central African Republic,EG.FEC.RNEW.ZS,Renewable energy consumption (% of total final energy consumption),,,,,,,,,,,,,,,,,,,,,,,,,,,,,,,68.1419,73.6062,68.8213,73.3146,71.6885,67.5092,72.5484,71.1924,70.6668,72.2177,72.827,73.443,74.5343,73.144,69.7265,71.6805,78.6639,74.3768,77.8164,76.0186,73.8614,74.1306,73.6046,70.3522,74.0139,76.5491,73.0785,75.2517,76.281,72.9084,73.9752,72.992,73.5334,72.7526,,
CAF,Central African Republic,EG.ELC.ACCS.ZS,Access to electricity (% of population),,,,,,,,,,,,,,,,,,,,,,,,,,,,,,,70.3677,72.4736,70.8557,71.9392,71.6858,73.2811,73.637,73.5293,73.333,73.1532,72.6346,75.3929,73.4803,74.869,75.4357,74.3938,75.9185,75.9494,76.9704,75.4626,75.0594,75.9337,76.7551,76.8846,76.7733,75.8107,77.9644,79.4159,78.4595,78.8254,79.046,79.1557,79.8334,79.6544,,
CAF,Central African Republic,CC.EST,Control of Corruption: Estimate,,,,,,,,,,,,,,,,,,,,,,,,,,,,,,,0.1107,0.0527,0.1184,0.1859,0.1103,0.186,0.201,0.2482,0.3022,0.1576,-0.0087,0.1068,0.1535,-0.072,0.3149,0.1653,0.194,0.3121,0.0726,0.2171,0.1351,0.1262,0.0556,0.3481,0.1032,0.2322,-0.0767,0.2899,0.2745,0.1599,0.121,0.1963,0.4229,-0.0633,,
CAF,Central African Republic,EN.ATM.PM25.MC.M3,"PM2.5 air pollution, mean annual exposure (micrograms per cubic meter)",,,,,,,,,,,,,,,,,,,,,,,,,,,,,,,26.7305,24.11,25.3676,24.9456,24.595,25.1417,23.3762,26.5412,22.2262,25.6471,24.2676,22.9211,24.901,22.182,24.497,22.2231,24.9694,22.8109,23.441,24.4784,22.7986,23.7905,21.5267,24.6638,26.2848,27.7458,23.6142,24.5798,20.6465,25.4915,24.3218,22.3515,24.8532,22.5357,,
CAF,Central African Republic,NY.GDP.MKTP.KD.ZG,GDP growth (annual %),,,,,,,,,,,,,,,,,,,,,,,,,,,,,,,-1.2261,1.1073,-2.7394,2.473,-2.721,-2.7062,-2.3553,1.8177,-1.623,-3.451,-1.5952,-0.1611,-3.0335,-2.9602,5.1972,-2.2325,-0.8886,-0.9991,-1.1344,1.4723,2.2893,-0.8459,-3.1722,3.1051,-0.3194,4.2448,-5.695,0.4075,4.7155,-0.9642,-0.6448,0.6577,-1.478,-0.8612,,
CAF,Central African Republic,SL.UEM.TOTL.NE.ZS,"Unemployment, total (% of total labor force) (national estimate)",,,,,,,,,,,,,,,,,,,,,,,,,,,,,,,18.0838,17.939,18.8671,18.4832,18.378,18.657,18.1205,17.8656,17.9514,18.2536,17.7231,18.0025,17.9946,19.3149,16.8658,18.1629,19.1155,18.3136,18.6294,18.3026,17.919,17.1317,18.3554,17.8649,17.8525,18.0032,19.1251,19.4551,18.3613,18.0203,17.6641,18.4869,19.1441,18.129,,
CAN,Canada,EG.FEC.RNEW.ZS,Renewable energy consumption (% of total final energy consumption),,,,,,,,,,,,,,,,,,,,,,,,,,,,,,,72.2755,78.5235,79.3042,74.3118,77.9864,78.6859,77.7872,76.5019,80.2653,77.5767,75.5631,74.5845,81.3551,80.2168,79.3094,78.4029,78.3754,77.432,78.8705,75.6433,78.5613,79.5616,81.5532,80.4036,82.2233,83.4817,83.0498,82.0245,81.2572,79.4219,83.0133,85.0429,82.5177,85.818,,
CAN,Canada,EG.ELC.ACCS.ZS,Access to electricity (% of population),,,,,,,,,,,,,,,,,,,,,,,,,,,,,,,74.9311,75.4783,77.3358,77.113,78.2026,77.3892,76.9572,77.7307,76.9254,77.4987,79.4295,79.5998,79.442,78.0247,79.3649,78.9216,81.0928,79.9346,79.783,80.9254,80.6395,82.5886,81.0637,80.7822,80.4293,82.377,82.2021,81.7585,84.103,83.9354,83.629,84.9931,84.6816,83.7433,,
CAN,Canada,CC.EST,Control of Corruption: Estimate,,,,,,,,,,,,,,,,,,,,,,,,,,,,,,,-0.9296,-0.7067,-0.7573,-0.7845,-0.9064,-0.7319,-0.8955,-0.8171,-0.6312,-0.8842,-0.9936,-0.9312,-0.6855,-0.7743,-0.8203,-0.8659,-0.7466,-0.9067,-0.7682,-0.8926,-0.9126,-0.8813,-0.8499,-0.8107,-0.7766,-1.2475,-0.9018,-0.8518,-0.6242,-0.9345,-0.7853,-0.6254,-0.9624,-0.7576,,
CAN,Canada,EN.ATM.PM25.MC.M3,"PM2.5 air pollution, mean annual exposure (micrograms per cubic meter)",,,,,,,,,,,,,,,,,,,,,,,,,,,,,,,33.4794,33.8459,33.3181,33.345,38.4457,35.5495,35.8554,34.8608,31.6334,34.5553,35.4922,32.5227,35.1708,34.6993,36.3409,32.8561,31.7564,32.7804,35.3962,30.4202,29.9803,33.1369,32.2589,32.8544,34.1808,31.854,29.7933,35.5895,30.947,30.7743,33.9384,31.6261,32.0277,32.767,,
CAN,Canada,NY.GDP.MKTP.KD.ZG,GDP growth (annual %),,,,,,,,,,,,,,,,,,,,,,,,,,,,,,,5.4758,1.9331,6.5667,-2.5727,4.6663,0.668,6.1975,3.1219,1.0845,4.4239,4.9998,4.3715,0.1926,1.5568,2.7566,2.6637,4.6412,-2.2705,3.6026,2.0418,0.6705,0.9106,2.2305,-6.2359,1.0136,0.5773,4.0988,0.753,2.229,6.6225,5.2527,5.0225,1.5171,4.1244,,
CAN,Canada,SL.UEM.TOTL.NE.ZS,"Unemployment, total (% of total labor force) (national estimate)",,,,,,,,,,,,,,,,,,,,,,,,,,,,,,,18.1339,18.1528,18.4557,17.9524,18.9974,18.1708,18.5601,18.9787,18.7667,17.5464,18.4733,18.6762,18.6968,17.6942,17.9224,18.7482,17.87,18.101,19.0388,18.227,17.8875,17.8121,18.4172,17.5843,18.1272,18.4175,18.9004,18.5846,17.8938,18.8401,18.1011,17.633,18.1649,18.97,,
CHE,Switzerland,EG.FEC.RNEW.ZS,Renewable energy consumption (% of total final energy consumption),,,,,,,,,,,,,,,,,,,,,,,,,,,,,,,76.2974,76.142,79.5413,73.5542,73.9957,73.4852,77.6122,77.3499,80.2524,77.8039,76.6586,77.6205,78.0023,74.5734,83.4876,79.2567,78.7869,79.7472,80.0857,78.5358,77.7044,80.3158,80.0383,77.7971,82.405,80.3036,81.3266,82.8008,80.2107,80.9508,82.087,79.1672,80.875,81.168,,
CHE,Switzerland,EG.ELC.ACCS.ZS,Access to electricity (% of population),,,,,,,,,,,,,,,,,,,,,,,,,,,,,,,84.9271,87.796,85.0661,85.4034,87.7433,87.5125,86.3711,87.9277,88.8662,87.9177,90.271,87.0627,89.247,89.8751,89.905,89.2784,89.4596,90.2972,90.8445,90.9239,91.524,90.1268,91.0097,90.6899,91.383,92.7541,92.2783,94.5274,92.8466,92.9897,93.2769,92.9317,93.6456,94.8441,,
CHE,Switzerland,CC.EST,Control of Corruption: Estimate,,,,,,,,,,,,,,,,,,,,,,,,,,,,,,,0.7238,0.6149,0.5991,0.6561,0.719,0.8534,0.5493,0.6718,0.7275,0.4901,0.6101,0.6286,0.6146,0.7332,0.6909,0.6435,0.7615,0.9169,0.9069,0.4794,0.7794,0.6888,0.7288,0.6624,0.7243,0.7283,0.6407,0.6026,0.6563,0.7383,0.782,0.8126,0.6509,0.7442,,
CHE,Switzerland,EN.ATM.PM25.MC.M3,"PM2.5 air pollution, mean annual exposure (micrograms per cubic meter)",,,,,,,,,,,,,,,,,,,,,,,,,,,,,,,13.5957,13.8203,11.9036,11.5805,12.1186,10.0273,11.3815,12.7088,12.4748,11.0265,11.6785,10.0349,12.2471,10.9952,10.618,10.4093,10.7776,10.1201,11.6991,10.039,12.9413,12.6697,9.0546,10.4165,9.2559,9.6619,13.0755,9.5305,10.4522,10.6439,8.251,8.3893,7.7829,8.1829,,
CHE,Switzerland,NY.GDP.MKTP.KD.ZG,GDP growth (annual %),,,,,,,,,,,,,,,,,,,,,,,,,,,,,,,-6.8977,1.5888,5.3628,0.5969,-3.3133,-1.3796,-0.9199,-2.3166,2.3778,2.253,-2.6613,2.04,4.0444,4.9837,7.3904,-2.0277,7.2879,-0.6582,-1.2538,1.045,-1.2278,1.2249,-3.0729,-0.3696,3.4413,0.0847,0.5813,1.4155,3.154,-3.9107,1.6886,-0.443,0.6439,2.8772,,
CHE,Switzerland,SL.UEM.TOTL.NE.ZS,"Unemployment, total (% of total labor force) (national estimate)",,,,,,,,,,,,,,,,,,,,,,,,,,,,,,,17.6783,17.7691,17.3077,18.0008,18.9406,18.2151,17.6054,18.0326,17.5315,17.7128,18.4698,17.6885,18.8317,18.2399,18.3182,18.1362,18.6618,18.667,18.4429,18.5578,18.1694,18.5465,18.1065,18.2765,18.1381,18.0468,17.9309,18.5093,18.9307,18.861,17.6471,18.92,18.1163,18.5758,,
CHI,Channel Islands,EG.FEC.RNEW.ZS,Renewable energy consumption (% of total final energy consumption),,,,,,,,,,,,,,,,,,,,,,,,,,,,,,,51.7019,53.9483,54.4418,50.9951,55.3309,56.9562,54.065,57.2847,54.3349,56.5635,50.5772,60.0019,58.3052,54.8951,51.6701,56.3404,53.0265,56.954,57.0375,54.4815,58.7563,58.2755,58.766,56.982,54.2833,59.2201,56.8736,54.7848,60.4184,62.0631,57.9318,62.4826,58.497,57.7034,,
CHI,Channel Islands,EG.ELC.ACCS.ZS,Access to electricity (% of population),,,,,,,,,,,,,,,,,,,,,,,,,,,,,,,35.0934,37.1575,35.4737,36.936,36.1505,36.4796,37.922,37.0438,37.274,38.7541,39.3757,38.8636,38.074,38.4393,39.1617,39.6046,38.8075,40.4262,40.1662,38.9752,39.8547,40.4445,41.0395,42.8592,41.7883,41.1752,42.2743,42.0661,42.8576,43.3123,44.0652,43.3284,44.909,44.5742,,
CHI,Channel Islands,CC.EST,Control of Corruption: Estimate,,,,,,,,,,,,,,,,,,,,,,,,,,,,,,,-2.0775,-1.7275,-1.9534,-2.0929,-1.7943,-1.7433,-1.9966,-2.0531,-2.0133,-1.9069,-1.8393,-1.9242,-1.9804,-1.8129,-2.0302,-1.8689,-2.0272,-1.9409,-2.0063,-1.9993,-2.0379,-1.8313,-2.0806,-2.0815,-1.7381,-1.8753,-2.2789,-2.0605,-2.2101,-2.1067,-2.3693,-2.0091,-2.1297,-1.9855,,
CHI,Channel Islands,EN.ATM.PM25.MC.M3,"PM2.5 air pollution, mean annual exposure (micrograms per cubic meter)",,,,,,,,,,,,,,,,,,,,,,,,,,,,,,,58.96,61.442,60.6153,63.4106,63.1947,62.1757,60.4277,63.8157,58.4281,58.5723,60.472,63.8987,60.1341,60.0828,58.1148,61.6165,61.5474,61.2213,59.0138,58.8176,57.858,59.8435,58.017,57.7915,58.8421,58.6639,58.5107,59.9373,59.2762,58.6454,59.2722,57.4304,58.9956,58.9836,,
CHI,Channel Islands,NY.GDP.MKTP.KD.ZG,GDP growth (annual %),,,,,,,,,,,,,,,,,,,,,,,,,,,,,,,-4.2348,2.012,-2.6808,-0.2514,2.4338,1.837,-0.3914,-1.3835,1.8916,1.2095,-2.0231,-2.4645,-5.6581,-0.0921,-0.684,2.3633,0.4204,2.8584,-2.2206,2.3682,-1.7995,1.4668,-4.1241,0.1106,-5.4389,-1.1451,0.6237,-1.7796,-3.1033,1.6381,-0.7359,-1.7011,-0.3725,6.1144,,
CHI,Channel Islands,SL.UEM.TOTL.NE.ZS,"Unemployment, total (% of total labor force) (national estimate)",,,,,,,,,,,,,,,,,,,,,,,,,,,,,,,6.3105,6.315,5.9515,5.817,4.5357,5.3942,5.4934,4.7963,5.155,4.7433,5.7146,6.1431,6.2871,5.9411,5.252,4.7677,4.8553,5.0992,5.2893,5.6539,5.2267,5.9032,5.6176,5.739,6.3039,5.1436,5.9431,5.7268,5.567,6.1764,6.1732,5.2605,5.6427,5.8743,,
CHL,Chile,EG.FEC.RNEW.ZS,Renewable energy consumption (% of total final energy consumption),,,,,,,,,,,,,,,,,,,,,,,,,,,,,,,48.3527,50.2187,49.7611,53.0138,46.4381,49.4038,47.9817,51.1569,46.8644,50.9413,49.1386,49.0804,47.8057,49.9186,53.1677,51.0983,52.5541,54.778,52.1262,50.6311,52.8332,50.9601,51.1899,49.3089,54.3512,51.8767,53.1629,50.8768,53.9706,51.7248,53.1153,55.3044,55.2802,53.8046,,
CHL,Chile,EG.ELC.ACCS.ZS,Access to electricity (% of population),,,,,,,,,,,,,,,,,,,,,,,,,,,,,,,78.5587,82.6174,81.8699,81.3013,80.3706,81.1323,81.0385,82.7343,82.1832,81.5959,82.0966,83.6201,84.2533,84.4459,84.0788,83.5211,81.38,84.4609,84.4717,84.8352,85.0163,84.1622,85.9191,86.229,86.5191,86.9804,86.9564,86.3952,86.9165,87.2961,87.5593,88.5218,88.4881,89.8851,,
CHL,Chile,CC.EST,Control of Corruption: Estimate,,,,,,,,,,,,,,,,,,,,,,,,,,,,,,,1.0246,0.7694,0.2994,0.9082,0.695,0.6636,0.712,0.7062,0.8333,0.5727,0.6305,0.801,0.8346,0.8368,0.6654,0.6424,0.699,0.7886,0.9381,0.5141,0.7333,0.5999,0.5615,0.8758,0.8252,0.8137,0.8703,0.7022,0.7079,1.0221,0.7302,0.848,0.7606,0.538,,
CHL,Chile,EN.ATM.PM25.MC.M3,"PM2.5 air pollution, mean annual exposure (micrograms per cubic meter)",,,,,,,,,,,,,,,,,,,,,,,,,,,,,,,20.9959,23.1144,25.487,25.0053,25.114,22.1823,26.0067,22.0556,23.7421,23.3274,23.0021,25.1908,22.0452,20.9985,22.9729,22.2632,27.849,23.7177,22.0089,20.9587,19.6425,20.8451,22.4753,24.3639,23.8254,22.4065,21.4981,22.3061,21.0449,24.3204,21.3791,21.4534,18.1792,21.1297,,
CHL,Chile,NY.GDP.MKTP.KD.ZG,GDP growth (annual %),,,,,,,,,,,,,,,,,,,,,,,,,,,,,,,4.796,0.0355,0.828,4.6866,-0.9868,5.3493,1.3744,1.7334,-0.1049,3.6499,8.8545,4.6585,0.5441,5.5439,1.9131,6.141,4.7215,-4.653,0.1946,5.0658,3.0839,0.1454,1.1208,-2.0608,2.4839,8.2315,4.7171,8.1808,4.9108,5.2735,7.64,3.648,2.2367,5.2865,,
CHL,Chile,SL.UEM.TOTL.NE.ZS,"Unemployment, total (% of total labor force) (national estimate)",,,,,,,,,,,,,,,,,,,,,,,,,,,,,,,7.7602,6.7933,6.6724,7.1027,7.449,7.4323,6.3212,7.989,6.7127,6.9007,6.5819,8.3824,7.1543,6.6077,7.4652,7.4178,6.9394,7.4535,6.6206,6.7868,6.0281,6.3713,7.937,7.8539,7.0661,7.8647,6.9532,6.9115,7.0615,6.9708,6.9256,7.6049,7.1083,7.3895,,
CHN,China,EG.FEC.RNEW.ZS,Renewable energy consumption (% of total final energy consumption),,,,,,,,,,,,,,,,,,,,,,,,,,,,,,,33.0947,31.9583,29.3914,28.7762,31.9295,31.4395,32.1068,32.0499,37.3991,29.7215,28.5521,33.3467,32.0791,33.6141,34.2997,35.8502,30.4175,32.4685,34.5895,35.4229,38.4189,36.0934,34.2184,32.7011,33.5034,33.5966,36.2424,35.596,32.5847,34.5102,37.2871,36.3853,36.9693,36.7478,,
CHN,China,EG.ELC.ACCS.ZS,Access to electricity (% of population),,,,,,,,,,,,,,,,,,,,,,,,,,,,,,,84.8231,83.9608,83.7131,83.5393,84.7216,82.8194,84.8745,85.1073,84.4304,85.0293,86.6697,86.4565,86.6034,87.017,87.096,88.2662,87.6207,86.6054,89.326,88.5682,88.0505,87.7692,89.3387,89.1782,90.7813,89.4952,89.352,90.9886,91.2622,90.9069,91.563,91.2418,91.709,92.7039,,
CHN,China,CC.EST,Control of Corruption: Estimate,,,,,,,,,,,,,,,,,,,,,,,,,,,,,,,0.8232,0.7279,0.9104,0.4644,0.9944,0.5434,0.6729,0.7433,0.7306,0.8689,0.6212,0.7795,0.6788,0.7836,0.7404,0.7593,0.6822,0.687,0.7826,0.8614,0.6764,0.6439,0.8218,0.7443,0.8478,0.6395,0.5346,0.6842,0.6562,0.7387,0.6717,0.8371,0.7136,0.7662,,
CHN,China,EN.ATM.PM25.MC.M3,"PM2.5 air pollution, mean annual exposure (micrograms per cubic meter)",,,,,,,,,,,,,,,,,,,,,,,,,,,,,,,77.4204,77.3964,76.9878,77.7099,75.6705,78.8831,76.3492,74.6567,76.8261,75.1872,77.382,79.6184,75.0441,76.6425,73.4307,76.6648,74.5754,74.8867,74.0921,76.7622,77.0949,75.5391,74.1273,77.7283,74.1384,71.9409,75.7916,73.3668,76.4269,74.2923,75.6896,76.8062,72.8107,73.6951,,
CHN,China,NY.GDP.MKTP.KD.ZG,GDP growth (annual %),,,,,,,,,,,,,,,,,,,,,,,,,,,,,,,2.2701,6.3031,0.8133,0.973,3.6546,1.0162,2.8406,-1.4196,7.9951,-0.91,1.6549,2.3781,7.241,-0.8529,7.4185,4.3522,3.502,-0.0023,3.8871,0.6505,5.6259,0.0316,2.1764,1.0711,-0.0095,4.3126,3.7979,5.4818,-1.9904,5.1197,8.7229,1.3302,7.1971,1.8014,,
CHN,China,SL.UEM.TOTL.NE.ZS,"Unemployment, total (% of total labor force) (national estimate)",,,,,,,,,,,,,,,,,,,,,,,,,,,,,,,11.975,12.5084,13.1853,12.2422,12.3611,12.958,12.6628,12.9536,12.7802,12.9011,12.4451,12.7771,12.1976,13.3055,12.3441,13.2257,12.5444,12.7622,12.4138,12.1532,11.7889,12.1336,12.4993,12.7672,13.1664,12.4384,12.2203,11.9399,12.9013,13.3528,13.2944,13.0162,12.9805,13.5101,,
CIV,Cote d'Ivoire,EG.FEC.RNEW.ZS,Renewable energy consumption (% of total final energy consumption),,,,,,,,,,,,,,,,,,,,,,,,,,,,,,,13.1581,13.9362,12.1524,10.2199,11.7263,13.2257,13.5156,17.3966,13.8565,16.2017,13.1238,13.5206,11.636,12.9593,15.6479,14.7591,16.7799,15.4065,14.4891,19.6406,15.3062,17.97,14.9916,17.3632,17.95,16.661,11.685,16.5805,19.1549,17.8989,17.8857,13.6995,15.8531,18.2667,,
CIV,Cote d'Ivoire,EG.ELC.ACCS.ZS,Access to electricity (% of population),,,,,,,,,,,,,,,,,,,,,,,,,,,,,,,59.2298,60.1233,59.2856,59.9762,59.9146,59.362,58.5969,60.9963,61.0407,60.657,60.1062,62.1553,61.6888,62.597,63.8928,60.9384,62.3418,62.984,64.5654,62.3424,65.4502,64.2602,64.3247,64.4931,64.5525,65.99,64.5467,65.9279,65.5942,65.5418,68.4703,66.9868,67.3921,68.0617,,
CIV,Cote d'Ivoire,CC.EST,Control of Corruption: Estimate,,,,,,,,,,,,,,,,,,,,,,,,,,,,,,,-1.3446,-0.9637,-1.4751,-1.2662,-1.2291,-1.1042,-1.1477,-1.194,-1.1754,-1.2914,-1.3537,-1.0868,-1.0907,-0.9838,-1.2688,-1.0909,-1.208,-1.0311,-1.0514,-1.1486,-1.2147,-1.0587,-1.0964,-1.2561,-1.3333,-1.2086,-0.9921,-1.0364,-1.3075,-1.3141,-1.021,-1.3103,-1.1129,-1.2479,,
CIV,Cote d'Ivoire,EN.ATM.PM25.MC.M3,"PM2.5 air pollution, mean annual exposure (micrograms per cubic meter)",,,,,,,,,,,,,,,,,,,,,,,,,,,,,,,28.1647,24.5035,27.2942,25.7764,25.7974,22.3837,21.9547,24.8483,25.4695,23.3313,23.3061,25.7013,25.6234,24.4925,25.7894,22.7778,23.9252,26.8509,24.4016,24.4086,27.598,21.9601,25.1738,26.3951,23.3318,25.0286,22.1861,22.549,24.0766,24.617,25.0205,25.6136,23.0779,24.8895,,
CIV,Cote d'Ivoire,NY.GDP.MKTP.KD.ZG,GDP growth (annual %),,,,,,,,,,,,,,,,,,,,,,,,,,,,,,,3.0228,6.1338,4.3973,4.9927,4.9373,-0.1332,1.0682,4.1349,-0.3397,5.9566,6.0574,4.6965,1.0757,7.3289,8.9716,4.2462,5.1549,4.3829,5.2045,3.5797,3.7921,6.1428,9.7426,0.3784,3.619,0.9274,7.8586,2.4092,0.2705,5.474,8.2393,5.5375,4.3905,4.9014,,
CIV,Cote d'Ivoire,SL.UEM.TOTL.NE.ZS,"Unemployment, total (% of total labor force) (national estimate)",,,,,,,,,,,,,,,,,,,,,,,,,,,,,,,10.3901,9.2456,9.6267,9.4563,9.0987,9.5185,10.2365,9.966,10.0048,9.7559,9.9443,9.2824,9.5279,9.7787,9.8214,9.8428,9.6135,9.4939,11.2615,10.1361,9.8892,9.5661,9.4571,9.6173,9.8291,8.7424,8.898,9.3642,9.7862,9.563,10.4217,8.9415,9.307,10.4427,,
CMR,Cameroon,EG.FEC.RNEW.ZS,Renewable energy consumption (% of total final energy consumption),,,,,,,,,,,,,,,,,,,,,,,,,,,,,,,76.626,78.2834,80.7662,75.4261,76.7651,76.5689,73.3545,76.7929,79.3258,78.7949,79.1019,77.2627,76.8515,80.8522,77.4691,79.2019,79.0904,81.8372,81.0065,76.6232,76.9886,80.6715,79.535,78.9034,81.995,80.4886,80.3686,81.9734,79.8135,83.8508,79.2876,82.3276,84.0314,78.5591,,
CMR,Cameroon,EG.ELC.ACCS.ZS,Access to electricity (% of population),,,,,,,,,,,,,,,,,,,,,,,,,,,,,,,75.7493,77.1878,77.4498,76.6368,76.4363,78.0388,78.4708,76.8423,77.0609,78.4542,79.0275,78.5348,79.5674,78.7059,77.8323,79.4349,80.0746,80.0533,79.5971,79.3215,80.6127,81.9921,82.529,82.7242,81.3713,81.351,82.9213,83.2821,83.3441,81.6628,82.8305,83.7503,84.4138,84.8879,,
CMR,Cameroon,CC.EST,Control of Corruption: Estimate,,,,,,,,,,,,,,,,,,,,,,,,,,,,,,,1.4914,1.5138,1.4842,1.5563,1.5116,1.4819,1.4419,1.4838,1.5322,1.5062,1.5198,1.6352,1.5059,1.3962,1.5801,1.3101,1.3443,1.5144,1.536,1.3247,1.4281,1.4013,1.4157,1.5873,1.5588,1.4718,1.4085,1.3121,1.6445,1.5451,1.3893,1.5604,1.4656,1.4396,,
CMR,Cameroon,EN.ATM.PM25.MC.M3,"PM2.5 air pollution, mean annual exposure (micrograms per cubic meter)",,,,,,,,,,,,,,,,,,,,,,,,,,,,,,,48.377,46.5319,47.0485,47.6663,46.655,48.3278,50.0478,46.0327,44.5865,44.0015,46.6985,45.8494,47.0759,46.883,44.1993,43.8018,46.8881,46.5673,45.6454,43.7184,46.8312,47.952,46.3811,44.6129,45.871,43.675,47.2311,45.6869,42.8319,44.9531,46.0191,44.7446,44.7503,43.2475,,
CMR,Cameroon,NY.GDP.MKTP.KD.ZG,GDP growth (annual %),,,,,,,,,,,,,,,,,,,,,,,,,,,,,,,3.5124,0.4749,-3.295,1.1679,4.5489,1.1287,6.441,3.1685,2.943,1.7751,1.9254,1.4375,1.3404,3.4232,-0.2435,-0.5937,-0.7119,7.2102,3.4219,2.8573,-0.5477,3.6544,1.8046,2.6315,-0.3455,2.4967,1.0365,0.182,3.9313,-1.7482,3.508,3.8073,-0.103,0.0452,,
CMR,Cameroon,SL.UEM.TOTL.NE.ZS,"Unemployment, total (% of total labor force) (national estimate)",,,,,,,,,,,,,,,,,,,,,,,,,,,,,,,11.2613,11.5138,11.2964,11.5896,12.2543,11.1189,10.5152,11.7858,12.2145,11.5692,10.8289,11.3109,10.8135,11.6942,10.6972,11.2227,10.8706,11.4362,11.1896,11.4612,11.384,10.8795,11.6862,11.3484,10.8785,12.4933,11.611,11.2962,12.0804,12.2937,11.3001,11.5465,10.8788,11.2992,,
COD,"Congo, Dem. Rep.",EG.FEC.RNEW.ZS,Renewable energy consumption (% of total final energy consumption),,,,,,,,,,,,,,,,,,,,,,,,,,,,,,,20.2213,21.1391,21.585,22.1891,21.6947,18.948,19.6425,20.5766,21.255,24.071,19.7936,21.5546,24.3255,21.9697,23.6403,22.5904,23.533,22.7125,24.6536,20.3793,22.8928,24.3626,24.9868,27.0553,23.4374,27.3284,23.2014,27.3267,26.4544,23.1425,25.7335,25.167,26.6706,25.1229,,
COD,"Congo, Dem. Rep.",EG.ELC.ACCS.ZS,Access to electricity (% of population),,,,,,,,,,,,,,,,,,,,,,,,,,,,,,,81.7136,83.3047,82.3804,83.3705,82.7791,84.5427,82.9167,83.2181,85.179,83.8534,85.7402,85.4229,84.8357,83.7588,85.4439,85.7907,86.8932,87.4801,85.9114,87.3503,87.5717,88.0681,87.8583,86.1554,87.835,87.2848,88.2973,89.4934,89.2035,90.1279,89.7328,88.6707,87.9427,90.3284,,
COD,"Congo, Dem. Rep.",CC.EST,Control of Corruption: Estimate,,,,,,,,,,,,,,,,,,,,,,,,,,,,,,,-1.1218,-1.2134,-1.3002,-1.1843,-1.1195,-1.0162,-1.0735,-0.9032,-1.2204,-0.9904,-1.0905,-1.0128,-1.1485,-0.9675,-1.0607,-1.1777,-1.0976,-1.1249,-1.0374,-1.2377,-1.0997,-1.0487,-1.0922,-0.9345,-1.0033,-1.097,-1.0701,-1.0607,-1.0477,-1.3152,-1.1323,-1.2743,-0.9427,-1.1034,,
COD,"Congo, Dem. Rep.",EN.ATM.PM25.MC.M3,"PM2.5 air pollution, mean annual exposure (micrograms per cubic meter)",,,,,,,,,,,,,,,,,,,,,,,,,,,,,,,6.7768,8.3321,7.5403,5.1339,6.6405,6.1641,3.9701,5.4714,6.1515,6.1744,4.0435,7.9144,5.9537,6.0832,6.5478,4.6847,6.4714,5.1562,4.282,6.407,7.7044,6.4741,6.6913,4.4459,2.7504,7.3021,8.0686,7.2211,4.3232,3.0149,3.0683,2.0613,4.3458,6.8354,,
COD,"Congo, Dem. Rep.",NY.GDP.MKTP.KD.ZG,GDP growth (annual %),,,,,,,,,,,,,,,,,,,,,,,,,,,,,,,2.0505,3.1604,5.8436,1.3944,7.4935,7.3849,2.0768,0.9608,4.1477,1.5358,-0.4868,5.6077,5.4457,2.7934,-0.7525,-0.6692,2.6727,1.1549,1.5519,4.9595,4.2376,5.85,-0.0719,1.5466,4.3021,3.5248,6.2356,3.456,7.0249,3.7547,5.06,1.5958,2.4403,4.682,,
COD,"Congo, Dem. Rep.",SL.UEM.TOTL.NE.ZS,"Unemployment, total (% of total labor force) (national estimate)",,,,,,,,,,,,,,,,,,,,,,,,,,,,,,,6.8174,6.3755,5.9693,6.6995,4.9149,5.2998,6.3517,6.0179,6.3136,6.0431,6.2964,5.6037,6.2961,6.5081,6.6212,7.0177,6.1329,6.1478,5.2493,5.7452,5.9143,6.536,5.7054,6.4091,6.0101,5.9223,6.1353,5.8153,5.7964,5.1585,5.8869,5.7709,5.7529,6.2193,,
COG,"Congo, Rep.",EG.FEC.RNEW.ZS,Renewable energy consumption (% of total final energy consumption),,,,,,,,,,,,,,,,,,,,,,,,,,,,,,,81.554,80.8511,82.5275,81.8378,80.2466,80.061,81.7623,82.4342,84.2324,83.969,80.6537,81.6827,83.3787,84.3227,84.2146,82.3589,80.1286,80.7888,83.482,83.7711,81.0393,83.4758,84.7991,81.3842,86.0467,83.2316,86.6519,83.2198,82.3834,83.6704,84.5464,84.1097,84.6047,85.8546,,
COG,"Congo, Rep.",EG.ELC.ACCS.ZS,Access to electricity (% of population),,,,,,,,,,,,,,,,,,,,,,,,,,,,,,,96.8684,97.2025,96.138,98.0687,97.934,99.5436,97.7537,97.3087,99.4998,99.5326,98.6986,98.5316,100.0,100.0,98.5154,100.0,100.0,100.0,100.0,100.0,100.0,100.0,100.0,100.0,100.0,100.0,100.0,100.0,100.0,100.0,100.0,100.0,100.0,100.0,,
COG,"Congo, Rep.",CC.EST,Control of Corruption: Estimate,,,,,,,,,,,,,,,,,,,,,,,,,,,,,,,1.9663,2.0247,2.1087,2.0517,2.187,1.8907,1.895,2.096,2.0153,1.9991,1.8622,2.0767,2.068,2.1527,2.0826,2.0584,2.2156,1.9168,2.1387,1.8738,1.9737,1.9288,2.1682,2.0665,2.0727,1.9415,2.0384,1.9827,2.1203,1.9554,2.2339,1.8733,1.9775,2.2756,,
COG,"Congo, Rep.",EN.ATM.PM25.MC.M3,"PM2.5 air pollution, mean annual exposure (micrograms per cubic meter)",,,,,,,,,,,,,,,,,,,,,,,,,,,,,,,35.8108,34.4112,36.6321,35.5104,34.8897,34.4197,40.136,35.5262,32.9351,37.9841,36.5801,34.4338,34.1038,36.4337,34.9731,32.3745,37.8643,34.4525,37.2668,36.8611,33.362,36.3333,33.7263,31.8234,33.9066,35.0599,33.6894,33.8429,35.9388,34.3032,32.7985,35.0365,34.2,30.0411,,
COG,"Congo, Rep.",NY.GDP.MKTP.KD.ZG,GDP growth (annual %),,,,,,,,,,,,,,,,,,,,,,,,,,,,,,,0.6404,0.5491,-0.3801,1.7988,-2.1114,0.4108,-4.3478,0.5873,4.4522,-2.9176,-2.33,-2.2055,-0.1054,-3.088,0.6227,1.6867,0.9054,-4.8515,2.0575,1.913,1.645,0.5017,0.12,2.1505,4.3783,-2.813,2.2649,-0.646,-0.7546,-4.2718,-1.1424,-2.9236,-1.5901,-3.1759,,
COG,"Congo, Rep.",SL.UEM.TOTL.NE.ZS,"Unemployment, total (% of total labor force) (national estimate)",,,,,,,,,,,,,,,,,,,,,,,,,,,,,,,18.557,18.5784,18.8298,17.974,18.0587,18.9624,18.3827,19.3187,18.8941,19.0848,19.4868,18.6266,18.4942,19.2173,19.0362,18.6878,19.4771,18.6753,18.7978,18.792,18.3141,18.8202,19.4798,19.0039,18.7969,18.7005,18.9468,19.1563,19.086,18.6155,18.9438,19.0214,18.2778,18.8655,,
COL,Colombia,EG.FEC.RNEW.ZS,Renewable energy consumption (% of total final energy consumption),,,,,,,,,,,,,,,,,,,,,,,,,,,,,,,34.9321,40.3698,40.8754,41.1998,39.0646,40.6228,43.0026,43.1323,40.3964,40.8834,42.9766,37.9031,40.4086,43.8759,43.3051,42.2433,38.6431,41.7049,40.7749,42.7668,40.636,40.3533,38.425,45.1483,42.0552,43.319,43.1503,41.1699,40.9366,41.5941,42.3084,44.6379,42.4633,47.6977,,
COL,Colombia,EG.ELC.ACCS.ZS,Access to electricity (% of population),,,,,,,,,,,,,,,,,,,,,,,,,,,,,,,98.6543,98.7293,98.2368,99.794,98.6582,99.0576,99.4685,100.0,100.0,99.7025,99.9062,100.0,100.0,100.0,100.0,100.0,100.0,100.0,100.0,100.0,100.0,100.0,100.0,100.0,100.0,100.0,100.0,100.0,100.0,100.0,100.0,100.0,100.0,100.0,,
COL,Colombia,CC.EST,Control of Corruption: Estimate,,,,,,,,,,,,,,,,,,,,,,,,,,,,,,,2.3532,2.3319,2.4224,2.3209,2.2007,2.2446,2.0806,2.5,2.4216,2.2185,2.2843,2.2417,2.5,2.1477,2.3318,2.3051,2.4173,2.3056,2.1071,2.288,2.2014,2.3276,2.4902,2.1094,2.2221,2.2518,2.2723,2.4069,2.2973,2.368,2.243,2.3457,2.4114,2.2302,,
COL,Colombia,EN.ATM.PM25.MC.M3,"PM2.5 air pollution, mean annual exposure (micrograms per cubic meter)",,,,,,,,,,,,,,,,,,,,,,,,,,,,,,,78.6778,77.5044,78.914,76.9637,77.7577,77.0449,76.8815,77.3342,77.671,74.9115,78.8563,73.8363,75.5186,76.3244,77.0043,78.6701,73.4384,75.3843,72.8756,76.0332,76.3133,78.212,75.9268,77.2318,76.4616,74.8529,73.3124,75.7583,73.0277,77.1286,74.8627,76.8186,74.2255,75.2691,,
COL,Colombia,NY.GDP.MKTP.KD.ZG,GDP growth (annual %),,,,,,,,,,,,,,,,,,,,,,,,,,,,,,,1.3484,0.7124,-0.2566,1.8062,-1.4904,-2.1986,3.9321,2.6429,0.9897,4.9879,0.1556,4.1318,1.264,-1.7369,5.4451,3.3018,0.5225,2.6429,-0.1842,2.8979,-5.1527,-1.7245,3.2732,0.2009,1.3439,-2.5419,5.4447,3.8013,0.3233,-0.1867,3.399,5.7812,3.2094,6.2545,,
COL,Colombia,SL.UEM.TOTL.NE.ZS,"Unemployment, total (% of total labor force) (national estimate)",,,,,,,,,,,,,,,,,,,,,,,,,,,,,,,9.0855,9.137,8.9522,9.7675,9.6345,9.4707,9.9513,10.1628,8.7838,9.2482,9.9567,9.3128,9.1476,10.0559,8.9019,9.3959,9.711,9.2598,9.9382,9.2622,10.251,9.4838,9.8823,9.9197,9.2329,8.5199,9.727,9.5828,9.8246,9.4334,9.3314,10.5509,8.8105,9.9136,,
COM,Comoros,EG.FEC.RNEW.ZS,Renewable energy consumption (% of total final energy consumption),,,,,,,,,,,,,,,,,,,,,,,,,,,,,,,71.9417,72.5694,72.7567,71.9341,74.8334,76.6222,74.931,74.3477,72.3181,75.4746,78.9036,73.9795,74.139,73.9188,74.2121,69.8503,76.301,73.9498,72.5704,77.4473,73.9269,75.5636,79.3238,73.7225,73.6257,77.3795,79.2899,73.9923,78.1063,78.6029,73.4726,79.3379,79.6441,77.4174,,
COM,Comoros,EG.ELC.ACCS.ZS,Access to electricity (% of population),,,,,,,,,,,,,,,,,,,,,,,,,,,,,,,56.6018,56.7591,56.1824,55.9888,55.8217,56.8199,57.5557,57.0906,55.8419,58.8649,58.2521,58.0462,59.2857,60.0696,56.8584,59.6973,58.4586,60.2492,60.2023,60.8585,60.2005,59.3513,60.7396,61.6754,62.4122,60.9125,62.9216,61.8316,62.8899,62.442,63.2457,64.0634,62.6183,63.306,,
COM,Comoros,CC.EST,Control of Corruption: Estimate,,,,,,,,,,,,,,,,,,,,,,,,,,,,,,,-1.6303,-1.3643,-1.7561,-1.4077,-1.412,-1.6642,-1.6883,-1.7356,-1.6607,-1.8213,-1.6617,-1.4729,-1.7259,-1.6814,-1.8567,-1.6076,-1.6208,-1.6449,-1.6786,-1.6877,-1.5923,-1.656,-1.6147,-1.6267,-1.5177,-1.5713,-1.6294,-1.4703,-1.6021,-1.4959,-1.5797,-1.8736,-1.496,-1.6363,,
COM,Comoros,EN.ATM.PM25.MC.M3,"PM2.5 air pollution, mean annual exposure (micrograms per cubic meter)",,,,,,,,,,,,,,,,,,,,,,,,,,,,,,,52.2502,52.6701,51.6506,52.4287,51.1203,53.8395,51.6777,51.1942,50.3007,52.0113,51.8088,52.0307,49.8272,48.8863,52.1465,53.3551,49.5086,53.3523,51.314,50.7975,50.1318,48.5713,52.0497,49.3247,49.2384,51.816,47.4236,47.8827,50.0609,50.448,50.6552,49.3954,53.5637,49.3463,,
COM,Comoros,NY.GDP.MKTP.KD.ZG,GDP growth (annual %),,,,,,,,,,,,,,,,,,,,,,,,,,,,,,,3.1357,1.7202,4.0225,5.2501,6.7216,-0.0105,3.0977,4.8295,5.1803,3.7291,5.0688,1.6903,7.6075,6.1943,0.3504,1.0249,1.0954,5.4076,0.5009,2.8851,4.8495,3.5473,4.3599,1.0482,5.1998,2.1797,2.9011,4.307,3.9704,3.7726,1.8361,2.9638,3.7182,0.275,,
COM,Comoros,SL.UEM.TOTL.NE.ZS,"Unemployment, total (% of total labor force) (national estimate)",,,,,,,,,,,,,,,,,,,,,,,,,,,,,,,14.6012,15.0263,14.1938,15.4108,15.4673,14.2099,15.5113,14.7607,15.0418,14.5842,15.294,15.0356,14.4254,14.2499,14.1024,14.9265,15.1187,15.158,14.7735,14.254,14.4915,15.4087,14.5902,14.9042,14.2947,15.0008,14.6037,15.3559,15.2193,14.5847,14.7692,14.5569,14.1228,14.4038,,
CPV,Cabo Verde,EG.FEC.RNEW.ZS,Renewable energy consumption (% of total final energy consumption),,,,,,,,,,,,,,,,,,,,,,,,,,,,,,,51.0013,51.4054,51.202,50.4514,53.071,51.482,52.9114,48.1073,43.9601,52.5225,49.2554,51.83,51.8007,55.7297,53.5049,53.1866,54.6789,53.8919,52.3895,55.5978,51.3854,54.4014,50.8098,54.4628,54.5909,57.7078,51.3749,53.4531,56.4503,55.6255,55.4655,53.3426,54.2233,58.045,,
CPV,Cabo Verde,EG.ELC.ACCS.ZS,Access to electricity (% of population),,,,,,,,,,,,,,,,,,,,,,,,,,,,,,,41.2753,41.8668,41.7243,41.12,43.0635,42.9691,44.661,42.254,43.9745,42.5172,43.9423,44.8477,42.6588,44.4025,44.3659,44.5049,45.6246,46.463,45.7098,46.2309,46.4079,46.5679,45.945,47.9532,47.5526,47.8824,47.1713,47.6991,48.1756,47.3392,47.466,48.5859,49.7345,49.044,,
CPV,Cabo Verde,CC.EST,Control of Corruption: Estimate,,,,,,,,,,,,,,,,,,,,,,,,,,,,,,,0.4528,0.4773,0.5204,0.5326,0.8349,0.7016,0.698,0.7153,0.4552,0.4284,0.4422,0.7352,0.5094,0.4249,0.5233,0.5464,0.6072,0.6052,0.4757,0.6573,0.4983,0.5563,0.6574,0.498,0.5067,0.646,0.4721,0.5289,0.6417,0.8215,0.6477,0.6318,0.6387,0.4463,,
CPV,Cabo Verde,EN.ATM.PM25.MC.M3,"PM2.5 air pollution, mean annual exposure (micrograms per cubic meter)",,,,,,,,,,,,,,,,,,,,,,,,,,,,,,,89.328,89.0299,89.477,89.0893,89.4041,88.2874,88.7625,86.7528,88.0347,90.5208,88.8328,88.2432,91.0388,86.0733,86.3704,90.5236,87.9435,87.4307,85.9158,88.3061,88.3713,85.8328,87.1842,86.8113,87.6185,85.4757,88.9525,88.3683,86.3698,86.5099,86.5499,85.5071,85.9294,86.1092,,
CPV,Cabo Verde,NY.GDP.MKTP.KD.ZG,GDP growth (annual %),,,,,,,,,,,,,,,,,,,,,,,,,,,,,,,4.1625,2.4969,2.467,1.0552,-2.6629,0.0267,2.5566,-3.0153,1.7218,5.9369,2.7849,3.6655,0.6762,2.5502,-1.6643,2.12,1.7663,0.8552,3.4204,-1.2166,-0.3373,0.369,-2.4436,0.6977,-4.1669,2.7478,0.247,-1.1719,-1.9556,-0.4561,1.851,1.4997,-1.6335,-1.9847,,
CPV,Cabo Verde,SL.UEM.TOTL.NE.ZS,"Unemployment, total (% of total labor force) (national estimate)",,,,,,,,,,,,,,,,,,,,,,,,,,,,,,,12.1401,11.4504,11.8416,11.8735,11.9676,12.2407,11.1801,10.856,11.5279,12.7124,12.8227,12.7272,11.7151,10.9205,10.6401,11.5046,11.7126,12.4619,12.2455,11.9253,11.3667,11.3312,11.9387,12.1601,12.0075,11.2943,12.1369,12.0246,11.2763,11.4194,12.1559,11.6944,12.6062,12.0622,,
CRI,Costa Rica,EG.FEC.RNEW.ZS,Renewable energy consumption (% of total final energy consumption),,,,,,,,,,,,,,,,,,,,,,,,,,,,,,,74.2166,75.3194,75.6166,74.1831,73.9647,77.3426,77.7804,77.4474,79.4205,75.4563,80.0384,75.038,74.9645,73.6199,76.3983,76.4324,78.6417,78.2276,75.5039,77.2544,77.4469,74.7879,76.528,77.0982,81.6571,79.3227,80.4142,76.2426,81.7783,82.142,75.6932,78.4292,80.9814,81.4286,,
CRI,Costa Rica,EG.ELC.ACCS.ZS,Access to electricity (% of population),,,,,,,,,,,,,,,,,,,,,,,,,,,,,,,82.6072,83.1556,83.1721,83.9883,85.1077,83.7831,85.4506,84.2746,84.4719,86.0548,86.3875,86.5811,85.0973,86.0272,87.3084,86.9332,86.291,87.7666,87.0781,89.3356,89.3858,88.8832,89.7388,88.9518,89.7623,90.5821,89.8464,89.6958,88.7863,90.3335,91.3087,91.6565,91.5535,90.9669,,
CRI,Costa Rica,CC.EST,Control of Corruption: Estimate,,,,,,,,,,,,,,,,,,,,,,,,,,,,,,,0.7479,0.9257,0.9486,0.9475,1.0593,1.2234,0.9999,0.9591,0.954,1.0,0.8857,0.9995,1.0392,1.0102,1.04,1.0371,0.7725,1.0615,0.9046,0.8536,0.8525,1.0371,0.9584,0.7832,1.0424,0.8123,1.0019,1.0137,1.0913,1.1989,0.8213,0.9788,0.9519,1.0371,,
CRI,Costa Rica,EN.ATM.PM25.MC.M3,"PM2.5 air pollution, mean annual exposure (micrograms per cubic meter)",,,,,,,,,,,,,,,,,,,,,,,,,,,,,,,65.0347,64.1023,63.8898,62.7965,65.8729,65.0,65.6078,63.6856,63.0859,62.3737,64.4495,62.2715,66.5241,61.7097,64.0016,65.8614,64.3298,63.6147,61.8184,61.1185,64.2662,65.2904,62.2929,61.1626,59.1039,61.24,62.4607,64.9498,63.4808,62.8488,61.711,61.3564,64.2596,62.3723,,
CRI,Costa Rica,NY.GDP.MKTP.KD.ZG,GDP growth (annual %),,,,,,,,,,,,,,,,,,,,,,,,,,,,,,,-4.1388,-0.5661,-1.0278,-0.2479,2.525,0.8491,0.9255,4.4014,-0.6234,5.7782,-0.5606,1.3407,0.4147,1.4263,2.2292,2.2023,-0.7651,-1.6896,7.3756,-0.0923,2.8657,-2.9014,0.4187,0.7997,2.2997,-5.6884,1.5331,-1.7566,1.9286,-1.4731,-1.021,0.4336,-1.5131,-0.0711,,
CRI,Costa Rica,SL.UEM.TOTL.NE.ZS,"Unemployment, total (% of total labor force) (national estimate)",,,,,,,,,,,,,,,,,,,,,,,,,,,,,,,7.3944,7.0745,8.5,7.343,7.9017,8.3675,7.6836,7.5785,8.1042,8.55,7.4064,7.916,7.1248,7.7945,8.0082,7.5637,7.7626,7.2869,8.0296,8.5189,7.4425,7.6797,8.2423,8.5971,7.2445,7.9067,8.1326,7.94,6.7527,8.2416,8.7507,8.0494,7.4755,7.7345,,
CUB,Cuba,EG.FEC.RNEW.ZS,Renewable energy consumption (% of total final energy consumption),,,,,,,,,,,,,,,,,,,,,,,,,,,,,,,73.2887,71.7188,71.3289,70.9117,69.0266,70.0978,70.493,71.898,73.9667,73.3356,68.4101,71.8469,73.0224,72.9366,70.5904,77.8271,69.5947,70.1325,72.9161,76.8325,71.0765,72.3672,75.2035,73.1632,72.6797,74.6302,74.1939,75.8598,76.5318,74.7129,74.8324,74.8271,75.5272,74.8092,,
CUB,Cuba,EG.ELC.ACCS.ZS,Access to electricity (% of population),,,,,,,,,,,,,,,,,,,,,,,,,,,,,,,87.6569,88.8647,89.3703,87.2013,88.6654,88.3564,88.9086,89.7294,90.1929,89.8177,88.6267,89.6353,91.3746,88.715,92.1073,91.8244,92.7103,91.7485,90.5082,92.7517,93.6771,93.6471,92.6272,93.4768,93.2311,93.252,94.9217,93.4493,93.9423,94.0242,93.9652,95.5245,96.5866,95.7595,,
CUB,Cuba,CC.EST,Control of Corruption: Estimate,,,,,,,,,,,,,,,,,,,,,,,,,,,,,,,1.6547,1.9362,2.0376,1.7578,1.7779,1.8972,2.03,1.773,1.6755,1.9111,1.9312,1.8361,1.7684,1.9547,1.8987,1.7431,1.8413,1.6732,1.9177,1.8039,1.7831,1.8314,1.8402,1.9428,1.9063,1.8166,1.927,1.8835,1.7842,1.8204,1.8176,1.896,1.7913,1.7885,,
CUB,Cuba,EN.ATM.PM25.MC.M3,"PM2.5 air pollution, mean annual exposure (micrograms per cubic meter)",,,,,,,,,,,,,,,,,,,,,,,,,,,,,,,85.5786,83.9551,81.3245,83.2419,82.483,82.8128,82.3515,83.8499,82.5039,81.8123,83.3887,82.0954,81.8477,82.0565,81.365,81.4393,80.4654,80.1387,79.6876,79.0175,79.7059,80.684,81.0201,80.3785,77.1719,82.9873,82.1752,81.1341,83.2467,78.8394,83.0569,78.6976,80.4236,78.0747,,
CUB,Cuba,NY.GDP.MKTP.KD.ZG,GDP growth (annual %),,,,,,,,,,,,,,,,,,,,,,,,,,,,,,,1.8378,2.7665,1.4143,3.5857,2.0486,0.495,0.384,3.8283,0.1667,4.0895,4.8578,-2.3707,4.6334,6.9521,2.4311,3.2988,4.3936,1.1123,2.2567,-1.4845,2.1476,3.0463,3.0914,4.4646,-0.136,0.4695,6.5398,1.4252,2.3011,1.6335,-0.2532,5.8599,0.4818,-1.0172,,
CUB,Cuba,SL.UEM.TOTL.NE.ZS,"Unemployment, total (% of total labor force) (national estimate)",,,,,,,,,,,,,,,,,,,,,,,,,,,,,,,11.3004,10.5249,11.2001,11.0417,11.8345,11.1891,11.9697,12.225,11.9164,11.4181,11.5963,10.7633,11.4589,11.0956,11.8729,12.8122,11.7757,10.5302,11.3452,11.587,11.5695,11.1604,11.6484,10.9045,11.0533,11.8487,11.0179,11.7949,10.841,12.4082,11.1386,11.4139,11.6911,11.2431,,
CYM,Cayman Islands,EG.FEC.RNEW.ZS,Renewable energy consumption (% of total final energy consumption),,,,,,,,,,,,,,,,,,,,,,,,,,,,,,,69.1504,70.1643,71.0848,70.8966,69.12,69.3204,74.4618,71.8134,68.22,70.4136,69.6933,70.2429,68.2046,69.9898,74.5867,72.2718,66.2813,73.8471,73.7429,70.995,73.2981,70.2948,71.2231,75.3107,71.9202,68.8742,72.637,72.7564,75.4604,73.2423,72.5204,75.6037,73.9052,72.3136,,
CYM,Cayman Islands,EG.ELC.ACCS.ZS,Access to electricity (% of population),,,,,,,,,,,,,,,,,,,,,,,,,,,,,,,78.1717,77.6526,77.75,78.14,77.3911,78.0755,78.7505,78.8419,80.2656,79.6716,80.4316,80.0052,81.0927,80.8157,80.7584,80.987,80.4841,81.9032,81.7155,81.5961,83.1328,81.4975,82.4097,83.8198,83.5001,83.4594,83.9485,84.1412,83.0343,84.2182,86.0409,84.4702,84.993,85.0644,,
CYM,Cayman Islands,CC.EST,Control of Corruption: Estimate,,,,,,,,,,,,,,,,,,,,,,,,,,,,,,,0.9994,0.9399,1.0682,1.0335,1.1027,0.8837,0.969,0.9827,1.0645,0.9146,1.1197,1.1522,0.8912,0.9509,0.946,1.3257,0.9582,1.2111,0.8578,0.8911,0.9274,0.9084,0.9777,0.9248,0.9115,1.1489,1.1567,1.1237,1.0727,1.021,0.9502,0.8955,1.0534,0.869,,
CYM,Cayman Islands,EN.ATM.PM25.MC.M3,"PM2.5 air pollution, mean annual exposure (micrograms per cubic meter)",,,,,,,,,,,,,,,,,,,,,,,,,,,,,,,71.1515,74.2917,75.3334,72.9923,73.9821,71.8736,70.1559,73.0006,72.8563,72.0299,71.4788,73.2057,70.2038,70.4417,70.0102,71.5698,69.7305,70.256,70.1437,70.7315,68.8113,71.0932,72.7533,71.0056,73.0344,72.6434,71.729,70.5944,70.4361,71.4681,69.6549,67.3386,70.8204,68.3058,,
CYM,Cayman Islands,NY.GDP.MKTP.KD.ZG,GDP growth (annual %),,,,,,,,,,,,,,,,,,,,,,,,,,,,,,,1.0997,3.5056,3.2672,-0.0252,3.9188,5.9204,0.6842,6.6862,-0.3954,8.7983,2.4769,3.8691,-1.2251,3.3497,4.0762,3.2896,2.0973,1.1386,6.3313,3.582,7.3569,2.1888,2.418,5.544,-0.5524,0.4714,6.2487,0.5752,-1.0426,8.1763,0.0205,3.9653,3.6777,-3.5215,,
CYM,Cayman Islands,SL.UEM.TOTL.NE.ZS,"Unemployment, total (% of total labor force) (national estimate)",,,,,,,,,,,,,,,,,,,,,,,,,,,,,,,8.6123,8.9701,8.9231,9.1977,8.5522,9.1022,8.4013,8.0407,8.0971,8.0149,9.2507,7.9886,8.8829,8.613,8.6946,9.4277,8.5267,9.0517,8.7647,8.6699,9.8959,8.0252,9.3905,9.0741,8.5062,9.5606,7.8219,8.485,8.1417,8.952,8.1894,8.9624,8.6527,8.5062,,
CYP,Cyprus,EG.FEC.RNEW.ZS,Renewable energy consumption (% of total final energy consumption),,,,,,,,,,,,,,,,,,,,,,,,,,,,,,,35.8239,34.6594,33.1694,41.0994,34.6723,31.3614,34.2624,33.5621,37.8989,37.0399,37.3441,35.9566,36.2879,36.2548,36.9842,38.9673,38.1188,38.5969,38.7458,39.6655,38.6229,38.9143,40.7242,37.1665,36.9352,36.4248,39.3125,35.3892,40.1709,39.1783,41.8159,38.3528,39.44,42.241,,
CYP,Cyprus,EG.ELC.ACCS.ZS,Access to electricity (% of population),,,,,,,,,,,,,,,,,,,,,,,,,,,,,,,42.2153,40.8147,41.7543,42.0944,42.4077,42.1488,43.6339,41.3471,42.7719,43.7172,43.9746,44.941,45.0674,44.1304,45.6487,44.2876,45.8535,46.8072,46.5808,45.9434,45.8434,45.136,46.8573,45.9667,46.4743,46.4062,47.2405,47.8365,48.3277,47.8784,49.4643,48.6923,48.4786,49.5399,,
CYP,Cyprus,CC.EST,Control of Corruption: Estimate,,,,,,,,,,,,,,,,,,,,,,,,,,,,,,,0.627,0.4316,0.3479,0.2081,0.3651,0.4196,0.3449,0.1916,0.2893,0.5659,0.5635,0.285,0.4721,0.25,0.5599,0.4208,0.5054,0.1856,0.4727,0.3905,0.4936,0.5012,0.3993,0.3193,0.485,0.3842,0.2867,0.281,0.2141,0.3302,0.5237,0.4127,0.3278,0.488,,
CYP,Cyprus,EN.ATM.PM25.MC.M3,"PM2.5 air pollution, mean annual exposure (micrograms per cubic meter)",,,,,,,,,,,,,,,,,,,,,,,,,,,,,,,6.8064,8.1181,7.6256,8.9838,5.3693,6.3798,5.1177,7.1057,9.2322,6.5769,6.4891,8.4827,8.6979,6.8822,7.9622,5.2397,8.8421,9.9182,7.3969,3.4086,5.6177,7.2943,5.6629,8.1234,7.0173,4.9954,6.0235,4.5543,5.5412,4.9032,7.4172,8.7491,3.3483,2.5303,,
CYP,Cyprus,NY.GDP.MKTP.KD.ZG,GDP growth (annual %),,,,,,,,,,,,,,,,,,,,,,,,,,,,,,,0.9823,-2.2008,1.7107,3.4675,5.3305,2.0987,1.1123,-3.3508,1.6607,1.7734,3.1926,-0.176,0.5076,-2.0998,-4.133,-1.1761,-2.3306,2.437,0.2999,0.2496,-0.8658,-6.4862,5.366,-0.9055,0.5641,-2.042,4.025,1.9538,-0.4707,0.6146,5.7906,1.4128,1.1409,-0.7583,,
CYP,Cyprus,SL.UEM.TOTL.NE.ZS,"Unemployment, total (% of total labor force) (national estimate)",,,,,,,,,,,,,,,,,,,,,,,,,,,,,,,11.2777,12.1449,12.3877,12.7748,11.1007,11.6624,11.9346,12.2232,12.1524,12.1641,12.429,11.7733,12.692,12.4417,12.065,13.0254,13.0032,12.6914,10.7157,13.0144,12.6223,13.2282,12.8437,13.0141,12.6643,12.8993,13.222,12.3332,11.4388,12.0712,12.4199,12.2624,11.6017,11.4094,,
CZE,Czechia,EG.FEC.RNEW.ZS,Renewable energy consumption (% of total final energy consumption),,,,,,,,,,,,,,,,,,,,,,,,,,,,,,,26.441,29.6888,31.384,30.2064,30.6382,28.5117,25.3391,28.0629,28.6058,28.2792,29.5327,30.4561,31.4293,29.3171,26.2158,29.2075,30.4107,32.9189,29.4877,31.7984,31.5035,31.1611,33.0844,30.0516,30.3729,31.6495,30.543,32.9893,30.6969,32.7259,32.223,33.0032,31.8038,32.1951,,
CZE,Czechia,EG.ELC.ACCS.ZS,Access to electricity (% of population),,,,,,,,,,,,,,,,,,,,,,,,,,,,,,,73.481,73.8158,73.9008,75.5185,73.6116,74.6028,73.6453,75.4518,74.512,75.4315,75.6065,76.3789,75.9619,76.1779,78.0528,77.3818,76.9553,77.4535,79.2204,77.966,77.8527,78.1062,78.4649,78.6786,78.3804,78.7548,79.2407,80.6274,80.0992,80.4884,81.9202,82.1902,81.1785,81.1495,,
CZE,Czechia,CC.EST,Control of Corruption: Estimate,,,,,,,,,,,,,,,,,,,,,,,,,,,,,,,-2.4512,-2.2644,-2.3721,-2.3939,-2.4451,-2.4399,-2.3091,-2.5,-2.2281,-2.4116,-2.3655,-2.5,-2.349,-2.3869,-2.3535,-2.1709,-2.3262,-2.4429,-2.4329,-2.2761,-2.1917,-2.3137,-2.2649,-2.2743,-2.1772,-2.5,-2.2674,-2.2295,-2.5,-2.4538,-2.4496,-2.435,-2.4053,-2.3184,,
CZE,Czechia,EN.ATM.PM25.MC.M3,"PM2.5 air pollution, mean annual exposure (micrograms per cubic meter)",,,,,,,,,,,,,,,,,,,,,,,,,,,,,,,9.4731,9.7166,6.7579,6.6675,9.8283,8.7447,7.8189,8.3246,7.4899,8.2415,6.8705,7.6978,4.9488,6.1029,6.0391,6.413,5.5048,6.0143,4.463,7.4776,6.4508,3.9368,5.1624,6.8395,5.4401,5.1292,5.9827,6.53,3.7801,6.6798,4.5742,5.6677,5.5615,4.744,,
CZE,Czechia,NY.GDP.MKTP.KD.ZG,GDP growth (annual %),,,,,,,,,,,,,,,,,,,,,,,,,,,,,,,0.6426,2.4875,7.265,-0.2025,7.4325,2.5524,3.2901,0.4849,1.2735,1.9444,0.5875,2.6794,2.1842,7.8287,0.2868,3.4584,3.8213,0.5259,4.9188,2.2059,-3.0293,4.8513,0.4094,0.5823,4.9215,2.3338,5.4961,6.2271,1.5894,5.1849,1.3131,8.7845,1.4693,5.7669,,
CZE,Czechia,SL.UEM.TOTL.NE.ZS,"Unemployment, total (% of total labor force) (national estimate)",,,,,,,,,,,,,,,,,,,,,,,,,,,,,,,9.5451,9.2813,8.788,9.0475,8.0464,9.2355,9.298,9.19,7.6366,8.4904,8.7492,9.2691,9.2679,9.0381,9.4409,8.6101,9.4284,9.3606,9.312,9.0322,10.0386,9.3698,8.6391,9.2474,9.4995,8.8292,9.6679,9.3143,7.952,9.2731,8.9202,9.3918,9.5953,9.2208,,
DEU,Germany,EG.FEC.RNEW.ZS,Renewable energy consumption (% of total final energy consumption),,,,,,,,,,,,,,,,,,,,,,,,,,,,,,,18.4953,14.9574,16.7145,17.2247,15.5701,17.4724,14.8755,15.3697,13.7399,16.9977,17.3153,19.1734,18.5471,16.5452,14.9085,18.2805,19.7863,19.2252,20.0338,17.5911,17.2316,16.841,18.353,18.4577,19.1782,18.6562,18.7976,17.6615,21.2481,19.6679,19.316,18.32,17.301,22.7308,,
DEU,Germany,EG.ELC.ACCS.ZS,Access to electricity (% of population),,,,,,,,,,,,,,,,,,,,,,,,,,,,,,,69.3895,67.8967,70.0563,70.4338,70.0453,71.4743,70.6192,69.5624,71.2379,71.3917,70.9632,72.1547,70.6117,72.9883,71.7433,71.9079,72.8548,73.5422,73.577,73.1017,73.5409,73.2894,74.2661,75.5558,74.9424,75.8833,76.6101,75.2254,75.7966,77.9328,77.6013,75.3579,77.2555,77.1963,,
DEU,Germany,CC.EST,Control of Corruption: Estimate,,,,,,,,,,,,,,,,,,,,,,,,,,,,,,,1.4491,1.2606,1.2492,1.2688,1.2813,1.4478,1.2082,1.2753,1.1353,1.4708,1.5025,1.3107,1.3142,1.4044,1.5269,1.399,1.2663,1.1557,1.2162,1.3588,1.2713,1.3734,1.2836,1.223,1.2087,1.5375,1.4566,1.5576,1.4148,1.2984,1.5088,1.346,1.3765,1.3448,,
DEU,Germany,EN.ATM.PM25.MC.M3,"PM2.5 air pollution, mean annual exposure (micrograms per cubic meter)",,,,,,,,,,,,,,,,,,,,,,,,,,,,,,,18.9244,25.6719,23.9213,23.5995,22.9321,23.1899,21.9689,23.7097,20.7441,22.9039,23.3871,22.1668,22.9411,20.8178,20.776,22.4999,23.0826,19.1725,22.6878,21.01,21.4556,19.6555,20.3074,22.954,21.4741,20.7706,21.0901,21.9186,21.7655,20.9122,22.5842,22.3205,21.4048,20.7867,,
DEU,Germany,NY.GDP.MKTP.KD.ZG,GDP growth (annual %),,,,,,,,,,,,,,,,,,,,,,,,,,,,,,,3.9463,3.0887,4.955,4.5519,-0.2426,-0.4119,0.5499,4.7434,-1.6378,3.2899,3.2094,5.2096,2.7539,-1.055,-0.0954,-0.652,0.9581,1.8458,-0.6106,5.9797,-1.0102,5.6683,5.2659,4.5488,0.5686,3.1591,-0.8904,4.5803,2.118,1.2797,-0.7564,-3.8908,-0.2933,5.085,,
DEU,Germany,SL.UEM.TOTL.NE.ZS,"Unemployment, total (% of total labor force) (national estimate)",,,,,,,,,,,,,,,,,,,,,,,,,,,,,,,4.2495,4.3662,4.7787,5.3537,5.1134,3.9647,3.4796,5.6307,5.5854,4.5451,3.8157,4.9325,4.3969,4.3944,4.8981,4.6181,3.858,4.2885,4.7815,4.706,4.5819,4.9176,4.27,4.5402,2.7631,4.2261,4.8329,4.2557,4.2178,3.9302,4.9526,4.7251,4.8636,3.5878,,
DJI,Djibouti,EG.FEC.RNEW.ZS,Renewable energy consumption (% of total final energy consumption),,,,,,,,,,,,,,,,,,,,,,,,,,,,,,,8.8136,8.7243,8.8734,8.3525,9.0423,11.5838,6.2088,13.7391,11.3022,10.3999,12.4482,7.8809,9.6051,10.8424,13.9657,11.2915,12.4346,10.5054,12.8082,15.339,14.1256,12.1216,13.7855,13.7396,13.7477,15.1084,15.2435,12.9302,14.6183,12.7183,11.7884,13.2456,13.782,10.7614,,
DJI,Djibouti,EG.ELC.ACCS.ZS,Access to electricity (% of population),,,,,,,,,,,,,,,,,,,,,,,,,,,,,,,70.2263,67.5742,72.2099,71.4896,70.3292,70.7956,71.2804,70.8167,71.6921,71.6729,71.9626,72.4332,71.4872,72.8197,73.1688,73.3911,73.3654,74.6983,73.7551,74.4699,75.5759,74.7246,75.2096,75.2109,76.5279,75.5819,77.0647,76.2052,75.8505,77.3315,76.7943,77.7845,75.3545,77.7922,,
DJI,Djibouti,CC.EST,Control of Corruption: Estimate,,,,,,,,,,,,,,,,,,,,,,,,,,,,,,,0.148,0.0756,0.1368,0.1343,0.1974,0.0391,0.2411,0.3671,0.2369,0.3003,0.3345,0.3516,0.4276,0.1433,0.117,0.2972,0.2882,0.2963,0.4299,0.2045,0.2543,0.0855,0.4594,0.1628,0.1662,0.1616,0.1258,0.1156,0.1403,0.0393,0.1089,0.4371,0.2915,0.3143,,
DJI,Djibouti,EN.ATM.PM25.MC.M3,"PM2.5 air pollution, mean annual exposure (micrograms per cubic meter)",,,,,,,,,,,,,,,,,,,,,,,,,,,,,,,60.9474,61.8527,56.3644,57.0967,57.656,58.0769,58.2507,57.9511,58.8705,58.5145,57.2973,55.0382,56.7322,57.3177,57.6909,56.287,57.1653,56.1251,57.5528,56.0519,56.3082,55.5385,57.1913,56.0419,58.6217,57.7903,56.9968,55.8253,57.5123,57.8976,56.9956,59.1071,57.311,57.912,,
DJI,Djibouti,NY.GDP.MKTP.KD.ZG,GDP growth (annual %),,,,,,,,,,,,,,,,,,,,,,,,,,,,,,,3.1013,4.4566,0.7755,1.6214,3.6408,3.6227,4.0364,5.5184,-0.795,0.3313,3.3413,0.9565,11.2118,4.0567,2.5716,1.4787,1.567,2.8428,3.0474,1.6257,2.0845,6.1281,6.2287,3.3975,-0.5857,4.1137,6.6531,6.1919,4.6035,6.3235,2.9009,4.3377,1.0655,3.4981,,
DJI,Djibouti,SL.UEM.TOTL.NE.ZS,"Unemployment, total (% of total labor force) (national estimate)",,,,,,,,,,,,,,,,,,,,,,,,,,,,,,,20.2543,19.2948,19.1588,19.6382,19.4762,19.9141,19.3629,20.4487,18.9446,20.2164,19.2071,18.6915,19.7084,19.4622,19.0347,18.7488,19.5853,20.0774,19.882,19.6178,19.8289,19.5759,18.8746,18.879,19.4879,19.5092,20.015,19.9681,19.8921,19.4493,18.8992,19.7955,19.8521,18.3952,,
DMA,Dominica,EG.FEC.RNEW.ZS,Renewable energy consumption (% of total final energy consumption),,,,,,,,,,,,,,,,,,,,,,,,,,,,,,,44.6354,45.0719,46.8407,45.1473,46.8278,46.633,46.8857,45.9212,46.2261,45.4935,48.5642,49.0962,46.5628,51.2953,47.7748,51.6144,47.4198,44.8009,49.8084,49.6511,49.3728,48.1696,49.5349,48.7315,49.2993,51.7373,50.5725,51.5739,50.0403,49.97,48.4971,50.214,44.4618,50.0736,,
DMA,Dominica,EG.ELC.ACCS.ZS,Access to electricity (% of population),,,,,,,,,,,,,,,,,,,,,,,,,,,,,,,55.9267,56.6931,56.2772,57.0203,55.2483,57.1967,56.1486,56.7755,57.8424,59.2632,58.7891,58.7568,58.9765,58.6713,59.057,60.0841,58.8839,60.7166,60.1814,61.4026,61.761,59.9037,61.0269,61.0577,60.542,61.4161,64.4452,63.2298,64.526,63.9054,62.8987,63.4368,64.4629,64.5922,,
DMA,Dominica,CC.EST,Control of Corruption: Estimate,,,,,,,,,,,,,,,,,,,,,,,,,,,,,,,1.4066,1.2947,1.8705,1.459,1.4368,1.4895,1.4468,1.4907,1.6304,1.461,1.3364,1.4565,1.4202,1.6468,1.6165,1.4888,1.3225,1.3288,1.4777,1.5163,1.431,1.4183,1.4048,1.4731,1.19,1.3438,1.4007,1.6208,1.3783,1.4976,1.5031,1.6317,1.6274,1.469,,
DMA,Dominica,EN.ATM.PM25.MC.M3,"PM2.5 air pollution, mean annual exposure (micrograms per cubic meter)",,,,,,,,,,,,,,,,,,,,,,,,,,,,,,,27.3075,26.945,27.4991,27.1297,28.5312,28.2512,28.4284,29.3497,30.175,27.4877,28.8699,26.6133,28.8383,28.573,28.4134,26.9618,25.7382,24.5689,26.5207,28.8003,25.956,27.5184,27.5267,25.7552,28.0753,21.6578,24.1066,24.4873,24.5512,26.2051,26.0558,26.1317,26.3549,23.9556,,
DMA,Dominica,NY.GDP.MKTP.KD.ZG,GDP growth (annual %),,,,,,,,,,,,,,,,,,,,,,,,,,,,,,,-1.5701,2.4662,-0.1002,-2.4508,3.9037,4.9631,5.3683,1.9429,3.0402,4.9,-0.1282,4.2521,2.1639,3.7597,1.9406,4.716,2.0342,-2.2346,5.1052,-0.8935,4.608,1.2498,4.4154,4.3123,2.5507,2.7467,2.5319,-3.5592,1.7712,-1.3148,1.9033,-1.382,-1.487,5.4877,,
DMA,Dominica,SL.UEM.TOTL.NE.ZS,"Unemployment, total (% of total labor force) (national estimate)",,,,,,,,,,,,,,,,,,,,,,,,,,,,,,,4.8685,4.3317,4.4261,4.2098,4.6187,3.9957,4.8306,4.2072,4.1238,4.3446,4.0382,4.4981,4.0651,4.568,4.9418,3.9741,4.2685,4.5644,4.1158,4.5659,4.6115,4.8754,4.0308,3.8624,4.18,3.8499,4.616,3.7529,5.5003,4.9817,4.34,4.7675,3.5154,5.5954,,
DNK,Denmark,EG.FEC.RNEW.ZS,Renewable energy consumption (% of total final energy consumption),,,,,,,,,,,,,,,,,,,,,,,,,,,,,,,5.8476,6.9371,3.6162,8.4506,5.4154,7.9814,6.8395,5.9226,6.6193,8.8296,5.9651,7.1804,10.1546,14.183,10.0832,7.4435,8.6938,9.6412,9.0292,11.6842,10.463,11.9938,9.6992,13.1291,10.2951,8.8357,15.2827,7.4281,9.7506,10.124,16.5447,15.2918,14.8159,11.3167,,
DNK,Denmark,EG.ELC.ACCS.ZS,Access to electricity (% of population),,,,,,,,,,,,,,,,,,,,,,,,,,,,,,,99.5131,98.1168,98.854,98.4659,98.5326,98.6207,98.9044,99.8089,99.8659,99.797,100.0,97.9487,100.0,100.0,100.0,100.0,100.0,100.0,100.0,100.0,100.0,100.0,100.0,100.0,100.0,100.0,100.0,100.0,100.0,100.0,100.0,100.0,100.0,100.0,,
DNK,Denmark,CC.EST,Control of Corruption: Estimate,,,,,,,,,,,,,,,,,,,,,,,,,,,,,,,1.781,1.6153,1.6682,1.4779,1.4863,1.6808,1.5209,1.9325,1.4325,1.5839,1.6819,1.6361,1.5474,1.5649,1.561,1.6455,1.9141,1.6893,1.8218,1.7407,1.8136,1.3439,1.6434,1.8368,1.6113,1.8914,1.858,1.6236,1.6195,1.5583,1.6043,1.532,1.7314,1.5052,,
DNK,Denmark,EN.ATM.PM25.MC.M3,"PM2.5 air pollution, mean annual exposure (micrograms per cubic meter)",,,,,,,,,,,,,,,,,,,,,,,,,,,,,,,65.0634,65.0199,61.506,66.2425,64.6082,64.8824,62.5398,64.5314,65.2074,63.2899,66.3607,63.3439,64.909,63.5573,63.9161,60.4508,63.4344,61.6953,61.4482,65.254,62.2372,60.9729,61.8591,60.3671,64.3886,61.1143,62.8718,64.032,61.1676,62.6358,60.2127,65.3465,63.0024,61.2289,,
DNK,Denmark,NY.GDP.MKTP.KD.ZG,GDP growth (annual %),,,,,,,,,,,,,,,,,,,,,,,,,,,,,,,-0.5918,1.0553,0.4903,6.2226,-1.7235,1.6773,1.2944,1.0468,1.0687,1.0501,3.523,2.8627,2.3876,-6.2447,2.0898,-2.7988,2.9561,5.0265,-0.9753,0.6858,-0.1581,4.4289,1.5779,5.6611,2.3747,1.9464,1.5108,3.3853,-3.0039,1.5536,1.1652,3.1538,0.871,-1.2565,,
DNK,Denmark,SL.UEM.TOTL.NE.ZS,"Unemployment, total (% of total labor force) (national estimate)",,,,,,,,,,,,,,,,,,,,,,,,,,,,,,,5.9497,5.4046,4.9834,6.3096,6.2355,6.1795,6.5975,5.6135,5.2304,5.911,5.7723,5.5249,5.9061,5.6402,5.028,5.7254,5.3778,6.0618,5.618,6.5018,6.7479,6.2857,5.1705,6.6986,6.7339,5.9554,6.6075,5.6702,5.0129,5.5659,6.8107,5.2005,5.9458,5.9631,,
DOM,Dominican Republic,EG.FEC.RNEW.ZS,Renewable energy consumption (% of total final energy consumption),,,,,,,,,,,,,,,,,,,,,,,,,,,,,,,16.489,16.7779,17.9595,16.8406,15.2708,18.695,20.5617,20.3041,17.0955,16.3625,18.4466,22.3005,20.6062,20.8729,21.3947,20.6065,20.1562,21.3896,19.1226,17.536,21.961,23.1404,18.5785,22.6088,24.4765,21.2605,19.779,21.811,20.6139,20.6315,22.8813,18.9575,19.4271,22.5035,,
DOM,Dominican Republic,EG.ELC.ACCS.ZS,Access to electricity (% of population),,,,,,,,,,,,,,,,,,,,,,,,,,,,,,,51.2479,51.7906,53.266,52.0994,52.7443,51.7354,53.3801,52.5947,53.3229,53.4287,54.5922,52.9678,52.4392,54.345,55.1406,55.1376,56.2516,55.8657,55.3147,54.1555,56.0759,57.3382,56.4522,57.0384,57.6029,56.7036,58.2644,59.3255,58.1275,57.6125,58.7125,57.2363,59.5353,59.8776,,
DOM,Dominican Republic,CC.EST,Control of Corruption: Estimate,,,,,,,,,,,,,,,,,,,,,,,,,,,,,,,0.4472,0.2229,0.2952,0.1428,0.2034,0.0631,0.2228,0.2095,0.282,0.1713,0.2561,0.2061,0.2064,0.2558,0.251,0.3375,0.2317,0.2041,0.2244,0.1604,0.2029,0.4899,0.1366,0.2127,0.1996,0.2165,0.2064,0.2796,0.0409,0.3706,0.322,0.097,-0.0262,0.1289,,
DOM,Dominican Republic,EN.ATM.PM25.MC.M3,"PM2.5 air pollution, mean annual exposure (micrograms per cubic meter)",,,,,,,,,,,,,,,,,,,,,,,,,,,,,,,65.3767,69.5311,66.3955,62.7893,64.3862,65.2608,65.6412,63.2085,64.8982,63.9442,63.285,65.25,65.9415,65.9622,65.4822,63.7946,65.5325,64.8442,64.5016,63.3031,63.3953,64.1715,67.6405,64.3525,62.9039,62.4921,62.923,66.8466,62.9018,64.781,62.7768,63.6524,64.3683,62.2428,,
DOM,Dominican Republic,NY.GDP.MKTP.KD.ZG,GDP growth (annual %),,,,,,,,,,,,,,,,,,,,,,,,,,,,,,,0.8681,6.6181,4.9324,4.4476,4.4391,3.6198,7.5153,2.5807,3.914,-1.1564,0.4085,-0.5312,5.656,-3.9105,1.4651,-5.0134,0.3927,1.2435,5.9331,3.4625,0.388,5.1358,2.5155,2.5648,-0.5358,-0.0041,0.4081,2.587,2.6656,6.3311,3.4335,-4.298,3.1275,-1.1542,,
DOM,Dominican Republic,SL.UEM.TOTL.NE.ZS,"Unemployment, total (% of total labor force) (national estimate)",,,,,,,,,,,,,,,,,,,,,,,,,,,,,,,7.2759,7.3528,7.4272,7.0713,7.8606,7.0535,7.9372,8.8774,7.0942,7.6166,6.4971,7.6084,8.0802,8.1192,7.7976,8.2035,9.0319,8.615,7.4976,7.0333,7.5558,7.2854,7.9846,7.1683,7.7225,8.1779,7.7085,7.2857,8.3463,6.8194,7.595,7.738,7.7668,7.8491,,
DZA,Algeria,EG.FEC.RNEW.ZS,Renewable energy consumption (% of total final energy consumption),,,,,,,,,,,,,,,,,,,,,,,,,,,,,,,82.6101,81.4684,80.9531,81.024,80.7662,83.7143,80.9962,84.1328,82.6272,81.6967,84.126,81.5843,84.4656,83.7647,82.2966,84.6965,84.8824,86.2543,86.0215,85.2218,82.134,89.4364,81.882,86.7377,85.8518,82.7909,85.0406,85.2817,88.2004,84.3126,85.3653,81.3671,89.6587,84.1983,,
DZA,Algeria,EG.ELC.ACCS.ZS,Access to electricity (% of population),,,,,,,,,,,,,,,,,,,,,,,,,,,,,,,83.2248,83.1322,83.3849,84.3612,85.3003,84.4145,84.9874,84.9764,85.7773,84.843,86.3236,86.6017,86.8293,85.6852,86.3286,86.9049,85.8666,88.4892,87.4535,87.9404,87.5017,87.1518,87.9801,88.8887,89.502,89.3427,89.7407,89.4437,90.3603,91.3996,91.0271,91.3609,91.1985,90.0108,,
DZA,Algeria,CC.EST,Control of Corruption: Estimate,,,,,,,,,,,,,,,,,,,,,,,,,,,,,,,0.1464,0.3264,0.2705,0.3246,0.4729,0.3589,0.4228,0.2831,0.1749,0.2648,0.1752,0.4588,0.3666,0.3342,0.4201,0.0294,0.3423,0.1145,0.2709,0.2344,0.3512,0.2992,0.4332,0.1995,0.3569,0.2912,0.0755,0.1615,0.2538,0.4052,0.3274,0.1317,0.2549,0.5139,,
DZA,Algeria,EN.ATM.PM25.MC.M3,"PM2.5 air pollution, mean annual exposure (micrograms per cubic meter)",,,,,,,,,,,,,,,,,,,,,,,,,,,,,,,57.1631,56.4253,57.5739,57.9014,55.992,57.3501,56.0229,57.5153,56.6108,56.9992,55.0575,54.8843,57.4545,55.8372,56.3038,55.3367,57.0644,54.7245,55.3529,56.6553,57.1557,54.5306,58.1758,55.6261,53.5119,55.5498,54.3418,55.4874,54.692,54.7877,53.2289,56.0014,52.7021,52.6931,,
DZA,Algeria,NY.GDP.MKTP.KD.ZG,GDP growth (annual %),,,,,,,,,,,,,,,,,,,,,,,,,,,,,,,2.3066,5.3953,0.5067,3.1406,4.0716,3.4249,0.6102,-1.3394,-4.1307,0.7311,4.3334,-1.4222,3.1387,-0.9872,1.6534,3.1577,-0.2605,1.8144,0.3505,3.1511,1.9765,1.5295,5.2841,3.044,-0.3377,1.1735,1.1985,1.589,7.6995,2.3153,-3.7016,0.0312,-3.4427,0.5637,,
DZA,Algeria,SL.UEM.TOTL.NE.ZS,"Unemployment, total (% of total labor force) (national estimate)",,,,,,,,,,,,,,,,,,,,,,,,,,,,,,,6.2178,6.7756,6.4511,7.4035,7.2117,7.3629,7.1592,6.5143,7.4682,8.1725,7.416,6.9985,6.4974,6.7574,7.4379,7.748,7.3419,7.6114,7.5653,7.4647,6.8822,7.2984,6.7872,7.2201,7.3769,8.0508,6.5566,7.4522,7.952,7.5909,7.6279,7.5053,7.8606,6.6677,,
ECU,Ecuador,EG.FEC.RNEW.ZS,Renewable energy consumption (% of total final energy consumption),,,,,,,,,,,,,,,,,,,,,,,,,,,,,,,30.706,33.6151,29.4555,36.3891,36.5192,33.3611,33.6363,34.3831,34.7819,35.0822,36.0943,34.7826,37.1642,36.3197,34.3639,38.398,33.1613,35.8435,38.1116,34.8817,37.0969,37.7145,35.0568,36.7829,36.7648,36.1243,41.9812,36.0016,39.6877,37.0422,35.8045,38.3334,39.576,40.2688,,
ECU,Ecuador,EG.ELC.ACCS.ZS,Access to electricity (% of population),,,,,,,,,,,,,,,,,,,,,,,,,,,,,,,85.5098,86.8662,84.9604,84.4795,85.6223,85.297,86.5008,84.9723,88.1547,87.1948,85.4128,86.4428,87.9129,88.4511,86.7422,88.5804,86.7021,88.4385,89.6496,88.5688,88.0545,89.627,89.2762,90.5136,89.5517,89.8919,89.1432,91.146,91.1313,90.5593,91.915,92.8317,92.0875,92.7245,,
ECU,Ecuador,CC.EST,Control of Corruption: Estimate,,,,,,,,,,,,,,,,,,,,,,,,,,,,,,,-2.3952,-2.5,-2.1812,-2.4845,-2.3493,-2.3357,-2.4448,-2.3552,-2.3985,-2.5,-2.4679,-2.5,-2.4834,-2.5,-2.2929,-2.2358,-2.3107,-2.2756,-2.4694,-2.5,-2.5,-2.3507,-2.4008,-2.4373,-2.2726,-2.3794,-2.5,-2.5,-2.3462,-2.303,-2.3618,-2.2004,-2.2318,-2.3751,,
ECU,Ecuador,EN.ATM.PM25.MC.M3,"PM2.5 air pollution, mean annual exposure (micrograms per cubic meter)",,,,,,,,,,,,,,,,,,,,,,,,,,,,,,,13.6083,12.8212,14.1251,15.756,17.2861,15.0923,16.1393,13.9382,15.1603,15.3812,11.0968,13.366,15.3307,14.2379,11.9514,10.021,13.0375,13.3988,12.1003,13.5608,14.0258,14.1922,9.5723,11.0547,12.4892,13.7244,13.52,13.414,12.051,12.0547,11.3737,13.5385,10.9254,13.5012,,
ECU,Ecuador,NY.GDP.MKTP.KD.ZG,GDP growth (annual %),,,,,,,,,,,,,,,,,,,,,,,,,,,,,,,0.2266,-0.4056,-1.9348,-3.6818,-1.9121,-1.118,-6.2155,-0.7864,2.0179,1.1251,-1.5335,-0.1756,-1.6834,0.0789,3.5573,2.1283,1.009,-1.5252,1.5819,-4.5102,-0.9239,1.1663,1.5581,1.3817,0.4441,-0.7823,1.052,-2.6751,-2.4047,-0.1387,0.14,-4.857,0.8449,1.6388,,
ECU,Ecuador,SL.UEM.TOTL.NE.ZS,"Unemployment, total (% of total labor force) (national estimate)",,,,,,,,,,,,,,,,,,,,,,,,,,,,,,,3.6537,4.8796,3.3509,3.5118,3.4949,3.6543,3.528,2.989,3.4191,3.6436,4.3067,4.7935,4.3601,3.3047,3.3445,3.6127,4.5847,3.6097,3.0286,3.4418,4.0709,4.0374,3.5923,4.0341,2.5558,3.7443,4.1227,3.276,3.2742,2.7592,4.4873,3.3323,3.8129,3.9943,,
EGY,"Egypt, Arab Rep.",EG.FEC.RNEW.ZS,Renewable energy consumption (% of total final energy consumption),,,,,,,,,,,,,,,,,,,,,,,,,,,,,,,76.461,73.2791,72.658,74.233,76.605,73.8465,72.4271,71.4053,72.1943,76.5156,74.2956,73.8718,73.8049,75.5569,75.0579,75.1406,78.5355,79.0629,72.9168,76.942,74.8831,76.0903,77.3554,76.4614,77.4978,78.5328,77.926,76.1932,76.3784,74.9074,76.229,82.011,76.6528,76.0001,,
EGY,"Egypt, Arab Rep.",EG.ELC.ACCS.ZS,Access to electricity (% of population),,,,,,,,,,,,,,,,,,,,,,,,,,,,,,,80.9937,80.8995,81.0813,82.615,82.1771,81.5638,81.8982,82.0857,83.4376,82.7412,81.8032,83.4491,82.5081,85.7351,83.4652,84.3583,84.9443,84.7568,85.0057,85.8252,86.9587,86.6018,87.4206,85.6505,86.9917,87.112,87.5186,88.5887,87.5611,87.6634,88.6649,87.0652,88.5483,88.8804,,
EGY,"Egypt, Arab Rep.",CC.EST,Control of Corruption: Estimate,,,,,,,,,,,,,,,,,,,,,,,,,,,,,,,-0.2396,-0.0023,-0.2566,-0.1454,-0.094,0.0333,-0.1304,-0.0168,-0.0451,-0.1143,-0.2599,-0.3013,-0.1164,-0.1943,-0.0188,-0.0396,-0.1513,-0.2681,-0.0678,-0.2513,-0.2201,-0.2467,-0.1458,0.0113,-0.1297,-0.1823,-0.3122,-0.0629,-0.2228,-0.115,-0.1716,-0.0285,-0.148,-0.1362,,
EGY,"Egypt, Arab Rep.",EN.ATM.PM25.MC.M3,"PM2.5 air pollution, mean annual exposure (micrograms per cubic meter)",,,,,,,,,,,,,,,,,,,,,,,,,,,,,,,14.0445,16.3963,14.4886,12.943,13.0007,12.1286,11.4109,11.9268,11.5177,13.576,10.9091,14.4357,13.484,12.3067,12.1964,11.28,12.441,13.588,10.8212,9.4958,12.7707,12.1225,9.8756,10.3758,10.1072,10.2291,10.7504,10.7561,10.0997,9.8587,10.5727,11.0874,10.2815,12.4139,,
EGY,"Egypt, Arab Rep.",NY.GDP.MKTP.KD.ZG,GDP growth (annual %),,,,,,,,,,,,,,,,,,,,,,,,,,,,,,,2.9825,-2.2648,3.0216,3.2261,0.6254,-2.0257,1.7324,1.693,-1.0918,-1.9158,1.4934,1.1296,0.6691,1.5037,-1.0447,0.6252,3.0456,0.8373,-2.4677,0.5305,-0.9631,2.3801,2.5094,-2.4347,3.6098,-1.0682,5.6102,1.5903,-1.4037,-1.1427,2.5825,0.734,1.4706,5.7442,,
EGY,"Egypt, Arab Rep.",SL.UEM.TOTL.NE.ZS,"Unemployment, total (% of total labor force) (national estimate)",,,,,,,,,,,,,,,,,,,,,,,,,,,,,,,10.6994,11.079,11.7589,11.1843,10.2457,11.3017,10.4675,11.7524,10.6376,12.5338,11.7827,10.6507,11.059,11.4258,11.4409,11.2702,11.6751,10.9875,10.8657,10.8756,11.4782,11.2316,11.1947,11.4466,10.0235,11.2041,11.1583,11.8834,10.2847,11.8276,11.0867,11.2935,11.887,11.3294,,
ERI,Eritrea,EG.FEC.RNEW.ZS,Renewable energy consumption (% of total final energy consumption),,,,,,,,,,,,,,,,,,,,,,,,,,,,,,,19.6569,19.4907,18.1892,19.2492,18.0251,19.517,15.0843,20.7642,19.8127,19.5337,20.7957,17.639,24.5147,20.6006,20.6645,19.1754,21.304,24.1801,23.628,23.415,22.9489,21.2891,19.2558,21.9041,21.9844,24.7037,23.3749,26.1308,25.4511,22.2932,19.7659,26.2773,26.3749,21.0737,,
ERI,Eritrea,EG.ELC.ACCS.ZS,Access to electricity (% of population),,,,,,,,,,,,,,,,,,,,,,,,,,,,,,,64.4077,63.7561,63.8289,65.2422,65.2761,64.9714,65.0789,65.4435,64.8803,65.4063,64.9785,65.6839,65.9071,65.9421,66.8098,66.6912,67.6021,66.1525,67.6097,68.0556,67.9519,68.3124,67.4322,69.2355,69.7184,69.8452,70.5313,70.1116,70.5833,70.5752,71.2504,69.6886,70.4855,72.7199,,
ERI,Eritrea,CC.EST,Control of Corruption: Estimate,,,,,,,,,,,,,,,,,,,,,,,,,,,,,,,-0.8027,-0.5243,-0.3668,-0.5187,-0.5561,-0.4919,-0.5499,-0.5038,-0.5895,-0.3744,-0.3367,-0.5235,-0.6739,-0.5703,-0.5296,-0.4468,-0.6284,-0.5998,-0.4462,-0.3948,-0.5821,-0.6675,-0.1134,-0.4135,-0.5395,-0.4032,-0.5224,-0.4034,-0.4883,-0.4965,-0.5211,-0.6812,-0.2749,-0.6205,,
ERI,Eritrea,EN.ATM.PM25.MC.M3,"PM2.5 air pollution, mean annual exposure (micrograms per cubic meter)",,,,,,,,,,,,,,,,,,,,,,,,,,,,,,,55.3072,56.948,55.7451,57.0297,58.0589,58.4402,58.0894,56.3288,56.7816,57.2391,53.9106,57.3231,54.2013,59.3678,55.6205,55.8699,54.9127,55.0423,59.3184,57.2378,53.4235,57.9236,57.3771,55.0854,55.8873,55.3248,58.2261,53.9928,55.3263,54.385,52.7977,58.1547,53.0149,55.0375,,
ERI,Eritrea,NY.GDP.MKTP.KD.ZG,GDP growth (annual %),,,,,,,,,,,,,,,,,,,,,,,,,,,,,,,-1.9938,1.3602,3.4128,0.2961,3.8249,1.6853,5.2581,5.7623,0.8911,2.5498,2.8166,3.9063,2.3939,2.8334,1.7494,2.646,5.6028,3.9731,4.1111,4.1656,1.9734,3.155,-0.355,5.5299,-4.5995,2.1401,5.2102,-1.0517,3.3574,0.656,1.4359,4.7228,2.8531,-2.728,,
ERI,Eritrea,SL.UEM.TOTL.NE.ZS,"Unemployment, total (% of total labor force) (national estimate)",,,,,,,,,,,,,,,,,,,,,,,,,,,,,,,3.282,4.2578,3.9946,4.6442,4.6115,3.599,5.0218,3.7824,3.2888,3.4533,2.6418,4.5737,4.5675,3.2624,3.6562,3.818,3.29,2.8926,3.665,3.6096,3.576,3.8815,4.4849,3.6186,3.8554,4.1336,4.0472,3.463,3.8184,4.0439,3.206,4.4019,4.486,3.4088,,
ESP,Spain,EG.FEC.RNEW.ZS,Renewable energy consumption (% of total final energy consumption),,,,,,,,,,,,,,,,,,,,,,,,,,,,,,,35.3563,36.4036,34.1778,36.3822,35.8955,32.7832,36.7873,33.8187,38.0474,34.9766,36.1464,39.3636,37.7618,34.7601,35.0392,36.0204,38.1583,38.2356,35.9828,35.4846,38.5322,37.7553,42.5834,38.4922,42.1975,36.3782,35.7226,36.7788,41.5473,42.8312,37.9047,38.6979,37.431,36.2957,,
ESP,Spain,EG.ELC.ACCS.ZS,Access to electricity (% of population),,,,,,,,,,,,,,,,,,,,,,,,,,,,,,,76.2556,76.1093,76.1893,75.3108,77.9929,76.5282,77.6078,76.2672,77.5285,78.164,78.4426,78.5546,79.0765,78.0265,79.3388,79.5219,79.8662,79.9888,79.1623,79.3767,78.9095,81.5849,81.843,82.1057,81.9263,80.2244,81.3595,82.5672,82.7893,82.7527,83.476,83.4402,83.7775,83.4196,,
ESP,Spain,CC.EST,Control of Corruption: Estimate,,,,,,,,,,,,,,,,,,,,,,,,,,,,,,,0.1335,-0.036,-0.144,-0.0768,-0.0261,0.135,0.0106,-0.0067,-0.1342,0.1099,-0.0626,0.0037,0.1933,0.0767,-0.1797,-0.1967,0.008,-0.1298,0.0935,0.0208,0.0355,-0.0691,0.2246,0.3568,-0.0177,0.058,0.0274,-0.0155,-0.0842,-0.1145,-0.1206,0.0643,-0.0467,-0.2937,,
ESP,Spain,EN.ATM.PM25.MC.M3,"PM2.5 air pollution, mean annual exposure (micrograms per cubic meter)",,,,,,,,,,,,,,,,,,,,,,,,,,,,,,,78.4689,77.6642,79.6616,78.1213,75.2636,74.0571,76.2424,76.304,78.5764,77.0683,78.7022,74.9344,78.2895,77.8431,73.6543,78.5856,76.6618,77.0297,75.0643,78.1945,74.4229,77.3698,77.2725,74.5004,78.8567,76.1489,76.7025,73.351,78.7382,73.6448,76.939,73.8295,74.3132,76.3448,,
ESP,Spain,NY.GDP.MKTP.KD.ZG,GDP growth (annual %),,,,,,,,,,,,,,,,,,,,,,,,,,,,,,,5.033,-0.7141,5.1903,5.0766,0.1192,6.4607,-1.178,0.9022,3.6616,0.3302,3.1237,3.0668,1.9964,4.5451,1.8932,3.043,5.3303,4.4408,4.4292,-0.4088,3.7761,0.2679,-0.7394,2.2849,0.2034,4.4407,4.5005,-2.2924,0.3934,-1.1853,1.3075,3.6021,1.8584,0.9897,,
ESP,Spain,SL.UEM.TOTL.NE.ZS,"Unemployment, total (% of total labor force) (national estimate)",,,,,,,,,,,,,,,,,,,,,,,,,,,,,,,6.42,4.6175,6.3883,5.4977,5.7308,5.5062,6.5413,5.1544,5.7758,6.0336,4.9644,5.3099,5.6958,5.3266,5.3621,5.595,6.0947,5.5985,6.3091,5.271,5.1439,6.7331,5.4409,5.1144,4.8989,6.3074,5.5992,5.643,5.6903,6.2764,5.6801,6.9419,5.8368,6.3008,,
EST,Estonia,EG.FEC.RNEW.ZS,Renewable energy consumption (% of total final energy consumption),,,,,,,,,,,,,,,,,,,,,,,,,,,,,,,12.256,10.7226,9.7716,11.7594,12.2657,10.2503,11.8782,14.1679,15.9854,13.7042,15.871,11.0368,13.8493,15.2725,10.9528,11.9243,16.5213,11.2453,10.6632,16.5515,16.039,14.6597,13.8541,13.2185,14.8094,17.5551,15.0226,19.0294,13.0496,14.9561,14.3994,13.1252,15.1393,16.4302,,
EST,Estonia,EG.ELC.ACCS.ZS,Access to electricity (% of population),,,,,,,,,,,,,,,,,,,,,,,,,,,,,,,77.1766,78.7436,77.6288,78.4274,77.8101,79.3497,80.176,78.9321,77.9631,78.5682,79.4828,79.8725,80.316,80.3754,80.2628,79.9983,81.0782,82.4912,82.0732,81.935,82.5809,81.7104,81.8506,81.909,82.657,82.6696,84.2239,83.127,83.1151,85.5613,83.8962,84.6301,85.1183,84.0979,,
EST,Estonia,CC.EST,Control of Corruption: Estimate,,,,,,,,,,,,,,,,,,,,,,,,,,,,,,,-2.2192,-2.291,-2.1804,-2.449,-2.3555,-2.3627,-2.3358,-2.5,-2.3541,-2.5,-2.3244,-2.5,-2.5,-2.2692,-2.4331,-2.486,-2.2149,-2.3281,-2.2628,-2.3874,-2.0459,-2.44,-2.1581,-2.3748,-2.5,-2.3095,-2.3297,-2.4936,-2.4781,-2.3704,-2.3255,-2.5,-2.2411,-2.4268,,
EST,Estonia,EN.ATM.PM25.MC.M3,"PM2.5 air pollution, mean annual exposure (micrograms per cubic meter)",,,,,,,,,,,,,,,,,,,,,,,,,,,,,,,52.7933,56.1225,54.5955,56.3752,55.1279,54.3887,54.0818,54.955,53.5306,52.7921,54.9058,53.6942,53.8813,55.385,53.5001,53.6135,52.6115,54.077,53.8757,54.6221,52.3222,52.4242,54.2191,53.3292,51.5116,54.7508,50.1632,53.8074,50.6531,55.2996,50.074,54.0393,52.1085,51.601,,
EST,Estonia,NY.GDP.MKTP.KD.ZG,GDP growth (annual %),,,,,,,,,,,,,,,,,,,,,,,,,,,,,,,4.1945,5.3108,1.47,1.6916,5.355,-0.5373,2.2705,11.3328,1.311,6.6005,2.2662,5.0036,5.3669,6.5534,3.2304,8.7032,2.2577,4.3166,4.3442,0.9261,3.0164,4.1348,2.6507,9.8333,1.6345,6.6796,5.8722,3.6964,1.568,1.8104,2.4361,-0.7333,1.2224,0.0248,,
EST,Estonia,SL.UEM.TOTL.NE.ZS,"Unemployment, total (% of total labor force) (national estimate)",,,,,,,,,,,,,,,,,,,,,,,,,,,,,,,13.456,13.0923,13.176,13.0775,12.8665,13.5134,12.4777,12.8364,13.1566,12.1225,14.3314,12.7973,12.8541,13.4115,13.2405,12.8021,12.8481,12.031,12.5048,13.0417,13.005,13.3936,12.7228,12.0894,13.3114,13.5011,13.2322,12.7012,13.3053,14.4975,12.8406,12.1272,12.4899,13.0958,,
ETH,Ethiopia,EG.FEC.RNEW.ZS,Renewable energy consumption (% of total final energy consumption),,,,,,,,,,,,,,,,,,,,,,,,,,,,,,,32.844,36.5424,37.1143,39.5738,39.274,38.5328,32.6282,38.9457,38.6646,37.9155,34.0931,36.15,35.5199,33.9736,38.1478,36.7079,43.7042,38.2661,41.3411,35.7654,37.9934,39.3974,37.5373,38.6592,39.2177,39.3358,43.6638,40.86,41.2126,41.4829,41.7788,40.5378,40.2121,41.3372,,
ETH,Ethiopia,EG.ELC.ACCS.ZS,Access to electricity (% of population),,,,,,,,,,,,,,,,,,,,,,,,,,,,,,,77.7392,77.9647,77.1214,78.178,77.6581,78.0908,77.9349,78.4184,79.8868,79.1377,79.422,78.406,79.5663,79.8707,79.6504,80.5811,80.4704,81.1277,81.4109,80.7991,81.4948,82.1256,83.2612,82.7691,82.2842,83.3829,84.6798,84.2971,84.2518,84.6442,85.4657,85.4242,85.2671,85.9186,,
ETH,Ethiopia,CC.EST,Control of Corruption: Estimate,,,,,,,,,,,,,,,,,,,,,,,,,,,,,,,-0.3385,-0.389,-0.1899,-0.2005,-0.274,-0.1096,-0.4323,-0.2729,-0.2669,-0.4051,-0.0294,-0.3718,-0.2793,-0.0998,-0.1312,-0.3417,-0.1268,-0.174,0.0712,-0.1603,-0.2257,-0.3115,-0.298,-0.3078,-0.0442,-0.2066,-0.1409,-0.027,-0.4918,-0.0553,-0.2021,-0.1565,-0.3081,-0.2994,,
ETH,Ethiopia,EN.ATM.PM25.MC.M3,"PM2.5 air pollution, mean annual exposure (micrograms per cubic meter)",,,,,,,,,,,,,,,,,,,,,,,,,,,,,,,52.1107,54.8743,52.7224,53.0357,50.7694,50.0771,49.7262,50.085,47.6583,49.57,49.7369,50.2344,50.6151,50.8811,50.235,49.3053,47.1524,49.1545,48.4788,50.5565,51.1414,51.1053,50.7529,49.3371,48.6745,48.2568,47.0362,50.7052,48.8754,47.1879,47.7377,47.597,48.882,50.3386,,
ETH,Ethiopia,NY.GDP.MKTP.KD.ZG,GDP growth (annual %),,,,,,,,,,,,,,,,,,,,,,,,,,,,,,,2.8666,-1.8947,3.2636,3.3461,3.1743,2.1679,4.2802,3.9019,3.6745,4.7682,2.662,2.5201,7.1869,5.135,5.804,6.8019,5.0515,6.0576,-0.2118,4.247,3.2798,7.9308,6.0557,2.1605,4.6686,4.1558,4.8724,1.1895,4.6366,3.1662,4.4427,1.9256,2.2739,6.6712,,
ETH,Ethiopia,SL.UEM.TOTL.NE.ZS,"Unemployment, total (% of total labor force) (national estimate)",,,,,,,,,,,,,,,,,,,,,,,,,,,,,,,9.038,9.0749,9.538,9.1778,9.1212,9.6163,8.8112,9.0598,10.5908,9.7935,9.1905,9.7729,9.8474,10.061,9.5002,10.052,8.5445,9.0356,9.6457,9.7286,9.1079,9.6935,9.2518,9.4253,10.0761,10.0182,9.0652,9.0351,9.3582,9.5504,9.2348,10.0841,9.7374,9.7668,,
FIN,Finland,EG.FEC.RNEW.ZS,Renewable energy consumption (% of total final energy consumption),,,,,,,,,,,,,,,,,,,,,,,,,,,,,,,79.3622,84.3798,76.5549,84.0134,84.3639,81.7804,85.3411,82.8191,83.2201,83.9243,89.7684,86.2341,85.0975,82.0196,84.2824,82.519,85.9395,84.7262,82.3462,84.9075,83.1964,85.3477,83.4771,85.4002,86.9962,85.5391,85.0135,86.3518,87.4896,84.0309,86.9166,89.1803,87.8426,86.9608,,
FIN,Finland,EG.ELC.ACCS.ZS,Access to electricity (% of population),,,,,,,,,,,,,,,,,,,,,,,,,,,,,,,94.3596,94.4598,94.9507,92.9786,93.605,95.9017,94.1436,95.919,95.5662,95.3008,96.6275,96.7586,98.5361,96.5979,98.4999,97.8797,97.319,98.7372,98.8004,98.6265,99.0608,98.6202,98.6872,100.0,99.6686,100.0,100.0,100.0,99.7043,100.0,100.0,100.0,100.0,100.0,,
FIN,Finland,CC.EST,Control of Corruption: Estimate,,,,,,,,,,,,,,,,,,,,,,,,,,,,,,,-1.429,-1.4565,-1.4349,-1.3589,-1.415,-1.5403,-1.6558,-1.3209,-1.5496,-1.5778,-1.7295,-1.4804,-1.5032,-1.7029,-1.4667,-1.5808,-1.1982,-1.5894,-1.5733,-1.626,-1.3677,-1.5658,-1.608,-1.4362,-1.6867,-1.446,-1.3073,-1.4531,-1.4445,-1.4166,-1.3159,-1.3759,-1.4683,-1.4126,,
FIN,Finland,EN.ATM.PM25.MC.M3,"PM2.5 air pollution, mean annual exposure (micrograms per cubic meter)",,,,,,,,,,,,,,,,,,,,,,,,,,,,,,,9.5668,11.9802,9.2274,10.1052,5.9519,11.0979,9.4499,12.0024,10.841,11.8619,8.4703,11.5733,13.0945,11.0019,10.9612,9.9501,8.8287,10.6775,7.1966,8.7491,6.6391,8.1602,10.0988,9.8138,9.0521,9.1513,5.9869,8.1769,7.6337,7.5871,9.3951,7.1249,7.4287,5.1251,,
FIN,Finland,NY.GDP.MKTP.KD.ZG,GDP growth (annual %),,,,,,,,,,,,,,,,,,,,,,,,,,,,,,,-0.7818,-2.7661,0.1515,-2.4243,0.2149,-0.4082,4.1336,1.1965,-4.6456,-3.2087,0.0915,-2.3711,-7.4674,3.3274,1.7541,1.2559,-1.5648,1.0227,-1.8074,0.4656,-2.348,3.7442,-3.9721,3.0342,0.0508,-1.2702,0.371,1.7869,3.3704,0.7364,-2.2732,0.0926,4.4955,3.3227,,
FIN,Finland,SL.UEM.TOTL.NE.ZS,"Unemployment, total (% of total labor force) (national estimate)",,,,,,,,,,,,,,,,,,,,,,,,,,,,,,,3.7642,3.7076,3.6595,3.8891,3.0815,2.6322,3.3443,2.901,2.7823,2.9496,4.5524,3.3778,3.4907,2.6986,2.3879,2.9002,4.0289,3.4769,3.6091,3.6791,3.0141,4.0038,2.9934,4.0129,3.5309,2.4152,2.9358,2.4173,3.8914,3.2974,2.1956,3.4976,3.0412,2.5679,,
FJI,Fiji,EG.FEC.RNEW.ZS,Renewable energy consumption (% of total final energy consumption),,,,,,,,,,,,,,,,,,,,,,,,,,,,,,,15.9114,12.92,12.2686,12.2066,10.1289,10.6963,16.0253,12.6577,13.7996,9.8168,11.4193,15.4251,15.1109,18.0122,17.3413,14.344,15.9013,14.4722,19.3651,17.7035,15.8948,16.1062,18.7451,17.1646,19.2727,11.9181,17.3779,15.5746,20.2682,19.9982,17.1211,20.2767,20.9217,17.6543,,
FJI,Fiji,EG.ELC.ACCS.ZS,Access to electricity (% of population),,,,,,,,,,,,,,,,,,,,,,,,,,,,,,,81.373,79.6204,79.7238,80.8381,80.1124,80.7137,82.023,81.1608,80.0394,81.9393,81.3384,82.8377,82.9524,83.8226,83.6215,84.0176,82.8602,84.2886,85.4702,83.5945,85.8352,84.206,84.2139,85.3824,85.9682,86.3748,85.126,86.4931,85.847,85.4543,86.1525,86.5447,87.8127,88.5672,,
FJI,Fiji,CC.EST,Control of Corruption: Estimate,,,,,,,,,,,,,,,,,,,,,,,,,,,,,,,-2.3208,-2.1018,-2.2853,-2.0686,-2.2188,-2.2702,-2.0481,-2.2145,-2.182,-2.4105,-2.0305,-2.0455,-2.1434,-2.3274,-1.9989,-2.224,-2.1985,-1.8666,-2.2285,-2.055,-2.0766,-2.0972,-2.1102,-2.0989,-2.1114,-2.1503,-1.9627,-2.3016,-2.0215,-2.0454,-2.0602,-2.01,-2.1552,-2.3683,,
FJI,Fiji,EN.ATM.PM25.MC.M3,"PM2.5 air pollution, mean annual exposure (micrograms per cubic meter)",,,,,,,,,,,,,,,,,,,,,,,,,,,,,,,32.0045,30.5461,30.8551,30.0093,31.0769,30.818,28.0666,32.6033,34.8034,32.3023,31.0085,31.1508,30.5214,31.208,30.9374,29.6514,33.3573,28.5222,31.7504,30.4411,33.3642,30.9442,29.8131,29.9014,30.2528,28.3987,28.8826,27.2755,28.4885,29.9338,30.1632,26.6639,29.3471,30.318,,
FJI,Fiji,NY.GDP.MKTP.KD.ZG,GDP growth (annual %),,,,,,,,,,,,,,,,,,,,,,,,,,,,,,,2.8947,1.7175,2.2715,1.95,1.7101,3.7365,9.0712,1.4427,2.5066,3.1727,1.5836,6.0475,-2.6253,1.9743,5.3477,2.5667,1.2498,4.4038,5.5678,3.8285,1.2989,4.4424,2.2968,5.1649,7.0101,-3.212,3.5796,-1.0374,9.4064,2.1316,5.1679,3.2136,1.2942,0.9968,,
FJI,Fiji,SL.UEM.TOTL.NE.ZS,"Unemployment, total (% of total labor force) (national estimate)",,,,,,,,,,,,,,,,,,,,,,,,,,,,,,,4.1885,3.8736,4.3674,3.4233,3.5396,3.262,3.2521,2.8747,3.4376,3.001,3.6166,3.4806,3.5395,4.2332,3.3768,3.774,4.4214,4.0489,3.9722,3.2423,3.5104,2.7365,3.6451,3.5329,3.4073,3.9092,2.7917,4.2131,3.8465,3.3603,3.3213,3.6359,4.156,3.4464,,
FRA,France,EG.FEC.RNEW.ZS,Renewable energy consumption (% of total final energy consumption),,,,,,,,,,,,,,,,,,,,,,,,,,,,,,,70.4455,70.3437,74.0215,69.8697,70.6985,73.8343,71.3515,73.4816,69.5349,71.0969,74.6263,70.4548,71.6549,72.6208,70.2792,71.5799,72.7828,72.8008,75.4182,76.0904,71.4453,73.53,74.806,76.6402,75.1945,74.4893,75.3906,75.555,72.5021,74.8931,77.5758,74.3928,75.2164,74.6224,,
FRA,France,EG.ELC.ACCS.ZS,Access to electricity (% of population),,,,,,,,,,,,,,,,,,,,,,,,,,,,,,,51.4695,53.587,54.062,53.6606,53.3969,53.8661,55.4319,56.6486,56.4265,54.4951,56.5043,55.54,55.8547,56.201,57.3854,57.838,57.2421,57.5057,58.192,58.525,59.2615,57.5431,58.8366,58.2161,59.2798,59.3896,59.7832,59.4308,59.1307,58.895,60.7156,60.7258,60.7798,62.6286,,
FRA,France,CC.EST,Control of Corruption: Estimate,,,,,,,,,,,,,,,,,,,,,,,,,,,,,,,-2.0123,-1.7392,-1.7143,-2.1433,-1.8981,-1.9571,-2.2586,-2.0825,-1.8162,-1.6669,-1.8009,-1.8703,-1.9117,-1.7073,-1.6514,-1.9796,-2.1492,-2.161,-1.7506,-1.9148,-1.8872,-2.1241,-1.9996,-1.9446,-1.8842,-1.957,-2.0337,-2.0033,-1.7642,-1.8798,-1.8357,-2.017,-2.2636,-1.9719,,
FRA,France,EN.ATM.PM25.MC.M3,"PM2.5 air pollution, mean annual exposure (micrograms per cubic meter)",,,,,,,,,,,,,,,,,,,,,,,,,,,,,,,62.9228,64.6662,68.9912,65.0254,68.0066,64.6758,62.7978,64.1845,66.2536,66.247,62.5597,63.7224,61.1188,64.4197,65.4327,63.0824,61.9416,63.4029,63.4088,62.8244,62.8907,62.2819,63.9566,63.487,60.828,60.7068,61.7611,63.1679,62.2047,60.9379,62.2149,61.2464,62.9834,62.0822,,
FRA,France,NY.GDP.MKTP.KD.ZG,GDP growth (annual %),,,,,,,,,,,,,,,,,,,,,,,,,,,,,,,1.542,2.909,5.6179,0.9062,3.3369,2.1541,3.3977,0.6938,2.6061,5.0998,-0.0123,-0.9933,-0.8984,-0.5964,3.8186,-1.1844,1.5855,3.876,3.3719,1.3663,2.8076,2.5981,1.7696,1.8032,7.9188,4.3535,8.5319,1.0878,2.1178,-1.0001,0.3063,7.085,1.0252,7.1284,,
FRA,France,SL.UEM.TOTL.NE.ZS,"Unemployment, total (% of total labor force) (national estimate)",,,,,,,,,,,,,,,,,,,,,,,,,,,,,,,17.2953,17.3903,17.7464,17.8851,18.3786,18.1424,17.7089,17.8504,17.7575,17.4597,17.473,18.431,17.0029,18.7257,17.7455,17.5308,18.2869,18.6596,18.4758,18.168,18.4605,17.0588,17.6561,17.4614,18.5293,17.7253,18.3397,18.185,17.4859,17.6235,18.5639,17.5293,17.9795,17.5258,,
FRO,Faroe Islands,EG.FEC.RNEW.ZS,Renewable energy consumption (% of total final energy consumption),,,,,,,,,,,,,,,,,,,,,,,,,,,,,,,63.1778,63.8634,62.54,62.3348,64.9782,62.8662,63.0844,62.9776,64.8499,67.0431,68.3187,64.0038,69.9063,63.7463,68.0728,64.6123,64.4638,64.8662,66.4008,67.8156,68.1454,65.0677,65.1264,65.4224,67.183,67.1354,65.8053,68.3949,72.5308,67.1463,67.4387,69.575,67.4881,70.0936,,
FRO,Faroe Islands,EG.ELC.ACCS.ZS,Access to electricity (% of population),,,,,,,,,,,,,,,,,,,,,,,,,,,,,,,86.6514,88.942,88.0021,87.4802,87.7553,88.0652,89.8245,87.9613,88.6919,89.0269,89.7137,89.7594,89.0333,90.1564,90.6466,90.4738,91.7757,92.2118,91.6636,92.1607,90.4974,92.1394,93.5301,92.6375,92.6365,95.2984,95.1815,94.3503,95.1374,92.6955,94.0962,94.6003,95.0375,95.0843,,
FRO,Faroe Islands,CC.EST,Control of Corruption: Estimate,,,,,,,,,,,,,,,,,,,,,,,,,,,,,,,-1.3958,-1.0435,-1.0246,-0.8976,-1.1844,-1.1942,-1.4114,-1.1251,-0.9817,-1.1632,-0.8326,-1.1206,-1.0722,-1.2534,-1.0554,-1.3273,-1.0066,-1.0029,-0.9267,-1.2122,-1.0706,-1.0222,-1.0368,-1.1937,-1.3769,-1.0482,-1.1081,-1.1578,-0.9982,-1.0952,-1.2481,-1.3216,-1.2253,-0.8027,,
FRO,Faroe Islands,EN.ATM.PM25.MC.M3,"PM2.5 air pollution, mean annual exposure (micrograms per cubic meter)",,,,,,,,,,,,,,,,,,,,,,,,,,,,,,,21.1665,20.2853,19.6499,19.4713,21.5132,18.9465,20.4677,18.9997,22.3526,20.4758,21.1507,18.3257,20.7096,18.5735,19.1274,21.3349,17.2382,19.0272,19.2994,19.3424,17.8062,21.5318,16.38,20.4307,19.985,20.9337,15.62,16.6191,20.0803,14.9468,15.2727,16.8699,17.8104,19.8307,,
FRO,Faroe Islands,NY.GDP.MKTP.KD.ZG,GDP growth (annual %),,,,,,,,,,,,,,,,,,,,,,,,,,,,,,,2.4146,1.3572,3.6562,4.0518,3.9809,2.4328,-2.0099,0.5837,6.4284,3.3454,2.0715,5.6732,0.0525,2.3144,3.2222,1.7743,3.1297,2.4085,-0.6206,3.3315,-0.4431,3.2918,6.3131,2.1752,-0.0509,2.5603,0.7978,4.364,2.5078,7.1522,5.7852,2.4951,4.6668,1.8947,,
FRO,Faroe Islands,SL.UEM.TOTL.NE.ZS,"Unemployment, total (% of total labor force) (national estimate)",,,,,,,,,,,,,,,,,,,,,,,,,,,,,,,16.7332,16.5355,17.0994,17.4327,17.1155,17.1772,17.1777,16.9918,16.1465,17.5667,17.6184,16.5993,16.5308,17.0224,16.9916,16.6152,16.0912,16.869,16.9919,17.0791,16.8908,16.5806,17.2132,16.7491,16.4837,16.6259,15.8432,16.6251,17.0604,16.8861,17.4765,16.5847,16.9598,17.1126,,
FSM,"Micronesia, Fed. Sts.",EG.FEC.RNEW.ZS,Renewable energy consumption (% of total final energy consumption),,,,,,,,,,,,,,,,,,,,,,,,,,,,,,,88.9261,84.6799,82.452,86.3863,88.5719,84.3453,86.8226,87.7479,87.4745,85.8415,84.3435,85.7279,86.9576,88.0069,87.0083,85.7306,87.7512,88.5106,87.6996,85.418,86.8776,89.2861,84.7744,83.5041,90.8566,89.0132,89.3539,86.1368,89.9155,89.1409,85.5718,91.739,89.3578,88.3982,,
FSM,"Micronesia, Fed. Sts.",EG.ELC.ACCS.ZS,Access to electricity (% of population),,,,,,,,,,,,,,,,,,,,,,,,,,,,,,,61.5178,60.458,62.7948,62.7796,62.6649,64.0929,62.2131,63.0927,63.1401,63.8471,64.3741,64.9142,64.5426,64.3683,66.669,67.4995,65.9348,65.4647,67.5005,65.4127,66.5523,66.5133,66.3925,67.3461,67.1288,68.0803,68.3419,68.0731,68.5237,68.8855,69.968,69.4514,70.4799,70.5388,,
FSM,"Micronesia, Fed. Sts.",CC.EST,Control of Corruption: Estimate,,,,,,,,,,,,,,,,,,,,,,,,,,,,,,,-0.5713,-0.4734,-0.7742,-0.6967,-0.4283,-0.6708,-0.9777,-0.6643,-0.6237,-0.954,-0.4798,-0.7256,-0.6005,-0.667,-0.7945,-0.7684,-0.7521,-0.5096,-0.6576,-0.7025,-0.7521,-0.4964,-0.4642,-0.4977,-0.5808,-0.6051,-0.7858,-0.6694,-0.722,-0.859,-0.5131,-0.7234,-0.4964,-0.5341,,
FSM,"Micronesia, Fed. Sts.",EN.ATM.PM25.MC.M3,"PM2.5 air pollution, mean annual exposure (micrograms per cubic meter)",,,,,,,,,,,,,,,,,,,,,,,,,,,,,,,71.8302,71.8344,69.9121,73.5419,70.7398,71.048,69.5415,69.0384,71.071,70.6014,69.0111,67.9575,68.1302,71.7493,68.9552,69.2867,71.8906,67.9519,68.4646,68.322,71.8222,72.3052,70.3624,70.3302,68.2046,71.9161,69.3166,70.1148,68.5968,68.2731,71.0897,69.3247,70.6122,68.7381,,
FSM,"Micronesia, Fed. Sts.",NY.GDP.MKTP.KD.ZG,GDP growth (annual %),,,,,,,,,,,,,,,,,,,,,,,,,,,,,,,-1.0873,-0.4247,1.291,-0.5326,-1.735,4.0372,-0.3286,1.3791,1.7739,-0.4368,4.6606,-1.7592,1.6877,1.6489,0.898,-2.2087,3.2107,2.8924,-0.6553,2.8023,1.9709,-2.1679,-1.1012,3.8793,1.8072,-0.3771,-1.1126,-0.2549,-0.0776,-1.0813,-3.3208,3.8836,3.4602,-2.1495,,
FSM,"Micronesia, Fed. Sts.",SL.UEM.TOTL.NE.ZS,"Unemployment, total (% of total labor force) (national estimate)",,,,,,,,,,,,,,,,,,,,,,,,,,,,,,,18.891,18.3718,18.6921,18.6505,18.609,19.8243,18.6027,18.4187,18.4416,19.3448,17.9968,18.4416,19.5463,18.9449,18.9188,19.8889,18.946,18.4688,18.6818,18.2552,19.4508,19.1102,19.3851,19.4294,18.6158,18.3505,18.797,18.3865,18.9054,19.3889,18.7388,18.8979,18.776,19.2242,,
GAB,Gabon,EG.FEC.RNEW.ZS,Renewable energy consumption (% of total final energy consumption),,,,,,,,,,,,,,,,,,,,,,,,,,,,,,,72.3375,69.4301,74.9148,76.0987,75.1658,73.1426,72.303,75.712,75.156,74.7714,78.8179,73.4294,79.0231,75.6866,72.1019,75.5646,77.992,75.4929,73.4235,76.194,74.9587,77.8066,78.5198,75.0105,75.8614,78.9363,75.8553,75.5587,75.5156,78.7271,78.7913,76.9549,78.4832,81.6773,,
GAB,Gabon,EG.ELC.ACCS.ZS,Access to electricity (% of population),,,,,,,,,,,,,,,,,,,,,,,,,,,,,,,62.1054,61.5732,63.7487,63.5463,63.3166,64.6563,65.056,62.868,64.3625,66.9886,65.8513,66.1755,66.8229,66.1483,67.022,67.2091,67.3158,66.877,67.5223,67.1639,67.8949,67.1998,67.7521,68.4088,68.1296,68.7306,69.2535,69.9564,70.644,69.7636,71.4527,71.3855,71.2879,71.2575,,
GAB,Gabon,CC.EST,Control of Corruption: Estimate,,,,,,,,,,,,,,,,,,,,,,,,,,,,,,,1.2926,1.3968,1.4012,1.4145,1.2593,1.321,1.4156,1.1795,1.2161,1.2563,1.3623,1.3642,1.2267,1.0733,1.2839,1.1442,1.0756,1.1027,1.2935,1.4177,1.259,1.2797,1.3963,1.069,1.3168,1.253,1.3223,1.1963,1.1562,1.2712,1.4523,1.3577,1.1934,1.0934,,
GAB,Gabon,EN.ATM.PM25.MC.M3,"PM2.5 air pollution, mean annual exposure (micrograms per cubic meter)",,,,,,,,,,,,,,,,,,,,,,,,,,,,,,,66.613,71.0303,67.5435,68.4079,70.798,66.3153,70.8945,68.1957,66.7733,68.0451,67.2522,68.9174,67.2039,65.2287,67.6853,65.9013,68.1626,65.9954,66.9641,67.89,67.2175,67.8318,68.3966,65.5592,67.1195,62.1419,67.4271,66.5249,65.421,67.2897,68.4952,65.9421,65.1589,66.7437,,
GAB,Gabon,NY.GDP.MKTP.KD.ZG,GDP growth (annual %),,,,,,,,,,,,,,,,,,,,,,,,,,,,,,,-3.375,-1.6869,3.0201,0.1195,-4.7346,-4.5284,0.3693,2.12,-4.08,1.0883,3.2899,4.6837,0.7921,1.2311,-5.3689,5.2134,-1.4747,-2.3696,-0.674,3.7432,5.4842,0.2776,2.4593,0.0721,-2.6304,3.6559,-1.5913,3.8029,3.2104,1.4991,4.5365,5.5449,-0.4741,-2.0579,,
GAB,Gabon,SL.UEM.TOTL.NE.ZS,"Unemployment, total (% of total labor force) (national estimate)",,,,,,,,,,,,,,,,,,,,,,,,,,,,,,,17.4113,19.4657,18.1236,18.9109,17.9728,19.1125,17.9933,17.7475,18.2391,18.0775,18.6415,18.3177,18.6573,18.1979,18.0108,18.0516,19.3659,18.456,17.3515,18.0833,18.3918,19.2661,18.8577,17.8825,19.5526,18.3278,18.9666,17.7659,17.1443,17.6392,16.7182,19.3994,18.4507,17.8811,,
GBR,United Kingdom,EG.FEC.RNEW.ZS,Renewable energy consumption (% of total final energy consumption),,,,,,,,,,,,,,,,,,,,,,,,,,,,,,,46.3254,45.9489,46.9621,48.2893,45.4403,44.4105,47.9757,48.0749,46.8217,51.1253,46.0445,45.2705,48.0564,46.0203,48.5112,46.0042,47.0197,51.7519,47.309,46.6725,50.7615,46.4681,47.3343,50.0233,50.897,51.6111,47.8257,50.6622,48.688,48.5589,52.3266,48.9711,50.7766,50.6813,,
GBR,United Kingdom,EG.ELC.ACCS.ZS,Access to electricity (% of population),,,,,,,,,,,,,,,,,,,,,,,,,,,,,,,87.8631,89.7426,89.668,87.8807,89.9417,89.3514,91.0974,89.3134,90.4346,91.2594,91.2632,92.0801,90.505,93.2913,92.6399,93.5575,93.4191,92.9604,92.1924,93.0189,94.9914,95.0781,93.7241,92.2151,94.5496,94.7396,95.0199,95.8926,96.4207,96.762,96.5763,95.0291,96.4468,98.813,,
GBR,United Kingdom,CC.EST,Control of Corruption: Estimate,,,,,,,,,,,,,,,,,,,,,,,,,,,,,,,-0.8548,-0.8556,-0.8566,-0.8499,-1.1857,-0.9285,-0.9043,-0.746,-0.894,-1.0973,-0.8481,-0.9962,-1.0458,-0.9999,-0.8347,-0.7487,-0.8418,-0.8239,-0.843,-0.8876,-0.8161,-1.19,-0.8864,-1.0251,-0.7602,-0.9174,-0.896,-1.0804,-0.7777,-0.8245,-0.8329,-0.9973,-0.9926,-0.8729,,
GBR,United Kingdom,EN.ATM.PM25.MC.M3,"PM2.5 air pollution, mean annual exposure (micrograms per cubic meter)",,,,,,,,,,,,,,,,,,,,,,,,,,,,,,,80.0777,81.6918,77.7181,80.1482,83.4946,81.3787,80.8897,83.5373,76.9755,79.1765,79.7177,81.527,81.473,78.7805,81.4964,79.3145,81.6569,78.2105,79.4945,78.8642,81.1035,78.6553,79.2958,80.0397,80.0174,80.4499,79.3562,78.3321,78.3549,78.838,79.0939,78.4187,78.5883,76.2036,,
GBR,United Kingdom,NY.GDP.MKTP.KD.ZG,GDP growth (annual %),,,,,,,,,,,,,,,,,,,,,,,,,,,,,,,2.9198,1.7042,3.7561,1.2518,-3.0946,0.3553,0.7516,3.1087,-3.9243,1.3544,2.5356,-0.4023,1.438,-0.3162,-0.5725,0.2304,-0.5253,2.9605,-0.586,-1.0059,5.6712,3.6533,-3.4024,-0.6605,1.8576,2.0608,-2.4748,4.1478,3.3145,2.4562,4.6432,2.3821,2.3729,5.1456,,
GBR,United Kingdom,SL.UEM.TOTL.NE.ZS,"Unemployment, total (% of total labor force) (national estimate)",,,,,,,,,,,,,,,,,,,,,,,,,,,,,,,3.7348,2.7635,3.5008,2.8521,3.4363,3.4225,2.4925,3.1233,3.3169,2.9661,3.3416,3.5872,3.1689,3.2965,3.876,3.4208,3.2847,2.7052,3.5198,3.3493,3.8261,3.2077,2.2761,2.3342,3.5521,2.8991,3.4026,3.2414,3.1008,3.1361,2.7515,3.1764,2.892,2.9981,,
GEO,Georgia,EG.FEC.RNEW.ZS,Renewable energy consumption (% of total final energy consumption),,,,,,,,,,,,,,,,,,,,,,,,,,,,,,,76.7833,77.1272,79.5749,77.621,80.078,81.2563,80.0404,79.5495,79.2842,80.5113,79.1093,81.0497,80.4588,78.6609,81.3223,79.8635,79.6183,79.0282,80.4626,82.2735,82.2084,81.2873,81.9298,83.424,80.7306,78.9497,83.9328,80.421,80.2499,78.1882,83.0731,78.8377,80.73,83.557,,
GEO,Georgia,EG.ELC.ACCS.ZS,Access to electricity (% of population),,,,,,,,,,,,,,,,,,,,,,,,,,,,,,,41.5112,40.6623,41.3263,40.9856,41.4949,42.3966,42.0323,42.4883,41.7619,44.09,43.8417,44.318,44.966,43.5235,44.1469,43.1678,47.446,45.064,46.2646,44.6931,46.7307,47.6697,46.3854,45.8749,46.8226,45.4022,47.4033,48.3404,47.905,47.9563,48.8557,49.1669,47.6057,49.2547,,
GEO,Georgia,CC.EST,Control of Corruption: Estimate,,,,,,,,,,,,,,,,,,,,,,,,,,,,,,,-0.6111,-1.0636,-0.9137,-0.6704,-0.7709,-0.965,-0.8787,-0.9037,-0.9932,-0.9123,-0.937,-0.8899,-0.9932,-1.0566,-0.9084,-0.6976,-0.8936,-0.9432,-0.8129,-0.9224,-0.6793,-0.9039,-0.8194,-0.994,-0.8431,-0.8704,-0.9102,-0.9636,-0.98,-0.8695,-0.828,-0.9187,-0.869,-0.908,,
GEO,Georgia,EN.ATM.PM25.MC.M3,"PM2.5 air pollution, mean annual exposure (micrograms per cubic meter)",,,,,,,,,,,,,,,,,,,,,,,,,,,,,,,85.9031,85.3746,85.6222,89.5623,85.9027,86.3232,85.9323,84.801,87.0563,84.5985,86.5378,84.374,83.3553,85.2634,82.9783,85.3587,82.684,83.9168,82.1677,88.4715,81.6743,84.09,85.7102,85.4698,85.1123,83.2794,85.7019,84.9654,83.8337,83.7961,82.8994,81.9108,85.051,85.0836,,
GEO,Georgia,NY.GDP.MKTP.KD.ZG,GDP growth (annual %),,,,,,,,,,,,,,,,,,,,,,,,,,,,,,,1.5675,3.3933,3.4192,3.6961,3.9385,6.1449,1.9097,1.6619,6.8693,2.6211,0.6201,2.5649,2.9526,7.6651,6.0898,6.6465,5.8277,6.1433,2.0575,3.2812,1.3029,3.2515,5.488,4.1142,7.0564,0.9242,5.0283,0.657,4.0132,5.6286,3.2415,5.1555,1.3784,-0.3815,,
GEO,Georgia,SL.UEM.TOTL.NE.ZS,"Unemployment, total (% of total labor force) (national estimate)",,,,,,,,,,,,,,,,,,,,,,,,,,,,,,,13.027,13.6204,12.2504,13.3595,12.7702,12.0806,12.1827,12.7563,12.5462,12.092,11.9014,12.3251,12.8453,12.7452,12.4978,12.8494,13.2685,12.9455,12.6878,13.2125,12.2685,12.636,12.6479,12.13,12.5385,11.711,13.7045,12.2797,13.5415,12.7675,13.0309,12.504,12.8524,13.0737,,
GHA,Ghana,EG.FEC.RNEW.ZS,Renewable energy consumption (% of total final energy consumption),,,,,,,,,,,,,,,,,,,,,,,,,,,,,,,56.8761,57.2465,55.1103,55.0363,52.9586,57.3434,58.6117,59.8289,57.3573,55.364,53.6528,59.2803,53.7544,56.8158,57.1984,57.6581,58.0186,58.3733,53.4163,58.4263,54.0878,60.1614,57.7367,54.6829,57.5186,58.1568,61.8284,59.9903,60.4359,62.2594,59.8547,61.7054,61.7147,57.924,,
GHA,Ghana,EG.ELC.ACCS.ZS,Access to electricity (% of population),,,,,,,,,,,,,,,,,,,,,,,,,,,,,,,65.3273,63.2627,65.3829,63.6853,65.6299,66.8885,65.4786,65.6939,66.6373,66.1354,68.1036,67.0527,66.8928,66.9667,66.9026,67.3968,67.8684,68.0088,68.1224,70.578,68.3249,69.5163,70.123,70.403,70.1021,70.2064,71.0102,71.1122,70.9418,70.1495,71.2746,70.9817,71.6152,72.4255,,
GHA,Ghana,CC.EST,Control of Corruption: Estimate,,,,,,,,,,,,,,,,,,,,,,,,,,,,,,,-0.9909,-0.8203,-1.0984,-0.941,-0.9972,-0.8784,-0.9648,-1.155,-1.2407,-0.9966,-1.0974,-1.1516,-1.1861,-1.0146,-0.853,-1.083,-0.9631,-1.0462,-1.1887,-0.9458,-1.1653,-1.0314,-1.0749,-0.9268,-1.1609,-0.987,-1.1347,-1.0953,-1.4702,-0.7829,-0.9679,-1.126,-1.1689,-1.0934,,
GHA,Ghana,EN.ATM.PM25.MC.M3,"PM2.5 air pollution, mean annual exposure (micrograms per cubic meter)",,,,,,,,,,,,,,,,,,,,,,,,,,,,,,,34.0118,30.0184,32.5641,35.3524,30.9156,32.6571,35.7615,33.3247,32.4854,32.9764,31.5352,34.0059,31.3775,28.9577,31.2295,30.2864,31.2347,31.1879,33.2926,32.4594,31.7314,31.2521,29.5882,27.8247,31.1862,32.1284,30.694,29.9742,31.3932,30.4915,33.0651,32.3056,31.8157,31.4331,,
GHA,Ghana,NY.GDP.MKTP.KD.ZG,GDP growth (annual %),,,,,,,,,,,,,,,,,,,,,,,,,,,,,,,-0.6991,4.1838,3.4671,4.0424,3.7579,3.6582,9.2785,2.3359,4.8672,1.3489,4.5029,4.8746,3.4374,6.6995,0.3156,1.3083,3.0573,4.7284,2.9749,5.7407,0.8721,-0.3251,3.2967,2.3334,3.8835,2.4578,1.6763,2.339,2.5985,1.7639,2.0185,1.5173,4.668,3.0114,,
GHA,Ghana,SL.UEM.TOTL.NE.ZS,"Unemployment, total (% of total labor force) (national estimate)",,,,,,,,,,,,,,,,,,,,,,,,,,,,,,,16.9187,15.8707,15.5149,17.1257,15.9972,16.2854,16.0864,16.1019,16.0582,15.2393,15.9741,15.1279,15.7032,15.4276,15.9691,15.9574,16.0309,15.934,15.487,15.6599,16.2506,16.3243,15.217,15.0249,15.4269,16.313,16.3978,15.328,15.944,16.7076,15.998,16.5011,16.2897,15.3353,,
GIN,Guinea,EG.FEC.RNEW.ZS,Renewable energy consumption (% of total final energy consumption),,,,,,,,,,,,,,,,,,,,,,,,,,,,,,,67.9464,68.5458,68.8346,70.609,69.7437,63.2039,66.6006,65.0016,69.8771,70.1573,70.3928,68.0585,71.4746,71.7088,67.916,67.6442,70.7261,74.4599,74.4258,72.3031,69.8663,73.25,70.7215,70.2413,67.6384,72.2811,70.9666,72.5692,67.9276,73.016,67.9641,75.1522,74.1701,72.719,,
GIN,Guinea,EG.ELC.ACCS.ZS,Access to electricity (% of population),,,,,,,,,,,,,,,,,,,,,,,,,,,,,,,86.7754,85.7927,86.8831,87.711,84.8497,87.2174,87.8071,87.9181,89.4909,87.6761,88.3283,87.5425,90.5334,89.3781,89.4745,90.0332,90.8342,90.8531,92.9435,91.4383,90.953,91.1261,91.511,90.8737,92.3571,93.202,92.3345,92.4293,94.5379,92.434,92.1709,93.1529,93.0928,94.8842,,
GIN,Guinea,CC.EST,Control of Corruption: Estimate,,,,,,,,,,,,,,,,,,,,,,,,,,,,,,,-2.0873,-2.0703,-1.9056,-2.1269,-1.951,-1.8626,-2.0986,-1.9555,-2.073,-1.9331,-2.2325,-2.2414,-2.0909,-2.1506,-2.106,-2.0703,-1.9576,-2.0929,-2.1428,-2.0862,-2.1363,-2.1561,-2.2375,-2.0356,-2.1122,-1.928,-2.2177,-2.109,-1.8264,-2.1567,-2.0724,-2.1899,-2.2058,-1.8583,,
GIN,Guinea,EN.ATM.PM25.MC.M3,"PM2.5 air pollution, mean annual exposure (micrograms per cubic meter)",,,,,,,,,,,,,,,,,,,,,,,,,,,,,,,47.2823,47.1462,44.3213,47.3238,48.4419,48.3499,47.5482,44.7715,46.8554,47.3071,43.5341,44.4638,47.398,47.2998,43.5829,47.0183,45.8887,46.8372,44.6339,46.4735,46.6915,44.8187,45.2924,44.2129,47.5832,44.8453,43.5627,43.792,44.9759,45.8357,42.622,47.3172,44.9287,45.0854,,
GIN,Guinea,NY.GDP.MKTP.KD.ZG,GDP growth (annual %),,,,,,,,,,,,,,,,,,,,,,,,,,,,,,,-0.484,-0.1928,-0.6117,2.3035,-0.2608,1.6766,-1.3256,0.2481,-2.2508,2.8003,-2.3254,-1.0534,-1.0284,-1.1259,1.5653,-1.0326,3.2438,-2.2872,0.1825,-2.1805,0.8114,-0.2809,-0.6286,2.7302,-1.8768,1.2253,-2.1634,0.0407,-3.2299,-1.8973,-0.4463,4.2956,0.011,3.8957,,
GIN,Guinea,SL.UEM.TOTL.NE.ZS,"Unemployment, total (% of total labor force) (national estimate)",,,,,,,,,,,,,,,,,,,,,,,,,,,,,,,12.4522,12.1484,13.1117,12.5605,12.0206,12.5773,12.1957,11.3475,12.81,12.8895,13.261,12.5531,12.2176,12.7595,12.7669,13.1611,12.3197,12.2592,11.9842,12.6107,11.5679,12.73,12.6359,12.6345,12.4111,13.1085,12.778,12.0385,12.0474,11.9022,12.6176,11.8419,12.8837,13.0035,,
GMB,"Gambia, The",EG.FEC.RNEW.ZS,Renewable energy consumption (% of total final energy consumption),,,,,,,,,,,,,,,,,,,,,,,,,,,,,,,38.5644,40.1013,40.6557,42.5404,44.1411,37.7015,40.5861,40.8404,38.7211,40.7022,42.678,41.4151,39.0332,48.0206,42.9548,42.7958,40.5266,43.3939,42.694,39.3954,41.1819,45.0623,47.5105,44.5068,46.1286,43.7609,44.0493,46.5544,47.848,47.2746,42.6897,44.8385,45.6775,44.7531,,
GMB,"Gambia, The",EG.ELC.ACCS.ZS,Access to electricity (% of population),,,,,,,,,,,,,,,,,,,,,,,,,,,,,,,93.0111,93.6072,94.003,94.7995,93.4372,92.8595,94.4874,95.9578,94.3192,95.5002,95.7574,95.6039,95.7063,95.212,94.3754,95.5613,96.3885,97.8287,97.1183,97.0356,96.988,98.4762,99.2875,99.3015,99.1857,97.7703,98.9194,100.0,100.0,98.7208,100.0,100.0,100.0,99.1034,,
GMB,"Gambia, The",CC.EST,Control of Corruption: Estimate,,,,,,,,,,,,,,,,,,,,,,,,,,,,,,,-0.7336,-0.84,-0.8395,-0.788,-0.7615,-0.7465,-0.8515,-0.7719,-0.9563,-0.7081,-1.0882,-0.7802,-0.6351,-0.8725,-0.6595,-0.6067,-1.1424,-0.7636,-1.0905,-0.7596,-0.7463,-1.0433,-0.5144,-0.7111,-0.8473,-0.5696,-0.9609,-0.8929,-1.0214,-0.5293,-0.7055,-0.6663,-0.7093,-0.6766,,
GMB,"Gambia, The",EN.ATM.PM25.MC.M3,"PM2.5 air pollution, mean annual exposure (micrograms per cubic meter)",,,,,,,,,,,,,,,,,,,,,,,,,,,,,,,15.0678,15.2771,14.9521,13.7978,14.5608,14.9611,14.6365,12.174,12.2932,15.855,13.6902,14.9478,12.3525,11.701,12.5653,13.4168,12.673,15.5316,13.78,16.2041,13.9573,9.6519,14.7748,10.8464,13.3765,11.7887,16.0848,14.9501,11.598,12.4397,12.9176,13.7658,12.4344,10.7734,,
GMB,"Gambia, The",NY.GDP.MKTP.KD.ZG,GDP growth (annual %),,,,,,,,,,,,,,,,,,,,,,,,,,,,,,,-1.6504,0.1323,3.2296,1.2131,-1.7901,1.7644,-0.824,2.3695,6.461,-0.7536,2.1475,-1.72,-0.1372,0.2174,-0.3407,6.301,-0.623,1.6106,-4.6818,1.2235,2.9986,-1.1755,-6.1321,0.0468,0.1864,1.9537,5.1707,-0.8067,-1.9973,-2.7738,0.6387,1.3418,-1.2207,2.0902,,
GMB,"Gambia, The",SL.UEM.TOTL.NE.ZS,"Unemployment, total (% of total labor force) (national estimate)",,,,,,,,,,,,,,,,,,,,,,,,,,,,,,,16.1784,15.9673,15.4945,15.7047,14.7308,16.0636,15.9589,16.0399,16.1978,16.1386,15.8905,15.97,15.2435,15.6538,15.9709,15.5778,16.3758,15.6164,16.0538,16.004,16.3188,16.3961,16.2927,14.8927,16.5428,16.7093,15.7046,16.064,15.5003,14.9715,15.5763,15.6756,15.7683,15.4662,,
GNB,Guinea-Bissau,EG.FEC.RNEW.ZS,Renewable energy consumption (% of total final energy consumption),,,,,,,,,,,,,,,,,,,,,,,,,,,,,,,52.9906,54.5854,53.217,55.9945,56.4208,59.9682,57.6088,55.9937,54.4169,56.3949,56.6106,55.0808,57.8249,53.6112,56.0686,57.8192,56.2823,56.5939,56.8819,55.6362,59.8052,55.5714,58.3938,58.7347,56.1602,58.3537,56.5382,61.2895,56.3799,57.4997,56.509,56.392,62.4399,60.493,,
GNB,Guinea-Bissau,EG.ELC.ACCS.ZS,Access to electricity (% of population),,,,,,,,,,,,,,,,,,,,,,,,,,,,,,,41.6852,41.2977,42.7991,41.6636,43.2079,42.125,42.5574,43.9296,44.264,44.301,43.2332,43.9656,44.6985,44.1435,46.1697,43.4014,44.95,45.4153,43.7978,45.206,47.0732,46.8472,48.3315,48.5592,47.9194,48.0736,48.1257,46.1989,47.4573,48.9035,49.5658,49.5547,48.859,50.5729,,
GNB,Guinea-Bissau,CC.EST,Control of Corruption: Estimate,,,,,,,,,,,,,,,,,,,,,,,,,,,,,,,-1.9016,-1.9669,-1.9607,-2.1466,-1.9504,-2.062,-2.0181,-2.0356,-2.094,-2.1827,-2.0893,-1.9611,-2.1324,-1.9723,-1.991,-2.1153,-1.9128,-2.1221,-1.8983,-2.0274,-2.0814,-2.186,-2.0901,-2.1039,-2.2305,-2.1056,-2.1759,-2.0091,-1.9227,-2.2267,-1.874,-2.0949,-2.1965,-1.9885,,
GNB,Guinea-Bissau,EN.ATM.PM25.MC.M3,"PM2.5 air pollution, mean annual exposure (micrograms per cubic meter)",,,,,,,,,,,,,,,,,,,,,,,,,,,,,,,63.9127,64.3798,63.816,63.1173,65.3484,63.7529,61.9474,64.849,62.134,62.1325,65.5713,61.9079,60.1477,64.4767,63.0066,63.0559,62.8306,63.5699,62.0133,65.2765,60.768,63.5697,63.7856,61.6029,61.1268,64.1081,61.0161,61.5124,63.6733,62.3145,59.4867,64.723,61.2274,61.3382,,
GNB,Guinea-Bissau,NY.GDP.MKTP.KD.ZG,GDP growth (annual %),,,,,,,,,,,,,,,,,,,,,,,,,,,,,,,0.4669,1.3901,4.7302,-4.3227,1.8923,1.685,-0.5155,1.7956,2.1631,-3.6275,4.2018,-4.0695,-3.0109,-0.827,4.6398,-0.9432,-0.2524,3.4076,-0.9234,-3.1187,-1.2157,3.2544,0.0046,4.6541,1.6723,-1.7846,-0.0449,-2.3056,-1.8436,11.0251,2.374,1.9802,-1.7305,3.7514,,
GNB,Guinea-Bissau,SL.UEM.TOTL.NE.ZS,"Unemployment, total (% of total labor force) (national estimate)",,,,,,,,,,,,,,,,,,,,,,,,,,,,,,,17.5213,17.9124,17.8882,16.2321,16.4167,16.4697,16.4997,17.1333,16.6882,18.0079,17.924,16.9684,17.9493,17.7157,16.7463,15.967,16.8626,16.6493,17.0749,17.0162,17.0031,17.2335,16.3654,17.1773,16.7518,17.0716,17.4503,16.3594,16.831,16.9124,16.7145,17.4215,16.6114,16.6939,,
GNQ,Equatorial Guinea,EG.FEC.RNEW.ZS,Renewable energy consumption (% of total final energy consumption),,,,,,,,,,,,,,,,,,,,,,,,,,,,,,,60.0795,63.8335,60.8145,62.8695,66.0508,62.0997,64.6235,65.8921,64.7538,62.8158,64.2836,60.5746,61.7393,62.24,68.0806,62.1242,62.2444,61.9615,65.319,64.6346,66.6729,65.9919,62.0386,63.3348,67.83,64.8428,67.7746,65.25,63.7641,65.2429,64.0633,65.0183,66.7012,67.4726,,
GNQ,Equatorial Guinea,EG.ELC.ACCS.ZS,Access to electricity (% of population),,,,,,,,,,,,,,,,,,,,,,,,,,,,,,,39.0155,40.5238,40.3184,40.5189,41.3938,41.0973,42.8934,42.9881,43.2331,42.1417,42.0177,43.1033,43.1674,43.0506,42.8471,44.0045,43.9644,45.0883,45.3198,45.9183,44.2802,45.8585,45.2057,45.0613,45.9448,47.3926,46.4898,48.29,47.7268,47.2224,48.7157,48.394,47.5416,50.0247,,
GNQ,Equatorial Guinea,CC.EST,Control of Corruption: Estimate,,,,,,,,,,,,,,,,,,,,,,,,,,,,,,,-2.0447,-2.0736,-2.1785,-1.9343,-2.0137,-2.0003,-2.1367,-1.9757,-1.9664,-2.1561,-2.2459,-2.006,-2.2646,-2.0576,-2.1295,-1.9296,-2.123,-1.9429,-2.1375,-1.9558,-1.8286,-2.204,-2.0408,-1.746,-2.0678,-2.0684,-1.9812,-2.0709,-2.2807,-1.9399,-2.3162,-2.1258,-1.9309,-2.1186,,
GNQ,Equatorial Guinea,EN.ATM.PM25.MC.M3,"PM2.5 air pollution, mean annual exposure (micrograms per cubic meter)",,,,,,,,,,,,,,,,,,,,,,,,,,,,,,,87.8238,90.1033,87.4277,86.791,88.9561,88.19,86.5189,89.2598,88.9211,87.6047,87.6274,88.69,89.6899,87.4002,88.7264,88.5122,88.9033,87.5633,86.0559,86.6506,87.7786,89.9121,86.3783,88.2315,86.4523,87.0301,89.0575,87.8508,84.7624,85.6857,88.3487,86.5972,84.5811,84.9959,,
GNQ,Equatorial Guinea,NY.GDP.MKTP.KD.ZG,GDP growth (annual %),,,,,,,,,,,,,,,,,,,,,,,,,,,,,,,2.943,3.6702,1.2289,7.3725,3.2446,0.5755,-0.855,-1.253,2.0228,-0.0377,5.3686,4.85,2.7669,-1.7633,-0.4963,4.3234,-0.2234,3.9896,2.3707,1.3135,-0.5729,0.9486,1.6583,3.7656,-1.0301,0.5272,1.2963,2.8409,-1.0869,-2.1072,2.8691,-2.6107,4.3967,0.7944,,
GNQ,Equatorial Guinea,SL.UEM.TOTL.NE.ZS,"Unemployment, total (% of total labor force) (national estimate)",,,,,,,,,,,,,,,,,,,,,,,,,,,,,,,8.5272,9.0607,9.4905,9.0346,9.3109,9.671,9.1998,8.8324,9.1514,10.0083,10.1434,8.291,9.8464,9.426,9.7629,9.0257,8.4168,9.5932,8.8304,8.6068,8.6417,9.6014,9.3706,9.6921,9.6355,9.0904,9.2657,9.0452,9.1958,8.8173,9.4962,9.8385,8.8926,9.9416,,
GRC,Greece,EG.FEC.RNEW.ZS,Renewable energy consumption (% of total final energy consumption),,,,,,,,,,,,,,,,,,,,,,,,,,,,,,,70.251,70.6561,66.9251,66.8594,70.9122,72.3534,69.5812,74.4142,72.6938,69.5573,71.5857,76.6278,69.3388,73.0305,71.4785,73.6878,74.9585,71.8015,74.9618,77.3164,73.1565,74.7437,72.1431,73.5125,73.2706,75.3678,76.3333,73.8547,77.2912,77.4341,76.2177,73.6419,73.6003,73.3492,,
GRC,Greece,EG.ELC.ACCS.ZS,Access to electricity (% of population),,,,,,,,,,,,,,,,,,,,,,,,,,,,,,,97.3305,95.8517,97.6126,96.4563,98.23,97.8349,99.1381,99.2343,99.7192,99.9898,99.1861,98.3941,98.7291,98.1517,99.2042,100.0,100.0,100.0,100.0,100.0,100.0,100.0,100.0,100.0,100.0,100.0,100.0,100.0,100.0,100.0,100.0,100.0,100.0,100.0,,
GRC,Greece,CC.EST,Control of Corruption: Estimate,,,,,,,,,,,,,,,,,,,,,,,,,,,,,,,2.5,2.3371,2.3489,2.5,2.4482,2.3477,2.3877,2.4215,2.2422,2.5,2.3726,2.096,2.4271,2.341,2.5,2.3598,2.2983,2.491,2.3508,2.3365,2.4911,2.3051,2.2551,2.5,2.4995,2.3983,2.4296,2.4907,2.5,2.3393,2.4739,2.3692,2.4073,2.4493,,
GRC,Greece,EN.ATM.PM25.MC.M3,"PM2.5 air pollution, mean annual exposure (micrograms per cubic meter)",,,,,,,,,,,,,,,,,,,,,,,,,,,,,,,69.0271,70.0605,69.6078,66.5349,66.6804,68.0826,71.3001,67.1998,68.0848,67.5126,67.4061,68.4245,70.1783,68.6811,66.7118,71.967,67.875,66.8113,69.7153,66.8135,69.9315,66.0512,69.4222,67.4987,69.0537,69.8898,65.2582,68.7908,64.6838,65.1464,65.432,67.3126,66.5267,66.1464,,
GRC,Greece,NY.GDP.MKTP.KD.ZG,GDP growth (annual %),,,,,,,,,,,,,,,,,,,,,,,,,,,,,,,1.5588,2.6714,2.8638,3.9286,5.7433,1.1398,-0.1096,2.727,-1.6675,-0.5036,3.6916,0.8828,-1.8273,-2.5313,1.315,4.0479,4.0145,1.4704,6.2154,0.9311,0.8467,-5.2254,0.0748,3.3232,5.1031,-0.8824,2.3488,3.8104,1.2212,-4.515,1.8114,3.0967,-1.1754,0.5578,,
GRC,Greece,SL.UEM.TOTL.NE.ZS,"Unemployment, total (% of total labor force) (national estimate)",,,,,,,,,,,,,,,,,,,,,,,,,,,,,,,3.8418,3.1344,4.933,4.4176,5.2183,4.8482,4.2424,4.3779,4.7026,4.903,4.5808,4.9723,4.2712,3.9209,4.3871,4.5221,3.8187,3.7512,4.6432,4.2163,4.3366,4.2397,5.1798,5.0504,3.8008,4.1531,4.8445,4.7205,4.3988,3.8507,4.0782,4.1611,4.558,5.2714,,
GRD,Grenada,EG.FEC.RNEW.ZS,Renewable energy consumption (% of total final energy consumption),,,,,,,,,,,,,,,,,,,,,,,,,,,,,,,65.798,65.2697,67.2546,69.6852,64.878,70.829,67.7277,66.7531,65.1714,69.9348,68.3294,69.1632,67.1701,68.4836,68.2986,69.2206,68.2326,66.6534,75.3288,67.2949,70.5347,66.7777,66.4777,70.8174,71.1205,73.4448,71.8708,70.9221,69.4726,74.5198,73.5295,69.3291,72.0477,72.4099,,
GRD,Grenada,EG.ELC.ACCS.ZS,Access to electricity (% of population),,,,,,,,,,,,,,,,,,,,,,,,,,,,,,,71.0198,72.1638,72.4617,71.8939,72.0716,73.7454,73.5425,73.1042,71.9929,73.8215,74.3547,71.8427,74.4978,74.2129,74.6196,74.3204,75.1777,76.6599,75.4392,76.8187,75.6512,77.1533,76.7976,77.3279,77.302,78.0596,75.7422,76.9104,78.6299,76.9114,78.3718,79.0028,78.6338,78.993,,
GRD,Grenada,CC.EST,Control of Corruption: Estimate,,,,,,,,,,,,,,,,,,,,,,,,,,,,,,,-0.3463,-0.2578,-0.4939,-0.4479,-0.4666,-0.6695,-0.3619,-0.2667,-0.2569,-0.4834,-0.5291,-0.3763,-0.2794,-0.3603,-0.3442,-0.2419,-0.4676,-0.4053,-0.1827,-0.4025,-0.531,-0.4592,-0.4915,-0.336,-0.4864,-0.3464,-0.4672,-0.6337,-0.3421,-0.3611,-0.3168,-0.4596,-0.4724,-0.3307,,
GRD,Grenada,EN.ATM.PM25.MC.M3,"PM2.5 air pollution, mean annual exposure (micrograms per cubic meter)",,,,,,,,,,,,,,,,,,,,,,,,,,,,,,,84.3187,81.9769,82.517,81.3177,79.4047,83.0913,82.9227,82.5463,81.1272,82.2157,82.5808,83.5904,82.5629,81.0959,78.9577,81.0736,81.145,81.7437,82.631,80.3774,83.5916,77.7212,80.9091,79.0023,77.2593,79.7375,77.7744,79.638,79.8523,81.3979,77.3787,80.9228,79.6272,80.9434,,
GRD,Grenada,NY.GDP.MKTP.KD.ZG,GDP growth (annual %),,,,,,,,,,,,,,,,,,,,,,,,,,,,,,,-1.079,-3.3302,-3.0434,-3.2291,1.1949,3.6927,-1.412,1.5732,-3.8082,0.4512,1.6718,-3.6199,-0.5093,1.7902,-7.334,3.339,0.8846,1.7922,-1.0314,-4.3064,1.3355,-0.2061,0.0807,2.7194,1.9055,4.8035,0.385,-1.7276,-0.4707,1.0395,2.54,-3.6672,0.0217,4.0242,,
GRD,Grenada,SL.UEM.TOTL.NE.ZS,"Unemployment, total (% of total labor force) (national estimate)",,,,,,,,,,,,,,,,,,,,,,,,,,,,,,,11.2545,11.8401,11.6212,11.8526,10.9697,10.9719,11.3848,10.6085,11.2398,11.5011,12.2669,11.576,11.6872,11.9569,10.8923,11.2921,12.5873,11.3351,11.9328,11.8565,10.6356,11.5299,11.448,11.5396,10.9976,10.8162,11.1366,11.3257,11.9671,12.2833,12.0729,11.8047,10.8725,11.1702,,
GRL,Greenland,EG.FEC.RNEW.ZS,Renewable energy consumption (% of total final energy consumption),,,,,,,,,,,,,,,,,,,,,,,,,,,,,,,6.3281,4.7934,7.3627,7.7993,7.5809,8.7086,4.9991,8.8239,5.717,5.3764,8.4725,9.99,8.6843,7.8999,8.6286,8.4311,6.0564,5.9731,8.4506,8.918,8.931,10.4105,8.7773,10.4842,9.2191,13.305,9.9697,14.6397,10.8123,9.8309,8.6094,7.6725,8.7254,9.0991,,
GRL,Greenland,EG.ELC.ACCS.ZS,Access to electricity (% of population),,,,,,,,,,,,,,,,,,,,,,,,,,,,,,,65.7788,65.292,66.1125,67.2385,66.3927,68.3763,66.0223,67.0925,67.0315,68.4621,66.1711,67.0584,68.3771,69.954,69.1436,68.1317,68.5052,71.0513,69.466,69.4586,71.6448,71.5218,71.9822,70.4529,70.2429,71.8195,72.231,72.5046,73.6455,71.3259,73.6507,72.3356,74.1475,73.333,,
GRL,Greenland,CC.EST,Control of Corruption: Estimate,,,,,,,,,,,,,,,,,,,,,,,,,,,,,,,-2.3162,-2.2917,-2.392,-2.2136,-2.3112,-2.1241,-2.1417,-2.0159,-2.1745,-2.156,-2.0505,-2.2938,-2.3971,-2.1945,-2.3892,-1.924,-2.0438,-1.9588,-2.211,-2.1524,-2.2736,-2.1125,-2.3643,-2.5,-2.3134,-2.3931,-2.0411,-2.0006,-2.3868,-2.0635,-2.1043,-2.4069,-2.2653,-2.2881,,
GRL,Greenland,EN.ATM.PM25.MC.M3,"PM2.5 air pollution, mean annual exposure (micrograms per cubic meter)",,,,,,,,,,,,,,,,,,,,,,,,,,,,,,,16.2215,13.1764,14.7912,13.8306,15.4895,14.3743,13.8167,14.2196,17.5136,13.7542,12.738,15.0947,13.9242,11.9367,17.3268,13.3708,13.2527,13.9793,16.2547,11.0599,13.9135,16.5504,13.5326,11.4065,12.2519,13.4098,15.0157,12.4305,14.0995,10.6265,10.5339,11.8953,14.6966,12.5628,,
GRL,Greenland,NY.GDP.MKTP.KD.ZG,GDP growth (annual %),,,,,,,,,,,,,,,,,,,,,,,,,,,,,,,0.7534,0.7241,2.8019,-1.4967,1.7496,-2.0483,4.987,-1.9721,-2.1771,1.403,0.2283,0.846,0.5972,-2.6971,4.0623,2.2627,3.4262,-1.292,1.0702,0.5223,2.8489,2.9295,0.5115,-3.766,4.478,1.4188,-1.4922,1.0452,-3.7489,2.6673,-3.6492,-0.5232,0.64,2.626,,
GRL,Greenland,SL.UEM.TOTL.NE.ZS,"Unemployment, total (% of total labor force) (national estimate)",,,,,,,,,,,,,,,,,,,,,,,,,,,,,,,14.0898,14.3541,14.0225,14.0205,14.0793,13.942,13.1933,13.6524,14.159,13.912,13.9587,13.8749,13.6048,13.79,13.8832,14.0391,14.2333,13.9463,13.5217,13.3375,15.3353,13.4717,13.7773,14.2951,14.217,14.297,13.8152,14.1559,14.0672,13.8805,14.1593,14.5643,14.0255,14.0288,,
GTM,Guatemala,EG.FEC.RNEW.ZS,Renewable energy consumption (% of total final energy consumption),,,,,,,,,,,,,,,,,,,,,,,,,,,,,,,66.8199,66.7563,68.1515,61.6211,67.0938,66.6368,63.8123,66.2368,67.9858,64.3753,67.0687,68.0763,64.3416,66.349,67.3855,65.3413,65.3253,66.9635,68.9869,68.8211,65.9608,69.1379,66.3117,64.9133,67.5493,70.6795,69.8955,68.7304,68.0502,68.2541,69.4012,67.1967,68.7874,69.2025,,
GTM,Guatemala,EG.ELC.ACCS.ZS,Access to electricity (% of population),,,,,,,,,,,,,,,,,,,,,,,,,,,,,,,71.8381,72.4982,73.7474,73.6766,73.672,73.4398,75.6804,73.9986,75.1202,74.7787,75.448,76.0351,74.8228,76.1637,77.3716,78.0782,76.815,77.2023,79.188,78.5769,77.4251,77.6738,79.1842,77.8601,79.7892,79.4364,79.8331,79.4636,79.4151,81.3386,80.2216,80.3402,80.8549,81.3234,,
GTM,Guatemala,CC.EST,Control of Corruption: Estimate,,,,,,,,,,,,,,,,,,,,,,,,,,,,,,,2.1872,2.2431,2.2367,2.4123,2.2045,2.1002,2.0748,2.1344,2.4742,2.3128,2.371,2.3752,2.3176,2.3019,2.4362,2.3284,2.4788,2.3854,2.2367,2.2512,2.2236,2.457,2.2623,2.215,2.3492,2.2992,2.3462,2.5,2.4204,2.3141,2.1419,2.2509,2.3962,2.1703,,
GTM,Guatemala,EN.ATM.PM25.MC.M3,"PM2.5 air pollution, mean annual exposure (micrograms per cubic meter)",,,,,,,,,,,,,,,,,,,,,,,,,,,,,,,40.0755,36.8056,36.7773,35.624,37.2891,34.727,39.6313,38.28,37.7004,34.0584,36.3721,37.7976,36.7937,34.3208,34.7689,34.9861,34.6788,37.7972,32.5425,36.3279,33.3255,33.7421,32.0894,34.2004,37.2101,35.2612,32.9865,36.2297,36.471,34.7001,37.5161,35.6163,35.328,33.0189,,
GTM,Guatemala,NY.GDP.MKTP.KD.ZG,GDP growth (annual %),,,,,,,,,,,,,,,,,,,,,,,,,,,,,,,2.3542,1.3277,2.0853,-0.9258,1.106,-1.2564,-4.5821,3.2815,-2.9703,1.0537,1.6182,1.6021,0.078,1.4637,1.9631,2.6231,5.1193,1.3712,0.9458,-1.4811,1.8756,2.4542,0.3049,2.1472,0.0544,2.4632,3.0672,3.0323,1.0803,-1.8142,-0.7441,2.2736,6.9077,-0.0661,,
GTM,Guatemala,SL.UEM.TOTL.NE.ZS,"Unemployment, total (% of total labor force) (national estimate)",,,,,,,,,,,,,,,,,,,,,,,,,,,,,,,17.9941,17.4882,17.2792,17.428,16.7249,18.4429,16.6511,17.6343,17.1771,17.324,18.4544,17.8667,17.2835,17.4714,17.3834,17.7444,17.8526,18.714,16.808,17.7488,17.6084,18.2395,17.9436,18.0614,17.9387,17.3002,18.3718,18.1654,18.224,18.3982,17.975,18.5067,17.955,17.6567,,
GUM,Guam,EG.FEC.RNEW.ZS,Renewable energy consumption (% of total final energy consumption),,,,,,,,,,,,,,,,,,,,,,,,,,,,,,,22.8745,22.99,22.1489,26.6014,24.0803,23.8271,24.5642,29.8974,21.8242,22.5476,21.6265,24.0725,25.1787,23.907,23.9082,25.4225,24.2835,26.058,27.8161,27.0917,27.6497,28.2095,26.7533,26.0204,24.9432,25.8553,25.7403,28.401,27.7812,28.6312,25.067,30.4012,26.8337,25.6376,,
GUM,Guam,EG.ELC.ACCS.ZS,Access to electricity (% of population),,,,,,,,,,,,,,,,,,,,,,,,,,,,,,,97.2581,99.8465,97.7993,98.0994,98.4558,98.7406,98.4843,99.474,100.0,100.0,99.2205,100.0,100.0,100.0,100.0,100.0,100.0,100.0,100.0,100.0,100.0,100.0,100.0,100.0,100.0,100.0,100.0,100.0,100.0,100.0,100.0,100.0,100.0,100.0,,
GUM,Guam,CC.EST,Control of Corruption: Estimate,,,,,,,,,,,,,,,,,,,,,,,,,,,,,,,-2.5,-2.462,-2.4004,-2.5,-2.5,-2.3802,-2.3045,-2.4487,-2.4941,-2.4205,-2.4326,-2.4101,-2.5,-2.5,-2.5,-2.4211,-2.4169,-2.3629,-2.4083,-2.5,-2.2656,-2.2866,-2.5,-2.3993,-2.5,-2.4226,-2.3128,-2.1836,-2.3491,-2.4038,-2.48,-2.4174,-2.2761,-2.4446,,
GUM,Guam,EN.ATM.PM25.MC.M3,"PM2.5 air pollution, mean annual exposure (micrograms per cubic meter)",,,,,,,,,,,,,,,,,,,,,,,,,,,,,,,86.1105,84.9302,88.0493,87.5706,86.1508,88.5787,86.327,86.6777,86.7747,86.1933,86.9935,88.287,84.766,87.1325,86.5779,86.4703,87.4675,86.1536,86.72,86.9935,85.0832,86.2085,85.3035,85.4007,85.0366,86.1463,85.4822,85.8715,85.1734,82.7135,85.0868,85.055,85.2436,83.9091,,
GUM,Guam,NY.GDP.MKTP.KD.ZG,GDP growth (annual %),,,,,,,,,,,,,,,,,,,,,,,,,,,,,,,-3.2945,1.2557,-0.9898,0.1223,-1.0094,-0.3209,-1.429,-2.726,0.8785,-1.8136,0.1041,0.7204,-1.7728,-3.3155,5.7594,-1.6252,1.2528,4.5429,1.669,-1.0569,-0.4736,-2.3873,1.8985,1.1099,-1.5918,-2.9112,-3.6089,2.1605,-0.0048,0.2317,-2.3632,-3.9645,2.1008,-0.2007,,
GUM,Guam,SL.UEM.TOTL.NE.ZS,"Unemployment, total (% of total labor force) (national estimate)",,,,,,,,,,,,,,,,,,,,,,,,,,,,,,,18.6031,17.9565,18.031,18.5061,18.5156,18.5482,18.0018,18.4567,18.704,18.097,17.8927,18.8208,17.8222,18.4642,18.1202,17.2287,18.7137,16.7705,17.1574,18.4131,18.413,17.8306,18.2233,16.8837,18.5029,18.2743,18.1266,18.1599,18.3961,18.135,17.2124,19.2476,18.7498,17.507,,
GUY,Guyana,EG.FEC.RNEW.ZS,Renewable energy consumption (% of total final energy consumption),,,,,,,,,,,,,,,,,,,,,,,,,,,,,,,46.5258,46.894,49.6738,43.3476,46.8181,44.4448,47.5459,47.3211,48.5755,47.3563,47.214,50.1054,49.9254,50.2689,48.9623,48.3226,49.3784,50.7684,45.5625,50.8543,50.8344,50.4904,50.2175,45.5338,49.9364,54.545,51.1419,50.6515,51.4499,52.2756,53.0337,51.4083,52.8659,55.5194,,
GUY,Guyana,EG.ELC.ACCS.ZS,Access to electricity (% of population),,,,,,,,,,,,,,,,,,,,,,,,,,,,,,,100.0,100.0,99.5173,100.0,99.9102,100.0,100.0,100.0,100.0,100.0,100.0,100.0,100.0,100.0,100.0,100.0,100.0,100.0,100.0,100.0,100.0,100.0,100.0,100.0,100.0,100.0,100.0,100.0,100.0,100.0,100.0,100.0,100.0,100.0,,
GUY,Guyana,CC.EST,Control of Corruption: Estimate,,,,,,,,,,,,,,,,,,,,,,,,,,,,,,,-2.2274,-1.9325,-2.1614,-2.424,-1.9858,-2.1678,-2.3529,-2.169,-2.0685,-2.0825,-1.9152,-2.2333,-2.1254,-2.215,-2.3161,-2.0248,-2.0754,-2.097,-2.0798,-2.2133,-2.2517,-2.1265,-1.9917,-1.938,-2.0356,-2.1275,-2.0986,-2.1296,-2.2541,-2.1281,-2.2912,-2.1459,-1.9347,-2.0323,,
GUY,Guyana,EN.ATM.PM25.MC.M3,"PM2.5 air pollution, mean annual exposure (micrograms per cubic meter)",,,,,,,,,,,,,,,,,,,,,,,,,,,,,,,50.6929,51.889,50.666,51.7438,53.3193,52.6571,55.3238,53.3063,51.7436,52.3733,50.9739,49.5064,53.0763,52.5511,50.596,51.2885,52.659,51.9871,48.443,50.923,50.2262,52.0671,51.8642,52.2155,48.4808,48.9014,51.6687,49.0301,47.5555,50.5565,48.8568,52.2823,49.9619,49.678,,
GUY,Guyana,NY.GDP.MKTP.KD.ZG,GDP growth (annual %),,,,,,,,,,,,,,,,,,,,,,,,,,,,,,,2.9388,7.8389,4.7582,2.8406,1.8767,3.6782,1.4177,6.4341,-0.659,3.5131,5.3872,4.7172,2.0687,5.5125,1.6468,3.8059,5.4915,5.0191,2.1743,6.8556,4.0786,5.7193,7.6846,6.6557,6.6622,4.3436,5.8467,4.3959,0.8386,4.6187,4.5028,5.3212,3.5419,1.9582,,
GUY,Guyana,SL.UEM.TOTL.NE.ZS,"Unemployment, total (% of total labor force) (national estimate)",,,,,,,,,,,,,,,,,,,,,,,,,,,,,,,12.2209,11.236,12.6221,11.777,12.0154,12.1719,12.188,11.1882,12.3047,12.0442,11.575,11.5178,11.7256,11.2433,12.7538,12.6357,12.1185,11.781,11.7941,12.2717,12.7716,11.6075,11.3339,12.6665,10.9991,11.3884,11.7692,11.1124,12.4487,12.3211,11.6053,12.5325,12.6173,11.8361,,
HND,Honduras,EG.FEC.RNEW.ZS,Renewable energy consumption (% of total final energy consumption),,,,,,,,,,,,,,,,,,,,,,,,,,,,,,,54.4506,60.0211,57.0942,56.3145,58.679,56.7058,55.2406,56.5622,58.6292,52.7175,56.2758,59.768,56.1282,60.3941,60.2814,57.4708,56.6148,57.3272,63.3811,61.9507,58.6027,57.2856,58.886,59.2895,56.4652,59.262,61.8967,55.8032,61.2051,62.4515,58.7308,63.3902,58.7712,61.1841,,
HND,Honduras,EG.ELC.ACCS.ZS,Access to electricity (% of population),,,,,,,,,,,,,,,,,,,,,,,,,,,,,,,79.9782,80.2281,80.2298,81.5325,81.9027,81.4221,80.6357,82.2962,82.5613,82.3003,84.2174,81.7225,81.4498,82.889,84.292,83.129,83.4389,85.2345,85.0937,85.2753,85.8488,85.1335,85.4205,86.6215,85.1478,84.7595,86.377,87.7184,87.4281,88.1595,86.1106,88.2261,88.7468,87.393,,
HND,Honduras,CC.EST,Control of Corruption: Estimate,,,,,,,,,,,,,,,,,,,,,,,,,,,,,,,-0.1238,-0.2407,0.1413,-0.4886,-0.063,-0.2746,-0.4214,-0.2905,-0.194,-0.1028,-0.0207,-0.0567,-0.3431,-0.0917,-0.1803,-0.3058,-0.2527,-0.3125,-0.2228,-0.3149,-0.3507,-0.1698,-0.1518,-0.2498,-0.0632,-0.2585,-0.2636,-0.148,-0.2432,-0.2171,-0.5297,-0.2253,-0.4466,-0.3738,,
HND,Honduras,EN.ATM.PM25.MC.M3,"PM2.5 air pollution, mean annual exposure (micrograms per cubic meter)",,,,,,,,,,,,,,,,,,,,,,,,,,,,,,,56.3395,56.6986,57.3592,57.3727,59.0188,58.276,55.0108,57.9074,58.1798,57.1296,57.4511,57.7479,58.5293,54.9401,56.856,59.4049,59.1874,58.2588,57.7077,59.3044,59.6192,56.4688,55.1283,56.097,61.0675,53.9884,55.5566,54.0634,56.2896,54.2184,55.7793,52.9373,56.7089,57.536,,
HND,Honduras,NY.GDP.MKTP.KD.ZG,GDP growth (annual %),,,,,,,,,,,,,,,,,,,,,,,,,,,,,,,1.1696,1.7916,1.7209,2.5817,2.034,4.0497,5.212,0.0942,1.3561,4.3835,-1.4248,-2.7974,2.6952,3.3703,0.3237,0.6828,0.2289,-0.0379,3.8632,-0.8218,1.4656,-0.1339,-1.5088,4.3049,0.8299,2.6005,-1.6408,0.2746,4.0196,8.5976,-2.8111,1.6266,3.1601,0.5892,,
HND,Honduras,SL.UEM.TOTL.NE.ZS,"Unemployment, total (% of total labor force) (national estimate)",,,,,,,,,,,,,,,,,,,,,,,,,,,,,,,18.7444,17.8863,18.3966,18.0587,18.9294,17.9815,18.1437,18.7925,17.8057,18.3541,17.4084,17.7757,18.5108,17.8243,18.0474,18.5662,18.0301,18.7311,18.4275,18.5375,18.9402,18.4796,19.0891,18.7753,18.058,18.9663,18.4516,18.1223,18.4589,18.8758,18.5472,19.2309,18.863,18.5813,,
HRV,Croatia,EG.FEC.RNEW.ZS,Renewable energy consumption (% of total final energy consumption),,,,,,,,,,,,,,,,,,,,,,,,,,,,,,,6.5836,8.4262,9.079,10.479,10.5104,9.7248,9.7764,11.1266,8.1185,13.3767,6.0414,13.1965,10.3453,12.5909,11.4634,11.5778,12.1442,12.8038,10.678,13.5553,9.4668,11.775,13.6077,14.0757,13.1573,11.5989,14.3291,11.347,16.3385,12.8164,10.0565,10.8963,13.523,13.8654,,
HRV,Croatia,EG.ELC.ACCS.ZS,Access to electricity (% of population),,,,,,,,,,,,,,,,,,,,,,,,,,,,,,,54.8383,52.6818,53.7942,53.1651,53.8685,55.8598,53.8535,55.4822,55.5769,55.4933,56.1782,55.0846,57.5877,58.0525,56.8003,58.9511,56.9434,57.833,58.9081,57.6454,57.1574,57.2232,60.4113,58.5894,59.114,58.6224,60.5213,59.3874,59.8696,60.7522,59.9114,60.8697,62.3844,61.8552,,
HRV,Croatia,CC.EST,Control of Corruption: Estimate,,,,,,,,,,,,,,,,,,,,,,,,,,,,,,,2.2677,2.2778,2.2054,2.4916,2.1546,2.2774,2.2659,2.3731,2.3844,2.2482,2.2869,2.2915,1.9794,2.0614,2.1794,2.1847,2.1081,2.342,2.2523,2.2263,2.1013,2.2467,1.9369,2.2325,2.2596,2.2811,2.0644,2.279,2.1271,2.1546,2.3382,2.4938,2.2582,2.154,,
HRV,Croatia,EN.ATM.PM25.MC.M3,"PM2.5 air pollution, mean annual exposure (micrograms per cubic meter)",,,,,,,,,,,,,,,,,,,,,,,,,,,,,,,80.9554,82.001,81.4439,84.5471,79.2794,80.6508,82.5158,82.3417,77.1073,79.9474,82.0992,84.1284,80.7681,79.0806,78.0386,82.8005,80.4855,78.0403,78.9277,79.6177,79.8881,77.643,77.9911,76.353,80.3121,78.16,79.2919,80.6458,78.7622,78.183,78.5633,78.2872,79.9817,78.4987,,
HRV,Croatia,NY.GDP.MKTP.KD.ZG,GDP growth (annual %),,,,,,,,,,,,,,,,,,,,,,,,,,,,,,,0.1895,4.1701,4.6267,-1.7954,5.3824,2.4622,2.2586,4.067,0.133,3.9359,0.6085,-2.1369,-0.9439,2.968,-0.8132,5.5756,4.5237,4.8841,1.8624,2.1951,-1.4338,4.0399,2.5,2.9687,5.7712,0.0355,1.2351,2.3671,-0.7881,1.0815,2.7828,0.7369,4.8229,-2.2269,,
HRV,Croatia,SL.UEM.TOTL.NE.ZS,"Unemployment, total (% of total labor force) (national estimate)",,,,,,,,,,,,,,,,,,,,,,,,,,,,,,,14.1036,13.8728,13.2578,13.08,12.5021,13.1447,14.0658,13.5142,14.1237,13.2323,13.8958,13.1835,13.0595,13.4887,13.2098,12.7708,13.4511,13.5955,14.1764,14.0107,14.1522,13.9024,13.7086,12.9278,13.6172,13.8407,14.271,13.8854,14.1624,13.0263,13.379,13.7569,14.1227,13.4696,,
HTI,Haiti,EG.FEC.RNEW.ZS,Renewable energy consumption (% of total final energy consumption),,,,,,,,,,,,,,,,,,,,,,,,,,,,,,,27.0256,28.7148,25.2388,30.8553,26.0322,24.1033,28.1106,31.6374,29.5634,30.0427,28.7733,28.5357,25.9007,24.6217,29.683,32.0656,30.2788,30.9877,33.0579,30.698,29.9452,28.7034,34.5349,31.6936,28.9033,28.5982,33.5966,29.1656,35.0982,26.0276,34.5357,32.8143,32.2277,31.7896,,
HTI,Haiti,EG.ELC.ACCS.ZS,Access to electricity (% of population),,,,,,,,,,,,,,,,,,,,,,,,,,,,,,,48.7405,48.0435,47.0053,46.6027,48.3697,48.477,47.512,48.9336,48.7687,49.4853,50.3086,51.172,50.955,49.9007,51.023,51.0284,50.1622,51.7965,53.2132,52.0038,50.9525,52.5021,51.7569,53.6688,53.6478,53.3411,53.4629,53.8081,54.2345,53.8601,53.6177,55.8888,54.9196,55.6115,,
HTI,Haiti,CC.EST,Control of Corruption: Estimate,,,,,,,,,,,,,,,,,,,,,,,,,,,,,,,-0.1473,-0.1429,-0.3224,-0.3826,-0.2522,-0.134,-0.2689,-0.2241,0.0738,-0.403,-0.2721,0.0461,-0.1869,-0.2662,-0.0413,-0.1749,-0.2233,-0.1584,-0.2605,-0.3036,-0.1951,-0.3028,-0.1802,-0.139,-0.0791,-0.0462,-0.2302,-0.1216,-0.1224,-0.1422,-0.239,-0.3049,-0.1213,-0.3863,,
HTI,Haiti,EN.ATM.PM25.MC.M3,"PM2.5 air pollution, mean annual exposure (micrograms per cubic meter)",,,,,,,,,,,,,,,,,,,,,,,,,,,,,,,34.6332,31.1245,32.8703,33.4792,36.36,35.6671,33.724,35.569,35.7264,34.0739,32.1584,33.8431,33.9281,32.1463,34.4655,34.2547,34.4225,34.0933,34.6897,33.2459,33.7376,32.7583,32.3982,35.2023,30.0493,34.3501,32.0241,31.7499,33.1873,30.4805,31.4109,31.2812,32.1428,31.1887,,
HTI,Haiti,NY.GDP.MKTP.KD.ZG,GDP growth (annual %),,,,,,,,,,,,,,,,,,,,,,,,,,,,,,,6.1292,6.619,-2.9285,3.4873,4.2731,3.4839,0.4812,1.5162,0.2558,1.0758,-0.8985,1.8395,-1.6306,1.6261,-0.995,2.6435,0.4279,2.8529,4.8304,6.1001,-4.1936,0.041,1.3687,3.2773,-1.9994,-0.3288,2.4523,2.3387,3.0705,3.2356,2.9729,2.6106,2.2658,3.7884,,
HTI,Haiti,SL.UEM.TOTL.NE.ZS,"Unemployment, total (% of total labor force) (national estimate)",,,,,,,,,,,,,,,,,,,,,,,,,,,,,,,3.2018,5.0937,3.2192,3.7819,4.2081,4.6578,2.8239,4.3074,4.7177,4.8187,3.9728,4.1711,4.0134,4.1252,3.8056,3.8769,4.5387,4.3873,4.5673,4.4285,4.6737,4.7606,3.4506,3.8943,4.2058,4.3102,3.9864,4.7775,5.3115,4.4146,4.3637,4.7462,3.3886,4.3357,,
HUN,Hungary,EG.FEC.RNEW.ZS,Renewable energy consumption (% of total final energy consumption),,,,,,,,,,,,,,,,,,,,,,,,,,,,,,,84.9097,81.8153,80.7985,83.03,83.4302,81.8843,88.0439,83.0442,81.8443,84.1143,86.2673,84.6364,85.7228,83.1586,88.027,86.325,87.447,86.2319,87.3014,84.0555,84.9688,88.7945,89.3711,84.1075,87.0511,85.8397,85.4575,87.5713,89.4335,88.2049,86.8126,88.6313,87.0316,88.7258,,
HUN,Hungary,EG.ELC.ACCS.ZS,Access to electricity (% of population),,,,,,,,,,,,,,,,,,,,,,,,,,,,,,,100.0,97.692,100.0,98.6225,100.0,99.8441,99.6296,100.0,100.0,100.0,100.0,100.0,100.0,100.0,100.0,100.0,100.0,100.0,100.0,100.0,100.0,100.0,100.0,100.0,100.0,100.0,100.0,100.0,100.0,100.0,100.0,100.0,100.0,100.0,,
HUN,Hungary,CC.EST,Control of Corruption: Estimate,,,,,,,,,,,,,,,,,,,,,,,,,,,,,,,1.1039,1.1137,0.9392,1.0287,0.8338,1.109,0.8968,1.085,0.8529,1.1146,1.0294,0.897,1.0738,0.92,1.0808,0.9579,0.7843,0.8729,0.9392,1.155,1.0989,1.1857,1.1892,0.9266,0.9682,0.9415,0.9102,0.7698,0.989,0.8365,0.9867,1.2447,0.9297,1.0142,,
HUN,Hungary,EN.ATM.PM25.MC.M3,"PM2.5 air pollution, mean annual exposure (micrograms per cubic meter)",,,,,,,,,,,,,,,,,,,,,,,,,,,,,,,51.9282,50.9086,50.8469,49.7846,49.9004,48.7282,51.3573,47.396,51.3848,47.7426,51.2121,49.1575,47.7604,50.3971,50.8413,48.7111,50.3691,45.7806,47.1473,50.9868,48.6327,46.0949,47.7599,47.3431,48.3992,48.0121,48.7566,48.304,50.3678,48.885,48.8547,49.8359,47.425,46.0354,,
HUN,Hungary,NY.GDP.MKTP.KD.ZG,GDP growth (annual %),,,,,,,,,,,,,,,,,,,,,,,,,,,,,,,3.9103,1.2325,1.2413,-0.6905,-0.6493,3.0097,3.3545,2.8524,2.8753,2.3154,1.2217,0.4544,3.9187,-0.0414,1.8178,-1.1172,-0.7554,0.3025,-1.117,2.8875,-2.4772,1.1409,1.2241,-3.6341,-0.2097,1.5321,1.9647,0.3821,2.5851,0.6196,0.927,1.522,3.2104,-0.7964,,
HUN,Hungary,SL.UEM.TOTL.NE.ZS,"Unemployment, total (% of total labor force) (national estimate)",,,,,,,,,,,,,,,,,,,,,,,,,,,,,,,16.5911,16.5001,16.6684,17.5476,17.1209,16.269,16.5343,17.0209,16.3813,16.4718,17.507,16.5278,17.3118,17.4622,16.4678,16.3895,16.6964,16.2902,16.895,16.7317,17.0148,17.533,17.2433,17.0791,15.8515,17.0562,17.6958,15.3293,17.1792,16.7548,16.4096,17.2351,17.6894,17.2221,,
IDN,Indonesia,EG.FEC.RNEW.ZS,Renewable energy consumption (% of total final energy consumption),,,,,,,,,,,,,,,,,,,,,,,,,,,,,,,59.0361,58.0416,60.3677,61.9748,59.6044,59.9477,66.3225,62.9858,63.2788,58.2079,59.8641,61.5779,59.5762,64.9293,64.6991,60.9614,65.7463,62.32,67.6573,62.9179,63.9309,65.7283,65.6338,64.25,63.0962,64.5568,62.0461,64.1328,61.7599,60.5667,64.3793,66.953,66.4301,64.5647,,
IDN,Indonesia,EG.ELC.ACCS.ZS,Access to electricity (% of population),,,,,,,,,,,,,,,,,,,,,,,,,,,,,,,46.9677,45.3649,44.5358,44.5744,45.6251,47.4734,46.5623,47.6889,48.8871,46.94,48.4529,48.7513,47.8815,49.9035,48.8399,49.0131,51.2594,50.2383,50.8103,51.404,50.0497,51.82,50.6686,50.8844,51.3525,51.3224,52.7278,52.5339,52.1771,53.3597,52.85,53.0576,53.609,54.1909,,
IDN,Indonesia,CC.EST,Control of Corruption: Estimate,,,,,,,,,,,,,,,,,,,,,,,,,,,,,,,2.1014,2.011,2.1563,2.0279,1.976,1.8785,2.1726,2.0561,2.0799,2.1801,1.9973,1.8897,2.063,2.0916,2.0231,2.2315,1.7563,2.189,2.1496,2.1094,1.6543,2.2087,1.9315,1.9937,2.0342,2.1035,2.1314,2.1618,2.1525,2.085,2.1045,1.9237,1.9645,2.1621,,
IDN,Indonesia,EN.ATM.PM25.MC.M3,"PM2.5 air pollution, mean annual exposure (micrograms per cubic meter)",,,,,,,,,,,,,,,,,,,,,,,,,,,,,,,76.1715,75.9214,73.984,76.0414,72.8538,76.1317,74.0444,76.8819,71.9935,76.8408,73.5735,73.4664,74.2479,72.83,73.6872,72.6092,72.5841,74.286,72.1233,72.2434,71.2565,72.4798,75.1231,71.8068,71.8982,73.2065,72.2795,76.0979,72.4319,73.0985,73.9313,73.8225,72.7056,72.034,,
IDN,Indonesia,NY.GDP.MKTP.KD.ZG,GDP growth (annual %),,,,,,,,,,,,,,,,,,,,,,,,,,,,,,,8.8342,3.5247,2.6699,2.1595,-0.5429,5.8281,-2.0961,3.7598,3.2619,9.374,-0.805,1.5213,3.4339,3.2803,2.4002,3.5716,0.6252,4.6671,-2.0296,3.7097,2.2732,6.3148,8.1624,2.9465,7.2509,2.9838,1.3588,8.1389,5.076,3.7852,5.492,4.4596,3.6011,0.458,,
IDN,Indonesia,SL.UEM.TOTL.NE.ZS,"Unemployment, total (% of total labor force) (national estimate)",,,,,,,,,,,,,,,,,,,,,,,,,,,,,,,15.202,15.6489,15.2758,15.7884,15.5291,14.8982,14.6776,15.2586,15.0751,15.5054,14.9782,15.0295,15.8638,15.4113,14.9859,15.3461,16.0267,15.4841,15.6337,14.9611,15.8504,16.4963,14.9415,14.7463,15.425,15.775,15.2915,14.8106,15.2829,15.6363,15.1337,15.6409,15.9196,15.4573,,
IMN,Isle of Man,EG.FEC.RNEW.ZS,Renewable energy consumption (% of total final energy consumption),,,,,,,,,,,,,,,,,,,,,,,,,,,,,,,54.0173,55.8819,52.661,52.6138,54.1401,53.8395,53.3665,58.7842,59.6172,54.7158,55.7567,55.3475,58.0882,58.6345,52.6187,57.2752,53.8596,60.1398,57.6537,55.2765,56.5906,56.6453,58.4234,59.607,55.3768,61.5007,61.1846,56.3726,58.4188,61.8448,61.0391,58.0497,60.5019,65.0176,,
IMN,Isle of Man,EG.ELC.ACCS.ZS,Access to electricity (% of population),,,,,,,,,,,,,,,,,,,,,,,,,,,,,,,62.2699,61.9297,62.8237,63.133,62.7662,63.7891,62.6823,63.4034,64.7924,63.0319,65.4083,63.3262,63.8007,65.0366,65.9153,66.996,66.2319,66.2386,67.1495,66.2391,67.2973,66.4762,67.7519,67.8319,67.5424,68.5678,68.8126,69.8762,67.9013,69.375,69.0776,70.6316,70.7889,70.8421,,
IMN,Isle of Man,CC.EST,Control of Corruption: Estimate,,,,,,,,,,,,,,,,,,,,,,,,,,,,,,,2.0792,2.2699,1.98,1.9554,2.0105,2.1596,2.2447,1.8065,2.3224,2.1794,1.9755,2.1758,2.2947,2.2356,2.2955,1.9997,2.114,2.0527,2.3698,2.2404,2.5,2.1075,2.0767,2.1465,2.329,2.1197,2.1786,2.1752,2.1684,2.0854,2.1472,2.142,2.1627,2.2769,,
IMN,Isle of Man,EN.ATM.PM25.MC.M3,"PM2.5 air pollution, mean annual exposure (micrograms per cubic meter)",,,,,,,,,,,,,,,,,,,,,,,,,,,,,,,81.2564,77.2748,77.8674,77.1379,78.5761,77.4079,78.4951,79.7109,74.1867,78.6331,77.1252,78.4261,76.3107,79.3698,78.8654,78.268,78.5253,76.137,76.246,78.2241,75.8638,79.1039,76.37,77.5283,79.8443,75.5561,76.6386,78.0367,77.8023,75.8037,75.4403,75.7857,78.2272,75.5568,,
IMN,Isle of Man,NY.GDP.MKTP.KD.ZG,GDP growth (annual %),,,,,,,,,,,,,,,,,,,,,,,,,,,,,,,-0.1012,-1.3635,1.4674,0.0923,-2.8051,-2.7186,-5.293,-2.3748,1.6883,3.0129,1.4174,1.0901,-0.6128,1.6408,0.4192,4.2146,-0.5426,3.061,1.8888,1.5421,-5.3252,2.0265,-0.6153,-1.4063,-4.0038,-0.3105,-0.2126,-3.554,-3.9797,0.92,1.8827,0.1792,2.5806,-0.5125,,
IMN,Isle of Man,SL.UEM.TOTL.NE.ZS,"Unemployment, total (% of total labor force) (national estimate)",,,,,,,,,,,,,,,,,,,,,,,,,,,,,,,3.4211,2.9897,2.6681,4.3756,4.0139,2.752,3.5261,3.3982,3.3112,3.2437,3.6389,3.8573,3.6494,3.388,3.3696,3.9166,3.68,3.4846,3.4303,3.6209,3.2141,3.859,2.9103,3.2425,3.7538,2.8818,2.6617,3.4798,2.6,2.7988,3.8265,3.3458,4.091,2.8458,,
IND,India,EG.FEC.RNEW.ZS,Renewable energy consumption (% of total final energy consumption),,,,,,,,,,,,,,,,,,,,,,,,,,,,,,,34.9292,36.0662,33.076,37.6306,36.7384,32.6485,35.9416,36.939,35.137,33.5073,37.174,41.1896,36.1431,40.2056,35.7125,37.7982,39.0601,37.6502,37.2216,39.4193,41.9,38.8682,37.3849,38.1876,43.7565,39.1369,37.8282,36.8769,35.6653,40.1942,40.9264,38.9737,39.8871,37.7261,,
IND,India,EG.ELC.ACCS.ZS,Access to electricity (% of population),,,,,,,,,,,,,,,,,,,,,,,,,,,,,,,87.7923,88.3212,87.7578,89.7883,88.0163,89.1627,89.8646,89.3741,89.5352,88.7929,91.2718,90.3001,91.1159,91.4741,90.6833,91.2779,92.7536,91.0422,93.8883,91.8401,91.7424,93.0418,94.9526,91.9072,93.5732,94.317,94.2129,94.7415,94.1115,94.4562,95.0672,94.5321,95.6502,95.625,,
IND,India,CC.EST,Control of Corruption: Estimate,,,,,,,,,,,,,,,,,,,,,,,,,,,,,,,2.38,2.4748,2.2179,2.4089,2.5,2.306,2.5,2.4429,2.364,2.2779,2.4531,2.5,2.3897,2.4267,2.5,2.4773,2.2477,2.4482,2.5,2.4319,2.1074,2.483,2.4126,2.2169,2.2349,2.5,2.3485,2.3275,2.4321,2.3591,2.4484,2.4121,2.2924,2.375,,
IND,India,EN.ATM.PM25.MC.M3,"PM2.5 air pollution, mean annual exposure (micrograms per cubic meter)",,,,,,,,,,,,,,,,,,,,,,,,,,,,,,,18.4496,17.7683,17.5025,20.4515,18.562,18.6641,17.0565,17.5557,16.4988,18.2318,16.8198,17.239,17.0664,16.7182,21.0727,15.5855,15.4919,17.4666,15.4527,15.8283,14.5558,16.8428,16.7818,15.4726,16.9377,12.9982,14.6452,15.3705,13.787,12.8424,14.9236,16.3465,17.1486,14.3245,,
IND,India,NY.GDP.MKTP.KD.ZG,GDP growth (annual %),,,,,,,,,,,,,,,,,,,,,,,,,,,,,,,4.0066,3.7649,5.2201,1.2981,-2.3227,2.3491,-0.3609,0.3648,1.4205,1.3263,2.5275,3.9315,1.2542,3.1628,2.2106,4.5123,1.7021,1.9763,1.2376,1.768,0.2149,-0.0329,4.113,-0.5344,1.3758,4.7119,1.2918,4.2454,0.696,-0.4543,-1.8135,5.4554,-0.6686,4.0416,,
IND,India,SL.UEM.TOTL.NE.ZS,"Unemployment, total (% of total labor force) (national estimate)",,,,,,,,,,,,,,,,,,,,,,,,,,,,,,,8.9752,10.1338,10.5785,8.6319,8.9328,9.8617,9.7317,9.8636,9.1883,10.4689,9.5342,8.8667,9.3486,8.8734,10.2706,9.145,9.7214,9.2398,9.1675,8.52,9.7742,10.1247,9.0172,8.7025,9.8768,8.652,10.0849,9.0229,8.9235,9.5994,8.9561,9.1216,9.6521,8.2606,,
IRL,Ireland,EG.FEC.RNEW.ZS,Renewable energy consumption (% of total final energy consumption),,,,,,,,,,,,,,,,,,,,,,,,,,,,,,,85.878,82.8304,80.3072,81.0087,85.1764,84.5453,86.2667,82.2777,84.3863,84.7963,85.4837,86.4977,82.9586,84.3148,83.4729,84.7379,86.39,81.8351,87.5119,83.1648,84.9784,88.231,86.5492,86.7222,83.8319,84.255,88.3757,85.4649,85.8033,88.8711,84.9933,87.7816,87.479,87.5378,,
IRL,Ireland,EG.ELC.ACCS.ZS,Access to electricity (% of population),,,,,,,,,,,,,,,,,,,,,,,,,,,,,,,89.323,89.5238,89.375,90.8739,90.2032,91.7627,91.0581,90.641,91.5475,91.659,93.045,92.1925,92.5168,94.117,93.6443,94.8179,94.745,93.278,95.0297,95.708,95.964,95.7782,96.0117,95.2456,95.0678,95.706,94.9059,97.562,96.5111,98.0208,96.2525,98.3538,97.3418,96.9602,,
IRL,Ireland,CC.EST,Control of Corruption: Estimate,,,,,,,,,,,,,,,,,,,,,,,,,,,,,,,1.8869,1.8245,1.7171,1.6957,1.7444,1.715,1.5966,1.6422,1.9269,2.0123,1.8792,1.749,1.6511,1.5959,1.6038,1.6253,1.9498,1.9084,1.7812,1.5764,1.7988,1.663,1.4333,1.7261,1.5906,1.5947,1.6616,1.6318,1.6875,1.6818,1.4665,1.8741,1.5736,1.5774,,
IRL,Ireland,EN.ATM.PM25.MC.M3,"PM2.5 air pollution, mean annual exposure (micrograms per cubic meter)",,,,,,,,,,,,,,,,,,,,,,,,,,,,,,,44.3461,44.5964,46.8674,45.0031,45.3686,44.8507,44.7061,44.7435,41.2998,43.744,45.7823,49.8724,42.0725,44.4335,42.8623,46.7104,41.5282,44.4163,41.2881,42.8411,43.1874,44.7635,41.4632,43.994,42.9471,43.2481,44.1964,40.7551,43.8148,41.6656,44.0827,42.8608,41.9646,41.3139,,
IRL,Ireland,NY.GDP.MKTP.KD.ZG,GDP growth (annual %),,,,,,,,,,,,,,,,,,,,,,,,,,,,,,,3.4249,4.5191,0.0346,-1.4658,3.1022,-2.2546,-1.8971,-1.2901,0.3281,-1.9741,-3.4803,-1.4719,2.9729,-1.8122,0.516,6.2334,1.2438,2.223,-0.9984,6.7754,0.0135,0.7964,4.6593,0.9124,1.4864,0.6625,0.6796,2.2929,2.749,-0.2414,-0.5485,-0.1562,-2.1364,-2.6094,,
IRL,Ireland,SL.UEM.TOTL.NE.ZS,"Unemployment, total (% of total labor force) (national estimate)",,,,,,,,,,,,,,,,,,,,,,,,,,,,,,,7.7965,8.1172,8.0834,6.4569,7.5254,7.0969,7.7198,7.439,7.9439,7.6383,6.6999,7.1644,7.6508,7.693,6.9451,6.8797,7.676,6.9461,6.8136,7.4253,7.4037,7.2087,7.2961,7.6548,7.2878,7.6833,7.4577,7.7317,8.087,8.0675,8.292,8.067,7.7672,7.4312,,
IRN,"Iran, Islamic Rep.",EG.FEC.RNEW.ZS,Renewable energy consumption (% of total final energy consumption),,,,,,,,,,,,,,,,,,,,,,,,,,,,,,,8.7345,7.9045,9.8191,11.3548,8.6587,10.1856,9.0553,10.9787,9.6113,9.381,9.6501,12.1667,11.1165,10.6032,12.1328,10.931,14.1631,10.1123,11.8361,9.5505,11.8163,9.3008,14.3027,14.493,14.6784,13.3178,11.6503,11.9594,16.7704,16.7314,14.2552,13.1288,17.0473,13.071,,
IRN,"Iran, Islamic Rep.",EG.ELC.ACCS.ZS,Access to electricity (% of population),,,,,,,,,,,,,,,,,,,,,,,,,,,,,,,91.39,92.5385,91.0379,92.6203,92.6234,92.4253,91.9122,92.3774,93.4385,92.3183,93.8115,94.3898,94.9951,93.3383,95.76,96.3132,95.5351,94.6265,95.4445,95.9189,96.4233,96.4745,96.9319,96.8844,97.419,97.0885,97.4364,97.4961,99.7408,99.6281,99.1512,100.0,99.8457,99.602,,
IRN,"Iran, Islamic Rep.",CC.EST,Control of Corruption: Estimate,,,,,,,,,,,,,,,,,,,,,,,,,,,,,,,1.3838,1.533,1.5243,1.4285,1.3862,1.6236,1.6034,1.4244,1.475,1.7039,1.4592,1.585,1.5417,1.6253,1.4618,1.5753,1.5848,1.5921,1.574,1.6059,1.8275,1.8719,1.4878,1.2863,1.636,1.5869,1.6918,1.5987,1.5715,1.7,1.7168,1.3981,1.4665,1.5518,,
IRN,"Iran, Islamic Rep.",EN.ATM.PM25.MC.M3,"PM2.5 air pollution, mean annual exposure (micrograms per cubic meter)",,,,,,,,,,,,,,,,,,,,,,,,,,,,,,,90.1237,89.557,90.4673,91.2302,92.2401,90.4444,88.2175,89.1949,89.223,90.028,89.7583,92.1716,88.3237,89.5131,92.3881,87.8982,88.9137,87.1987,88.6591,87.2857,89.9462,88.517,86.8129,89.3969,88.3255,89.4052,86.1745,88.3692,88.896,87.0209,85.6875,87.4336,89.2582,89.0249,,
IRN,"Iran, Islamic Rep.",NY.GDP.MKTP.KD.ZG,GDP growth (annual %),,,,,,,,,,,,,,,,,,,,,,,,,,,,,,,2.9138,0.7772,2.9069,2.8137,5.101,3.7224,2.1017,6.7455,4.3359,5.0734,-0.3276,-2.0758,0.391,2.7835,5.4258,-1.8708,7.967,4.4113,7.3856,1.7699,5.2445,4.1979,6.0291,3.4004,5.1679,6.7404,2.3569,4.5905,-0.7348,5.7411,8.8715,0.8738,3.7564,6.1861,,
IRN,"Iran, Islamic Rep.",SL.UEM.TOTL.NE.ZS,"Unemployment, total (% of total labor force) (national estimate)",,,,,,,,,,,,,,,,,,,,,,,,,,,,,,,12.458,12.5249,12.2468,12.2283,12.399,12.4632,11.8516,12.4093,13.2266,12.2328,11.8237,12.3666,12.085,11.7732,12.5119,12.0872,12.13,12.5191,11.6758,11.5716,12.7778,11.4769,11.954,11.5424,12.1993,12.6564,12.4985,13.6383,12.9858,11.9768,11.8438,13.7957,12.9736,12.737,,
IRQ,Iraq,EG.FEC.RNEW.ZS,Renewable energy consumption (% of total final energy consumption),,,,,,,,,,,,,,,,,,,,,,,,,,,,,,,66.6687,67.216,63.8548,67.2831,67.2615,65.4607,66.3419,70.5993,67.4686,72.0113,64.5376,67.1247,65.2244,66.0501,66.9626,69.3996,69.4526,67.7104,64.7634,72.3244,68.9475,67.4364,70.3689,70.3779,69.4736,70.5661,68.1089,72.0888,68.7253,69.6579,72.3166,73.5769,74.4905,73.5806,,
IRQ,Iraq,EG.ELC.ACCS.ZS,Access to electricity (% of population),,,,,,,,,,,,,,,,,,,,,,,,,,,,,,,96.1505,95.4269,98.0338,98.2563,96.8722,98.3967,97.644,99.3608,97.9979,100.0,99.5387,100.0,99.0387,99.9838,99.1343,100.0,100.0,100.0,100.0,100.0,100.0,100.0,100.0,100.0,100.0,100.0,100.0,100.0,100.0,100.0,100.0,100.0,100.0,100.0,,
IRQ,Iraq,CC.EST,Control of Corruption: Estimate,,,,,,,,,,,,,,,,,,,,,,,,,,,,,,,1.8119,1.7004,1.9984,1.4735,1.8424,1.8338,1.8132,1.7694,1.8143,1.8524,1.6611,1.7841,1.7262,1.617,1.8343,1.6805,1.5685,1.6835,1.6524,1.8717,1.7666,1.9141,1.6683,1.8531,2.089,1.791,1.8516,1.8315,1.5776,1.8185,1.785,1.7171,1.6422,1.8315,,
IRQ,Iraq,EN.ATM.PM25.MC.M3,"PM2.5 air pollution, mean annual exposure (micrograms per cubic meter)",,,,,,,,,,,,,,,,,,,,,,,,,,,,,,,24.566,29.1451,26.0358,23.9496,24.9336,25.2074,29.1632,24.1377,25.2103,24.4978,25.9735,24.3618,23.356,24.6916,24.4555,23.9362,23.9364,26.4416,24.105,22.8034,23.7314,24.4261,22.2602,26.6236,25.406,26.1698,24.5328,20.724,26.0876,22.4092,22.4513,23.7791,25.5319,24.9645,,
IRQ,Iraq,NY.GDP.MKTP.KD.ZG,GDP growth (annual %),,,,,,,,,,,,,,,,,,,,,,,,,,,,,,,3.7932,0.7479,0.7084,2.3923,1.2023,3.7507,3.6027,3.0058,-4.7875,1.8474,1.2553,1.9475,-0.3584,-1.7845,2.6853,0.6367,2.9642,-0.1498,5.0672,4.0301,2.2695,0.9942,3.6585,2.5088,2.1239,4.1346,5.0938,-1.6036,-1.0985,-0.4232,-2.2286,1.3706,3.0277,1.4739,,
IRQ,Iraq,SL.UEM.TOTL.NE.ZS,"Unemployment, total (% of total labor force) (national estimate)",,,,,,,,,,,,,,,,,,,,,,,,,,,,,,,4.9286,5.7589,5.266,5.3672,5.7728,5.1341,6.2258,4.9718,6.1947,4.7083,5.4545,4.8744,5.7555,4.9566,5.3411,4.8704,5.6643,4.8678,6.0374,4.6977,4.5229,5.6715,4.8999,5.1921,5.0346,4.5394,5.1572,5.8282,5.6973,5.3116,5.7518,4.666,5.033,5.3936,,
ISL,Iceland,EG.FEC.RNEW.ZS,Renewable energy consumption (% of total final energy consumption),,,,,,,,,,,,,,,,,,,,,,,,,,,,,,,81.0633,80.9804,79.2228,77.6114,83.5598,82.5605,84.0281,81.4996,81.0985,82.6872,84.5325,82.5112,84.7277,81.2615,83.1012,83.4339,86.1769,84.2893,87.5162,81.4787,84.5839,84.8329,85.8643,83.1474,88.293,85.1,83.0499,85.342,84.8978,91.2406,87.924,86.0734,85.9002,88.1762,,
ISL,Iceland,EG.ELC.ACCS.ZS,Access to electricity (% of population),,,,,,,,,,,,,,,,,,,,,,,,,,,,,,,75.2004,72.3221,75.4157,75.1737,74.3524,76.3555,77.6983,76.5968,77.2817,78.0946,76.2371,75.6653,77.9268,77.4533,76.802,78.0888,78.9834,78.5322,78.2719,78.9725,79.3858,78.1078,79.7871,79.0759,80.9286,79.4025,81.7115,80.824,80.967,81.8869,81.2085,82.3743,81.8157,82.206,,
ISL,Iceland,CC.EST,Control of Corruption: Estimate,,,,,,,,,,,,,,,,,,,,,,,,,,,,,,,-1.3081,-1.4934,-1.5085,-1.327,-1.36,-1.3365,-1.3175,-1.3499,-1.2838,-1.3451,-1.5977,-1.5665,-1.1254,-1.3568,-1.2428,-1.3983,-1.3637,-1.4112,-1.0609,-1.3264,-1.421,-1.555,-1.1199,-1.3764,-1.2675,-1.2541,-1.4123,-1.2761,-1.4293,-1.4756,-1.2171,-1.3758,-1.2946,-1.3075,,
ISL,Iceland,EN.ATM.PM25.MC.M3,"PM2.5 air pollution, mean annual exposure (micrograms per cubic meter)",,,,,,,,,,,,,,,,,,,,,,,,,,,,,,,63.0515,59.6798,61.0566,61.3678,60.5273,62.3381,63.3949,63.5523,60.9458,61.8125,61.963,62.1464,59.8174,63.7854,62.3643,62.3235,62.6197,61.5358,59.1136,60.3661,58.018,61.0372,60.0807,60.1938,61.9806,59.4091,59.6364,59.9675,57.0946,59.3755,55.9659,58.7363,60.8173,60.1255,,
ISL,Iceland,NY.GDP.MKTP.KD.ZG,GDP growth (annual %),,,,,,,,,,,,,,,,,,,,,,,,,,,,,,,0.7945,2.3836,-0.4059,2.2757,9.6074,6.8961,2.4131,2.6819,-0.1673,0.2771,3.187,0.9693,4.542,6.2058,3.1131,2.5359,-1.9204,4.1506,-0.5776,1.2366,4.6805,4.856,1.1153,1.2593,0.5333,-0.7131,0.6946,-1.7512,3.9892,3.2679,3.6829,-0.1044,-0.7061,2.4154,,
ISL,Iceland,SL.UEM.TOTL.NE.ZS,"Unemployment, total (% of total labor force) (national estimate)",,,,,,,,,,,,,,,,,,,,,,,,,,,,,,,9.1208,9.0151,8.944,9.9442,9.3018,10.0741,9.7232,9.9404,8.5515,9.3854,8.8729,8.2571,9.8368,8.9419,8.5612,8.8815,8.6907,8.7419,8.978,9.9542,8.7556,9.9184,9.5132,9.2869,9.4628,9.0956,9.7318,9.3723,8.2564,9.2369,9.4808,8.9443,9.1519,8.7823,,
ISR,Israel,EG.FEC.RNEW.ZS,Renewable energy consumption (% of total final energy consumption),,,,,,,,,,,,,,,,,,,,,,,,,,,,,,,11.3294,11.1339,11.3105,15.8727,9.704,13.5016,13.4533,14.5703,11.5717,16.2424,13.0383,17.9994,14.6411,15.8434,16.1922,16.8231,16.5586,15.7804,17.4707,17.8669,15.5543,18.0873,19.768,18.9464,19.5494,18.1784,16.1123,16.5153,18.9244,20.3201,24.1564,20.6983,16.5437,17.5001,,
ISR,Israel,EG.ELC.ACCS.ZS,Access to electricity (% of population),,,,,,,,,,,,,,,,,,,,,,,,,,,,,,,80.4751,78.7307,79.1903,78.6339,80.9043,80.3025,79.5326,79.6072,80.898,80.9376,81.8179,81.8398,81.4407,81.4672,82.0243,81.9617,82.5481,82.9154,82.4339,83.9068,83.3559,83.2288,83.871,84.5961,84.7187,85.24,85.8709,86.4462,85.8806,85.0467,85.937,85.5988,88.0097,88.4922,,
ISR,Israel,CC.EST,Control of Corruption: Estimate,,,,,,,,,,,,,,,,,,,,,,,,,,,,,,,0.1796,0.2046,0.1317,0.1455,-0.0902,0.0927,-0.0042,0.1353,0.0944,0.3352,0.2115,0.1357,0.0695,0.3027,0.0979,0.1413,0.1066,0.053,0.1059,-0.1339,-0.0842,0.1435,0.2897,0.1433,0.0151,-0.0716,0.1957,0.0335,0.1787,0.1483,0.1589,0.1056,0.1476,0.0872,,
ISR,Israel,EN.ATM.PM25.MC.M3,"PM2.5 air pollution, mean annual exposure (micrograms per cubic meter)",,,,,,,,,,,,,,,,,,,,,,,,,,,,,,,69.6941,69.1218,66.9096,70.1354,72.6061,71.3422,70.5086,68.9861,71.5031,69.7481,72.2095,68.2954,68.5621,68.3362,67.3039,68.0415,69.5219,68.2188,63.4225,70.7385,66.5209,69.8509,68.9339,71.9831,70.2225,67.8902,67.514,70.7412,66.1933,68.6134,68.0504,67.6522,68.6173,68.2914,,
ISR,Israel,NY.GDP.MKTP.KD.ZG,GDP growth (annual %),,,,,,,,,,,,,,,,,,,,,,,,,,,,,,,2.9842,2.1882,2.8849,2.0741,0.1922,1.8507,0.0548,-0.1102,1.0004,1.5422,1.9288,4.1317,0.5946,2.3329,2.1358,0.3192,2.0251,4.3475,2.307,2.4072,0.0774,6.7629,0.2198,-2.3287,3.9912,1.5537,1.0831,0.4769,6.52,2.7272,3.2151,2.2473,2.5159,5.3373,,
ISR,Israel,SL.UEM.TOTL.NE.ZS,"Unemployment, total (% of total labor force) (national estimate)",,,,,,,,,,,,,,,,,,,,,,,,,,,,,,,17.3617,16.7586,17.9211,17.7354,17.5411,17.7225,17.3017,17.4974,17.4212,17.1913,18.0817,16.781,18.6675,17.9258,16.5981,17.375,17.4028,17.683,16.9924,17.5031,17.4265,17.1183,17.0487,17.9465,16.6388,17.726,17.8858,17.3778,17.5133,18.0688,17.1347,17.1863,17.2393,18.0697,,
ITA,Italy,EG.FEC.RNEW.ZS,Renewable energy consumption (% of total final energy consumption),,,,,,,,,,,,,,,,,,,,,,,,,,,,,,,51.7371,46.5108,51.465,51.2404,52.8597,50.6728,49.964,52.493,51.7504,54.9923,52.57,51.1096,48.6043,49.9407,48.3806,50.9724,53.4047,51.6952,53.896,52.6777,51.3464,52.4778,53.3967,52.881,53.0539,51.3644,52.1866,57.7195,55.8095,50.5549,48.9186,53.9549,55.7395,53.0627,,
ITA,Italy,EG.ELC.ACCS.ZS,Access to electricity (% of population),,,,,,,,,,,,,,,,,,,,,,,,,,,,,,,72.2783,71.7587,71.8305,72.8159,72.0355,72.4816,73.4971,73.1859,74.988,74.266,74.464,74.1714,75.1608,74.4529,75.1869,74.4779,76.2925,75.9435,77.547,78.1248,77.0716,76.7657,76.2041,77.9348,77.6292,78.1414,79.3448,77.5514,77.7215,78.5218,79.6179,79.6549,78.7444,80.3162,,
ITA,Italy,CC.EST,Control of Corruption: Estimate,,,,,,,,,,,,,,,,,,,,,,,,,,,,,,,1.7391,1.7827,1.8694,1.8169,1.9901,1.9176,2.0951,1.8536,1.8686,2.0285,1.8724,2.0625,1.9482,1.6009,2.0246,1.9928,1.9974,1.654,1.8037,1.8126,1.7823,2.0923,1.8819,1.8789,1.9495,1.9516,1.4831,1.8057,1.7137,1.9313,1.8486,1.8851,1.6338,1.8461,,
ITA,Italy,EN.ATM.PM25.MC.M3,"PM2.5 air pollution, mean annual exposure (micrograms per cubic meter)",,,,,,,,,,,,,,,,,,,,,,,,,,,,,,,40.9687,41.3302,40.2143,37.0528,40.8651,39.982,38.6403,35.6985,40.0864,37.6878,39.0153,38.5186,40.6436,38.068,38.1534,40.464,37.0287,39.1575,37.5581,36.2722,37.6978,38.6536,39.5666,39.6681,36.9339,35.8152,36.7379,35.3637,36.73,36.4635,37.9873,33.5071,35.6356,35.5678,,
ITA,Italy,NY.GDP.MKTP.KD.ZG,GDP growth (annual %),,,,,,,,,,,,,,,,,,,,,,,,,,,,,,,3.0709,-2.6815,0.6697,-0.2173,2.7107,1.5926,0.4062,-1.2836,-4.5278,0.7208,1.4293,-3.8341,-2.9812,0.7339,0.9509,-2.3735,-1.3321,-4.4882,3.5462,-3.1466,1.4587,0.0157,3.3271,-1.8776,0.2562,-4.143,-4.7432,1.5939,-4.3595,-0.4675,2.6313,1.9698,-1.5584,-3.8682,,
ITA,Italy,SL.UEM.TOTL.NE.ZS,"Unemployment, total (% of total labor force) (national estimate)",,,,,,,,,,,,,,,,,,,,,,,,,,,,,,,3.7441,4.1604,3.1582,3.0876,3.2269,3.7751,4.1036,2.8695,2.7402,4.6593,3.4006,3.6158,3.1433,3.7343,3.9693,3.6392,4.3597,3.3259,3.3579,3.605,3.7218,3.6033,2.8471,3.6456,3.3022,3.1988,3.5055,3.0085,2.9216,2.1816,4.3629,3.7672,3.4309,3.1557,,
JAM,Jamaica,EG.FEC.RNEW.ZS,Renewable energy consumption (% of total final energy consumption),,,,,,,,,,,,,,,,,,,,,,,,,,,,,,,59.6589,64.1039,67.1427,67.7453,67.2956,66.4778,68.9187,65.8039,68.7814,65.9918,65.1487,65.0496,65.082,68.6791,66.0255,65.5949,69.2385,68.6169,70.0362,69.2862,66.9048,68.7132,68.9612,67.0227,66.8017,67.7995,73.3841,68.6355,72.0767,68.8237,71.6887,71.866,72.1162,71.1366,,
JAM,Jamaica,EG.ELC.ACCS.ZS,Access to electricity (% of population),,,,,,,,,,,,,,,,,,,,,,,,,,,,,,,76.422,75.8728,77.1909,74.7742,76.5987,76.7968,76.0709,77.5338,76.1281,77.0468,76.2209,79.317,78.1349,80.3036,79.4625,79.4286,78.8511,78.733,80.2385,80.0129,79.2487,79.3566,80.0532,82.5269,83.0907,81.7341,81.9393,81.8011,81.5725,83.6703,84.319,82.3554,83.2539,83.2102,,
JAM,Jamaica,CC.EST,Control of Corruption: Estimate,,,,,,,,,,,,,,,,,,,,,,,,,,,,,,,0.97,1.1627,0.863,1.0764,1.1078,1.0033,1.1276,1.0381,1.1665,0.8377,0.9785,1.0118,0.6997,0.8901,0.9228,1.1342,0.9356,0.9222,1.1185,0.8262,0.7718,0.977,0.8467,0.8512,1.0892,1.1255,1.1151,1.1535,1.1693,0.765,1.0744,0.9568,0.9307,1.0876,,
JAM,Jamaica,EN.ATM.PM25.MC.M3,"PM2.5 air pollution, mean annual exposure (micrograms per cubic meter)",,,,,,,,,,,,,,,,,,,,,,,,,,,,,,,20.5065,20.3953,23.8923,23.5936,22.9871,21.3821,23.7377,23.5624,22.5899,20.616,21.6641,23.4787,24.1327,21.5721,21.6074,21.6594,22.2343,20.8704,17.3207,23.3711,24.194,20.5034,19.742,21.0563,20.9007,22.5952,21.1039,19.753,18.8843,22.0804,21.6012,22.2128,19.0897,23.2196,,
JAM,Jamaica,NY.GDP.MKTP.KD.ZG,GDP growth (annual %),,,,,,,,,,,,,,,,,,,,,,,,,,,,,,,-4.2456,1.8877,-4.6603,-1.8622,4.0162,2.1921,-1.2519,-1.1834,0.3652,1.399,3.2426,-1.0269,-3.9158,0.5061,-1.0299,-3.1379,0.8578,-0.4191,0.88,-2.1224,1.3304,-3.1791,-1.9557,-0.4936,4.4682,2.0757,2.8067,3.6564,9.1208,0.2176,3.6647,2.6453,2.6038,4.5493,,
JAM,Jamaica,SL.UEM.TOTL.NE.ZS,"Unemployment, total (% of total labor force) (national estimate)",,,,,,,,,,,,,,,,,,,,,,,,,,,,,,,3.0376,2.9979,3.4071,3.1559,3.4065,4.0286,3.0082,3.0949,3.3344,3.1331,2.2903,2.9572,3.5909,3.966,2.67,2.6676,3.2624,2.2095,3.0248,2.3792,3.9318,2.8626,4.0737,3.804,2.9241,2.7113,3.1505,3.1949,3.4203,2.859,3.6205,3.3799,3.0771,2.8912,,
JOR,Jordan,EG.FEC.RNEW.ZS,Renewable energy consumption (% of total final energy consumption),,,,,,,,,,,,,,,,,,,,,,,,,,,,,,,32.6772,31.5632,33.4639,33.6679,34.1704,37.3295,33.6821,36.1062,34.7062,33.9205,34.3087,34.5794,35.4065,33.0784,32.2163,36.6056,37.2433,37.0883,36.0569,37.4315,37.4739,37.7723,34.6279,34.3031,35.8699,36.7622,36.4632,33.3436,40.6904,36.8489,37.8924,40.1861,33.1571,36.9736,,
JOR,Jordan,EG.ELC.ACCS.ZS,Access to electricity (% of population),,,,,,,,,,,,,,,,,,,,,,,,,,,,,,,73.035,73.3256,73.7059,75.2524,74.8834,75.3611,74.8823,73.9752,73.6809,74.3711,76.1325,76.1201,76.1765,76.2998,78.454,76.4363,78.0869,77.5962,77.7959,79.036,79.5147,78.403,79.484,79.3858,79.3506,79.7581,79.2942,79.8498,79.8801,81.3158,80.7685,80.0565,80.7659,79.0352,,
JOR,Jordan,CC.EST,Control of Corruption: Estimate,,,,,,,,,,,,,,,,,,,,,,,,,,,,,,,-0.5981,-0.5343,-0.5551,-0.3012,-0.4698,-0.4751,-0.736,-0.5825,-0.5972,-0.6331,-0.6348,-0.7558,-0.6919,-0.4339,-0.5559,-0.5995,-0.5394,-0.3987,-0.5383,-0.4739,-0.6404,-0.613,-0.4963,-0.3117,-0.3672,-0.4688,-0.5206,-0.3707,-0.4434,-0.814,-0.6653,-0.4982,-0.7532,-0.6465,,
JOR,Jordan,EN.ATM.PM25.MC.M3,"PM2.5 air pollution, mean annual exposure (micrograms per cubic meter)",,,,,,,,,,,,,,,,,,,,,,,,,,,,,,,41.1356,41.7211,41.5942,41.5117,43.1033,41.3875,41.1284,39.6016,43.0819,40.4581,39.7548,41.625,40.075,40.3564,41.4531,40.4956,44.3728,40.7131,41.6721,37.7528,39.2944,38.875,38.9938,40.9687,41.8187,40.7023,39.7654,39.0791,41.6158,42.9723,39.988,41.1144,40.1404,40.6786,,
JOR,Jordan,NY.GDP.MKTP.KD.ZG,GDP growth (annual %),,,,,,,,,,,,,,,,,,,,,,,,,,,,,,,0.6573,2.3484,4.5574,6.5999,1.5234,-1.5145,2.3231,6.094,-0.391,0.6264,3.9585,3.2788,5.0549,0.4969,2.7563,6.5567,0.5865,7.261,0.9002,5.6922,2.6363,0.7064,2.3265,4.931,3.5516,6.3649,7.1581,0.6111,0.428,0.3067,1.3207,6.3293,4.9696,2.2061,,
JOR,Jordan,SL.UEM.TOTL.NE.ZS,"Unemployment, total (% of total labor force) (national estimate)",,,,,,,,,,,,,,,,,,,,,,,,,,,,,,,8.9148,9.6225,9.8743,9.05,7.5907,9.069,9.3877,9.0327,9.2836,9.0989,8.303,8.4772,8.7598,9.4531,8.5374,9.1483,9.0722,9.7134,8.8995,8.043,9.2438,9.9894,9.2765,8.5265,8.3794,8.4439,9.922,8.7567,8.589,8.8411,8.7619,9.7042,8.4131,9.5107,,
JPN,Japan,EG.FEC.RNEW.ZS,Renewable energy consumption (% of total final energy consumption),,,,,,,,,,,,,,,,,,,,,,,,,,,,,,,46.3633,48.6832,49.5844,46.7388,46.089,47.0015,46.8296,43.8552,50.4241,47.9607,45.293,43.6341,43.264,49.6101,46.9812,47.4594,49.4955,47.6371,49.9122,49.1597,48.9509,46.1237,47.7797,50.7742,48.3551,52.2799,54.712,51.4819,53.3048,51.9106,49.5506,51.1695,54.9458,50.0221,,
JPN,Japan,EG.ELC.ACCS.ZS,Access to electricity (% of population),,,,,,,,,,,,,,,,,,,,,,,,,,,,,,,85.106,85.2801,86.2634,85.8847,88.2767,87.3605,88.2148,87.4485,87.0253,87.1399,87.7111,88.9655,89.3534,89.67,88.2465,89.6871,89.1166,90.5086,90.8207,89.7497,91.7119,93.0585,92.1053,91.5572,91.6842,92.0202,91.8289,92.8894,92.0267,91.6757,93.6131,93.7044,93.4805,93.1613,,
JPN,Japan,CC.EST,Control of Corruption: Estimate,,,,,,,,,,,,,,,,,,,,,,,,,,,,,,,-0.4825,-0.6361,-0.534,-0.3055,-0.4391,-0.6816,-0.6703,-0.4991,-0.6823,-0.7575,-0.4534,-0.4788,-0.4632,-0.4857,-0.5251,-0.5967,-0.4553,-0.3337,-0.5774,-0.6398,-0.6535,-0.6213,-0.493,-0.774,-0.4646,-0.44,-0.7331,-0.6348,-0.5077,-0.5345,-0.4549,-0.5342,-0.3655,-0.5558,,
JPN,Japan,EN.ATM.PM25.MC.M3,"PM2.5 air pollution, mean annual exposure (micrograms per cubic meter)",,,,,,,,,,,,,,,,,,,,,,,,,,,,,,,56.4028,56.2022,58.8206,57.6818,58.5079,58.3971,54.3676,55.6072,55.7064,55.9333,56.4468,58.4961,58.7151,56.398,56.3804,55.6192,56.7312,56.8212,57.6471,57.555,52.8242,55.9686,58.1935,55.3802,57.6662,55.4177,56.0598,54.012,53.9885,56.6456,56.8001,55.437,53.4761,55.3031,,
JPN,Japan,NY.GDP.MKTP.KD.ZG,GDP growth (annual %),,,,,,,,,,,,,,,,,,,,,,,,,,,,,,,6.5237,7.7378,2.5889,-0.769,5.4815,2.6907,5.7382,4.0833,1.172,3.5262,6.6515,3.0078,0.7936,-0.591,1.4502,2.3553,5.4306,0.5785,7.265,0.0378,9.2094,7.6944,3.7336,-0.7386,3.2421,2.4135,0.1949,4.1082,1.3215,1.5934,2.8714,1.9434,8.576,2.0414,,
JPN,Japan,SL.UEM.TOTL.NE.ZS,"Unemployment, total (% of total labor force) (national estimate)",,,,,,,,,,,,,,,,,,,,,,,,,,,,,,,19.3623,19.2146,19.3182,19.3564,19.5825,19.2751,19.2543,19.1711,19.0726,18.686,19.1114,19.2625,19.3429,19.232,19.0254,19.1133,18.865,19.2985,19.0313,19.2321,19.6423,18.7872,19.4402,19.1585,20.1524,19.0337,19.4894,19.1495,18.4477,18.8815,19.5821,18.9255,18.0317,19.1261,,
KAZ,Kazakhstan,EG.FEC.RNEW.ZS,Renewable energy consumption (% of total final energy consumption),,,,,,,,,,,,,,,,,,,,,,,,,,,,,,,14.5812,17.1795,20.1682,18.7548,20.4392,16.3929,17.3795,15.727,16.5978,16.2621,15.6524,21.1476,14.382,21.4562,21.358,20.0155,16.9369,16.1515,18.3691,20.8661,19.772,17.8289,22.3623,23.5846,19.9127,20.7346,17.6482,19.9871,21.9868,21.8256,20.2505,20.8674,20.6715,21.1589,,
KAZ,Kazakhstan,EG.ELC.ACCS.ZS,Access to electricity (% of population),,,,,,,,,,,,,,,,,,,,,,,,,,,,,,,95.5668,93.9042,95.6687,96.2582,95.7718,96.0947,96.3679,96.595,97.2329,97.5814,96.0478,98.5005,97.9962,100.0,97.7749,98.2843,99.0659,99.8088,98.1676,99.3149,100.0,99.7197,100.0,100.0,100.0,100.0,100.0,100.0,100.0,100.0,100.0,100.0,100.0,100.0,,
KAZ,Kazakhstan,CC.EST,Control of Corruption: Estimate,,,,,,,,,,,,,,,,,,,,,,,,,,,,,,,-0.048,0.1097,0.1013,0.029,-0.0036,0.0216,-0.032,-0.0468,0.1337,0.1481,-0.0564,-0.0109,-0.0296,-0.2328,-0.0798,0.1525,-0.1294,0.2143,0.1012,0.0088,0.0279,-0.1495,-0.0712,0.1335,-0.1132,0.0879,-0.2047,-0.1832,0.1887,-0.0408,-0.104,0.1241,0.1101,0.0711,,
KAZ,Kazakhstan,EN.ATM.PM25.MC.M3,"PM2.5 air pollution, mean annual exposure (micrograms per cubic meter)",,,,,,,,,,,,,,,,,,,,,,,,,,,,,,,26.0959,26.4404,27.2582,27.7524,25.868,26.8069,26.8719,28.3209,27.4425,23.9706,25.8303,24.6776,26.8429,27.2955,25.9831,25.3486,25.7745,25.9042,24.5506,23.6027,22.2756,27.1715,25.9353,25.6545,26.9286,23.0676,22.2673,25.3671,25.1507,22.0338,25.0901,23.8704,23.1801,23.8106,,
KAZ,Kazakhstan,NY.GDP.MKTP.KD.ZG,GDP growth (annual %),,,,,,,,,,,,,,,,,,,,,,,,,,,,,,,-4.5377,0.0877,-0.1946,2.9589,1.1705,3.1633,-4.8077,-0.5316,2.9561,0.7939,3.6798,-2.9454,3.3939,-0.0317,-0.2744,4.0437,4.4709,4.1529,6.6627,4.7331,-0.4225,1.9202,0.6656,6.6388,4.3283,1.0939,3.7609,-1.5144,2.1918,-0.7787,-2.6554,3.5275,3.8376,2.7091,,
KAZ,Kazakhstan,SL.UEM.TOTL.NE.ZS,"Unemployment, total (% of total labor force) (national estimate)",,,,,,,,,,,,,,,,,,,,,,,,,,,,,,,19.5691,19.0274,19.0799,19.1759,19.5437,20.1986,20.1908,18.8363,19.3139,19.3005,18.3948,19.9436,19.5375,19.604,20.3335,19.7047,19.4452,19.9466,20.19,19.8088,20.0051,19.5878,19.6196,19.7171,19.284,19.3765,20.3495,20.6645,20.4567,18.9989,18.9506,19.0652,19.7277,18.2562,,
KEN,Kenya,EG.FEC.RNEW.ZS,Renewable energy consumption (% of total final energy consumption),,,,,,,,,,,,,,,,,,,,,,,,,,,,,,,43.2318,47.3736,46.6743,43.8413,44.1427,46.2939,47.18,44.3932,45.1407,44.6274,43.2467,45.62,45.6176,43.8382,47.8016,47.6261,48.2009,45.4233,43.1423,48.1941,46.0812,45.7781,45.1953,47.3088,51.1641,47.1485,46.1298,49.7633,48.9551,44.5208,50.2341,53.3164,44.0084,46.888,,
KEN,Kenya,EG.ELC.ACCS.ZS,Access to electricity (% of population),,,,,,,,,,,,,,,,,,,,,,,,,,,,,,,54.09,56.5586,57.6612,57.2033,58.4825,58.2833,59.2306,59.047,58.0465,58.6722,58.1739,58.9343,59.4183,59.5509,60.9427,59.8547,59.6232,59.9232,61.3929,59.9963,61.2079,62.6809,62.1029,62.0592,62.3401,61.7952,62.1831,62.9627,63.5859,64.3774,63.9429,65.2011,65.653,65.2551,,
KEN,Kenya,CC.EST,Control of Corruption: Estimate,,,,,,,,,,,,,,,,,,,,,,,,,,,,,,,0.814,0.5481,0.5291,0.7292,0.5061,0.6322,0.7595,0.8366,0.6365,0.589,0.7055,0.5382,0.6462,0.666,0.6636,0.6776,0.5669,0.5798,0.5774,0.4726,0.708,0.7744,0.7626,0.6355,0.5697,0.7563,0.7437,0.6931,0.8763,0.6638,0.6362,0.619,0.4797,0.7464,,
KEN,Kenya,EN.ATM.PM25.MC.M3,"PM2.5 air pollution, mean annual exposure (micrograms per cubic meter)",,,,,,,,,,,,,,,,,,,,,,,,,,,,,,,25.2541,26.0973,28.0152,24.5862,21.5854,25.734,25.1827,23.7537,25.3683,25.8715,23.1925,24.0804,26.6675,23.2899,24.3924,20.2758,21.9096,24.2887,25.8144,21.8493,23.9242,23.1688,25.082,21.7457,24.1375,22.4318,23.6669,23.3558,22.7947,23.8091,23.0779,22.7332,22.3178,22.8888,,
KEN,Kenya,NY.GDP.MKTP.KD.ZG,GDP growth (annual %),,,,,,,,,,,,,,,,,,,,,,,,,,,,,,,0.3965,-2.6315,-1.0323,-2.7966,-0.2582,-1.6394,1.7683,1.5232,-2.4655,-0.1644,1.4377,-0.5969,-1.9792,-2.8896,1.9771,2.0982,-0.6785,1.7567,-7.5716,3.1603,-0.551,0.1958,-0.9599,3.3307,-2.8104,3.5275,0.8321,1.398,-0.9816,-3.4292,2.1677,0.6199,3.2454,-0.6431,,
KEN,Kenya,SL.UEM.TOTL.NE.ZS,"Unemployment, total (% of total labor force) (national estimate)",,,,,,,,,,,,,,,,,,,,,,,,,,,,,,,4.9813,5.885,6.1469,5.1956,4.8146,5.5962,5.0639,5.4906,5.0613,5.973,4.8412,5.4312,4.9466,5.0502,4.9849,5.5603,5.6501,5.4698,5.137,5.261,5.6398,5.6556,3.8458,5.0548,5.0788,5.5256,5.1576,5.5505,4.6516,5.321,5.6411,4.4538,6.4478,5.7864,,
KGZ,Kyrgyz Republic,EG.FEC.RNEW.ZS,Renewable energy consumption (% of total final energy consumption),,,,,,,,,,,,,,,,,,,,,,,,,,,,,,,15.2464,13.7369,15.1935,15.8613,16.725,18.995,15.1915,17.4191,13.8588,15.7665,17.4971,18.2762,15.5372,16.3121,20.2648,19.8175,18.0606,13.3204,22.9659,18.0538,17.6185,17.3489,19.2964,19.4668,20.7449,17.1415,18.5187,23.3548,19.8928,19.2486,17.8604,20.9055,22.1057,21.9428,,
KGZ,Kyrgyz Republic,EG.ELC.ACCS.ZS,Access to electricity (% of population),,,,,,,,,,,,,,,,,,,,,,,,,,,,,,,44.6666,45.4127,46.711,46.4804,45.2463,44.0869,46.6111,47.2625,46.0023,47.1166,47.1627,47.7071,47.4379,49.1561,48.4921,47.9205,49.6076,48.1123,50.4013,50.4165,50.9855,49.9971,49.9768,50.6909,50.8061,50.6015,50.9308,51.3306,50.9377,52.666,52.3318,52.377,51.9854,52.1954,,
KGZ,Kyrgyz Republic,CC.EST,Control of Corruption: Estimate,,,,,,,,,,,,,,,,,,,,,,,,,,,,,,,-1.5736,-1.8811,-1.7326,-1.7863,-2.1389,-1.5908,-1.7238,-1.898,-1.8093,-1.9438,-1.5867,-1.9148,-1.8686,-1.8934,-1.7962,-1.6414,-1.5911,-1.8537,-1.7605,-1.796,-1.9237,-1.5152,-1.6423,-1.7832,-1.616,-1.6604,-1.796,-1.7667,-1.6244,-1.9194,-1.605,-1.8329,-1.6229,-1.8065,,
KGZ,Kyrgyz Republic,EN.ATM.PM25.MC.M3,"PM2.5 air pollution, mean annual exposure (micrograms per cubic meter)",,,,,,,,,,,,,,,,,,,,,,,,,,,,,,,59.9808,59.3429,58.5166,58.8293,61.223,55.6031,57.1359,57.8261,57.2168,61.0193,60.5609,59.4824,57.5576,60.4369,55.9722,61.4873,57.1674,57.7213,57.3903,56.3447,60.762,58.9777,59.5376,55.7988,57.8258,58.2559,57.8005,55.5738,58.8476,57.3367,55.6419,54.2115,57.8244,60.51,,
KGZ,Kyrgyz Republic,NY.GDP.MKTP.KD.ZG,GDP growth (annual %),,,,,,,,,,,,,,,,,,,,,,,,,,,,,,,-2.2197,0.7446,3.0947,-2.8557,-0.8814,-1.8319,2.7802,3.6323,0.7161,-1.7859,-0.7885,-1.2578,-2.1247,0.0634,1.7555,1.5441,0.2979,0.4611,0.1146,-2.9246,0.7188,-1.1406,-3.0499,1.2452,-1.2109,0.8878,2.4376,-2.0571,0.5488,-4.2076,4.1498,-3.0792,-0.9686,3.6644,,
KGZ,Kyrgyz Republic,SL.UEM.TOTL.NE.ZS,"Unemployment, total (% of total labor force) (national estimate)",,,,,,,,,,,,,,,,,,,,,,,,,,,,,,,8.7591,8.2776,9.2329,9.2216,8.5598,8.6139,8.6586,8.7728,7.9299,8.7856,9.7683,8.4284,8.5846,8.2845,9.1824,9.4779,9.4665,8.2523,9.1262,9.5932,9.1312,9.1155,8.6405,8.9864,9.4945,9.0404,8.2522,8.6483,9.481,9.0387,8.9359,8.5993,9.4706,9.7076,,
KHM,Cambodia,EG.FEC.RNEW.ZS,Renewable energy consumption (% of total final energy consumption),,,,,,,,,,,,,,,,,,,,,,,,,,,,,,,79.2695,79.7783,76.3257,76.1927,77.0304,77.5702,80.5051,80.1248,79.02,75.2307,74.867,78.874,80.3036,78.5339,82.6729,76.8282,76.7264,77.9645,78.0385,80.6456,78.8996,76.7974,81.8262,76.6732,78.2006,77.2477,81.0573,81.1652,84.776,82.9207,84.1264,81.9703,79.5892,81.9493,,
KHM,Cambodia,EG.ELC.ACCS.ZS,Access to electricity (% of population),,,,,,,,,,,,,,,,,,,,,,,,,,,,,,,66.2814,66.6206,65.9296,66.9485,66.0611,66.2229,66.4149,67.5772,66.8652,67.7177,69.0298,67.7342,68.4041,69.1148,69.505,69.1581,70.437,70.5299,71.2194,70.4922,70.3973,70.5114,71.5531,71.2558,71.3522,71.6989,71.7606,72.7167,71.6774,73.2999,73.8487,73.0928,75.3451,74.0716,,
KHM,Cambodia,CC.EST,Control of Corruption: Estimate,,,,,,,,,,,,,,,,,,,,,,,,,,,,,,,0.6504,0.804,0.8453,0.8917,0.8069,0.7164,0.7064,0.7594,0.7709,0.7016,0.7499,0.9169,1.0356,0.9284,0.9945,0.9547,0.9378,0.7973,0.8547,0.7873,0.8115,0.846,0.9234,0.8886,0.8184,0.8445,0.8898,0.9179,0.6555,0.7085,0.9707,0.8305,0.7869,0.8062,,
KHM,Cambodia,EN.ATM.PM25.MC.M3,"PM2.5 air pollution, mean annual exposure (micrograms per cubic meter)",,,,,,,,,,,,,,,,,,,,,,,,,,,,,,,19.2516,20.4041,17.8252,19.4444,19.6964,19.8416,19.5015,19.861,18.1481,17.5145,22.5327,18.3153,18.4105,19.6239,20.9213,17.6304,16.869,16.424,20.5968,16.57,18.0059,16.5013,15.7147,17.3686,16.3205,16.6097,20.5763,18.1245,18.8044,18.5642,17.0959,16.5076,17.4606,17.2599,,
KHM,Cambodia,NY.GDP.MKTP.KD.ZG,GDP growth (annual %),,,,,,,,,,,,,,,,,,,,,,,,,,,,,,,-1.0567,0.6899,-1.4005,-0.0633,-0.4729,-2.8069,-5.5126,-1.9824,4.8756,-0.4089,2.3052,-4.9458,-2.1554,-3.0209,-0.1404,6.4202,1.5159,4.6043,-0.2708,3.7775,5.5484,0.0919,-0.9829,-2.9292,-0.4074,0.57,5.4427,-2.8721,0.5145,-4.1705,-0.7016,1.1438,1.6468,1.8379,,
KHM,Cambodia,SL.UEM.TOTL.NE.ZS,"Unemployment, total (% of total labor force) (national estimate)",,,,,,,,,,,,,,,,,,,,,,,,,,,,,,,3.8935,3.985,3.7176,3.1708,2.7689,3.4214,3.6275,4.3217,3.6445,3.5965,3.8875,3.5598,4.1,4.6844,4.7902,3.7433,3.8632,4.4842,3.6198,4.0344,3.1272,3.5393,4.2728,3.3357,3.6307,2.9077,4.6977,4.3263,3.7888,3.9485,3.8927,4.3869,3.4354,4.0609,,
KIR,Kiribati,EG.FEC.RNEW.ZS,Renewable energy consumption (% of total final energy consumption),,,,,,,,,,,,,,,,,,,,,,,,,,,,,,,20.6696,21.0955,14.2961,17.7663,17.0765,19.564,15.3827,15.4736,24.055,21.1002,20.2568,20.8922,20.6075,22.4595,19.3499,21.138,21.3696,18.9711,23.7688,20.4735,23.5496,21.8946,25.082,19.882,19.9453,20.4534,22.6814,25.6477,25.901,18.2449,23.5142,16.7389,24.9049,25.7011,,
KIR,Kiribati,EG.ELC.ACCS.ZS,Access to electricity (% of population),,,,,,,,,,,,,,,,,,,,,,,,,,,,,,,53.0762,53.4256,53.6673,53.2308,54.4537,54.1732,55.3526,54.7675,54.4196,54.1297,54.1171,56.9084,55.7421,56.6292,58.035,56.4081,56.6064,57.2526,57.6319,59.3684,59.361,58.8551,59.7679,58.7158,59.3477,59.1172,58.5761,60.8215,60.5337,60.3728,60.6064,59.6534,60.3264,61.6273,,
KIR,Kiribati,CC.EST,Control of Corruption: Estimate,,,,,,,,,,,,,,,,,,,,,,,,,,,,,,,-1.6784,-1.6411,-1.6275,-1.6968,-1.7311,-1.8084,-1.6325,-1.5407,-1.8122,-1.6178,-1.5812,-1.7337,-1.4443,-1.6612,-1.6271,-1.6343,-1.8274,-1.4939,-1.7296,-1.6433,-1.5432,-1.4396,-1.7445,-1.6685,-1.4491,-1.5593,-1.5344,-1.7411,-1.6605,-1.6351,-1.7179,-1.8159,-1.6762,-1.4524,,
KIR,Kiribati,EN.ATM.PM25.MC.M3,"PM2.5 air pollution, mean annual exposure (micrograms per cubic meter)",,,,,,,,,,,,,,,,,,,,,,,,,,,,,,,12.6285,14.5212,12.6482,11.1527,14.1361,12.4582,13.5025,10.3772,13.4578,13.423,12.1744,10.4493,11.5107,12.4167,11.7716,12.2413,12.7781,10.207,9.3671,10.9634,10.4451,12.0385,9.168,12.2303,12.6501,10.5402,10.5508,9.2284,9.4857,9.6072,12.3041,9.9519,7.9965,10.2827,,
KIR,Kiribati,NY.GDP.MKTP.KD.ZG,GDP growth (annual %),,,,,,,,,,,,,,,,,,,,,,,,,,,,,,,2.1086,-0.0207,3.7159,1.9866,-2.58,-1.3357,0.6084,-4.1226,0.8838,-4.3611,2.6014,2.311,1.3048,-1.6468,0.4684,-1.2406,-2.5342,-0.804,1.7885,0.1524,3.6696,1.9573,1.6896,-3.9795,-0.67,-2.6181,-0.4146,-1.6903,-0.9012,2.6958,1.231,2.5606,-3.9588,0.1878,,
KIR,Kiribati,SL.UEM.TOTL.NE.ZS,"Unemployment, total (% of total labor force) (national estimate)",,,,,,,,,,,,,,,,,,,,,,,,,,,,,,,11.3166,11.5864,10.0592,10.6575,11.3504,10.7371,10.378,10.0582,10.3589,9.9888,10.8625,11.2814,10.2028,10.9621,11.2559,10.8319,10.0279,11.0263,10.8059,10.755,10.5598,10.8766,11.0881,12.0286,10.8894,11.5888,11.0121,10.7835,10.9075,10.2224,10.9862,9.8372,10.4019,10.8882,,
KNA,St. Kitts and Nevis,EG.FEC.RNEW.ZS,Renewable energy consumption (% of total final energy consumption),,,,,,,,,,,,,,,,,,,,,,,,,,,,,,,23.8947,24.5179,21.3336,22.2681,24.0754,19.5977,23.2162,20.9009,22.363,21.9387,23.8774,24.2573,25.0889,24.1531,23.95,27.4647,20.858,27.4479,23.6271,25.4985,23.8554,23.2516,25.7759,27.041,26.0527,24.1725,32.6294,27.9538,27.5734,25.1508,24.7564,25.597,28.4695,24.4755,,
KNA,St. Kitts and Nevis,EG.ELC.ACCS.ZS,Access to electricity (% of population),,,,,,,,,,,,,,,,,,,,,,,,,,,,,,,57.823,59.3592,59.4329,58.8113,58.8046,61.0779,60.4631,59.3367,59.6426,60.6383,61.7638,61.9035,62.5829,60.7353,62.3566,63.5683,63.7438,63.2147,65.056,63.915,64.5117,63.9631,63.5528,63.7274,64.8228,64.7583,63.7627,64.6069,65.4228,66.5094,66.1647,66.3699,65.888,66.9461,,
KNA,St. Kitts and Nevis,CC.EST,Control of Corruption: Estimate,,,,,,,,,,,,,,,,,,,,,,,,,,,,,,,0.1754,0.0358,-0.1638,-0.1331,0.0877,-0.0098,0.0081,-0.0564,0.0775,-0.019,-0.0053,-0.0851,0.1277,-0.0094,0.09,-0.1261,0.2252,0.1704,-0.2121,-0.0791,0.0744,-0.1413,0.0013,0.0683,-0.0051,0.0817,-0.0661,-0.2522,0.1349,0.1342,0.3175,-0.2478,0.1072,-0.2192,,
KNA,St. Kitts and Nevis,EN.ATM.PM25.MC.M3,"PM2.5 air pollution, mean annual exposure (micrograms per cubic meter)",,,,,,,,,,,,,,,,,,,,,,,,,,,,,,,66.3183,64.3354,62.0957,64.6139,62.534,63.7342,63.5125,65.7398,65.7659,62.0677,64.4707,63.3358,60.6045,61.5992,66.0678,63.0203,63.9032,62.0055,61.4336,62.2045,61.6844,59.7637,60.4186,62.9054,61.1925,61.7221,61.9559,61.9931,63.1634,59.7155,62.1389,62.3361,62.6023,58.9242,,
KNA,St. Kitts and Nevis,NY.GDP.MKTP.KD.ZG,GDP growth (annual %),,,,,,,,,,,,,,,,,,,,,,,,,,,,,,,0.314,3.9671,-0.5709,0.8856,1.6279,-2.8868,4.2615,0.9257,0.9757,-4.4782,1.6633,0.9429,3.7374,-1.1013,-2.7922,-2.0287,-1.5855,-3.1202,2.9023,2.9961,-0.8126,-1.305,-4.8618,1.4168,3.8105,-1.9161,-0.6151,0.7626,3.988,0.1763,0.1655,0.1252,-3.8857,-3.9401,,
KNA,St. Kitts and Nevis,SL.UEM.TOTL.NE.ZS,"Unemployment, total (% of total labor force) (national estimate)",,,,,,,,,,,,,,,,,,,,,,,,,,,,,,,16.186,17.0964,16.4223,16.3252,16.3164,16.5211,17.441,16.5144,16.1968,16.6026,17.4675,16.3386,15.9995,16.3395,16.6544,16.9341,17.0934,16.0671,16.1146,16.4283,16.9322,15.96,16.2863,16.2936,17.0609,16.8541,17.0418,17.2593,16.4372,15.9963,15.9995,15.6709,16.3606,16.3979,,
KOR,"Korea, Rep.",EG.FEC.RNEW.ZS,Renewable energy consumption (% of total final energy consumption),,,,,,,,,,,,,,,,,,,,,,,,,,,,,,,56.8071,55.4159,54.5514,55.45,53.7541,58.0328,54.5602,54.0022,58.0678,57.7304,53.2847,58.592,55.5488,56.4338,57.7061,58.6553,58.523,57.6824,57.0827,58.9065,57.9953,61.9927,59.7048,56.8352,57.8768,59.0784,61.7309,62.1042,58.6398,57.7148,57.609,60.3869,64.6396,61.2602,,
KOR,"Korea, Rep.",EG.ELC.ACCS.ZS,Access to electricity (% of population),,,,,,,,,,,,,,,,,,,,,,,,,,,,,,,39.0392,39.9835,40.3152,40.4067,41.004,41.8599,42.3599,42.9377,42.7337,41.001,41.9685,42.9379,43.4322,44.2535,43.8489,44.1049,44.5046,44.3603,44.8838,45.965,45.2472,45.5402,45.7875,47.1026,45.4279,47.985,45.8732,46.541,47.9101,48.3886,46.6915,47.1902,48.5366,50.4399,,
KOR,"Korea, Rep.",CC.EST,Control of Corruption: Estimate,,,,,,,,,,,,,,,,,,,,,,,,,,,,,,,2.0174,1.8381,1.5776,1.8777,1.9114,1.822,1.7658,1.887,1.7548,2.0926,2.0499,1.9468,1.8787,1.7887,1.8654,2.0646,1.9721,1.8923,1.9788,1.9334,1.9154,1.9856,1.9299,1.9709,1.8873,1.8374,1.8021,1.7878,1.6753,1.7585,1.755,1.807,2.0554,1.849,,
KOR,"Korea, Rep.",EN.ATM.PM25.MC.M3,"PM2.5 air pollution, mean annual exposure (micrograms per cubic meter)",,,,,,,,,,,,,,,,,,,,,,,,,,,,,,,83.6368,83.6041,85.4955,82.1708,82.6204,82.7149,84.499,84.7303,83.346,84.4035,82.7406,82.1352,84.0822,82.9656,81.0509,83.5703,81.6814,81.4179,83.1737,81.6209,82.2576,82.5871,80.3397,82.0114,83.3784,79.8395,81.869,79.87,82.5663,82.472,80.3427,84.1086,82.3741,81.6945,,
KOR,"Korea, Rep.",NY.GDP.MKTP.KD.ZG,GDP growth (annual %),,,,,,,,,,,,,,,,,,,,,,,,,,,,,,,1.4014,2.2347,-2.7143,0.2614,0.7328,-1.2255,0.9368,2.8541,-1.2796,-0.3612,-2.2766,-4.6926,1.7222,-0.2895,-0.1062,-2.6921,-0.6889,2.5163,-0.2231,-0.1522,0.2937,-3.3161,1.3372,-3.3631,-2.5742,-2.8482,-0.6632,-1.1063,-0.2282,-2.4883,2.2886,1.8599,-0.6597,-1.4211,,
KOR,"Korea, Rep.",SL.UEM.TOTL.NE.ZS,"Unemployment, total (% of total labor force) (national estimate)",,,,,,,,,,,,,,,,,,,,,,,,,,,,,,,7.4172,7.5518,7.0068,7.2271,8.137,7.8578,8.5241,7.5573,7.5262,7.503,7.5473,7.3769,7.8424,7.7215,7.452,8.3325,8.6552,8.2902,7.986,8.0878,8.6351,8.0871,7.4143,7.9031,8.02,7.2096,7.5645,8.2571,6.7952,7.0817,7.6187,7.8838,7.0281,7.6435,,
KWT,Kuwait,EG.FEC.RNEW.ZS,Renewable energy consumption (% of total final energy consumption),,,,,,,,,,,,,,,,,,,,,,,,,,,,,,,71.8036,69.7834,71.6743,68.7619,68.4763,71.9439,71.1346,68.1749,69.0944,73.9753,69.147,73.0148,70.3397,71.4398,72.1853,67.5441,68.9707,72.2188,70.7475,74.3393,69.2839,73.7766,70.0437,72.2419,70.9673,77.051,70.7171,73.302,70.2424,77.0452,74.7987,74.42,77.2447,74.7409,,
KWT,Kuwait,EG.ELC.ACCS.ZS,Access to electricity (% of population),,,,,,,,,,,,,,,,,,,,,,,,,,,,,,,83.8125,83.9923,84.5878,83.9929,84.4655,85.5351,85.3588,85.2955,84.5165,87.0853,85.6077,87.1767,86.7775,85.8521,88.1387,87.5905,88.7052,87.741,88.7001,86.9769,88.2367,87.8685,88.8371,89.7643,89.1532,90.578,89.4516,91.0951,91.6847,91.6977,90.8615,89.6865,92.1026,91.7867,,
KWT,Kuwait,CC.EST,Control of Corruption: Estimate,,,,,,,,,,,,,,,,,,,,,,,,,,,,,,,-1.6948,-1.6441,-1.4053,-1.7139,-1.5212,-1.5512,-1.6203,-1.5001,-1.3815,-1.6129,-1.6066,-1.5027,-1.4672,-1.5927,-1.614,-1.8435,-1.6708,-1.7141,-1.4952,-1.6067,-1.6114,-1.5785,-1.6818,-1.391,-1.4216,-1.3832,-1.4954,-1.5809,-1.3836,-1.6591,-1.6819,-1.6496,-1.5147,-1.6688,,
KWT,Kuwait,EN.ATM.PM25.MC.M3,"PM2.5 air pollution, mean annual exposure (micrograms per cubic meter)",,,,,,,,,,,,,,,,,,,,,,,,,,,,,,,22.5616,20.3119,23.3563,20.279,21.0765,24.2204,24.0852,22.7962,22.5682,21.2783,20.8353,21.3713,19.5642,22.1334,21.7479,20.1946,23.8677,22.3451,22.3925,20.5437,21.1927,22.0558,21.2639,23.3575,20.569,20.0379,21.6661,18.7377,21.9411,18.5236,21.3526,19.3423,20.9496,21.5157,,
KWT,Kuwait,NY.GDP.MKTP.KD.ZG,GDP growth (annual %),,,,,,,,,,,,,,,,,,,,,,,,,,,,,,,1.5507,-1.8319,-1.0748,-0.6545,-3.5704,3.9858,1.4424,-1.6717,4.8063,-0.5862,1.7936,-0.8961,-3.8785,-2.244,0.0459,3.4129,2.0335,1.5176,-3.8579,4.3423,1.7263,0.8686,3.9982,4.2859,4.0536,0.5494,-1.3416,3.6394,-2.2455,6.0353,1.2371,-1.4851,-1.9125,-2.0269,,
KWT,Kuwait,SL.UEM.TOTL.NE.ZS,"Unemployment, total (% of total labor force) (national estimate)",,,,,,,,,,,,,,,,,,,,,,,,,,,,,,,11.3071,11.2337,10.6189,11.0587,10.5529,11.5315,11.2096,11.0477,10.5928,11.0868,11.0295,11.3958,11.3204,11.6329,10.9946,10.3067,11.7324,10.7689,10.6834,11.2153,11.388,10.9715,10.9675,11.0414,11.9452,11.2356,10.7529,10.758,11.1114,11.3558,11.4789,11.299,10.816,11.0249,,
LAO,Lao PDR,EG.FEC.RNEW.ZS,Renewable energy consumption (% of total final energy consumption),,,,,,,,,,,,,,,,,,,,,,,,,,,,,,,55.9282,52.3182,53.8289,56.1053,56.8109,54.8246,54.538,52.8661,56.7117,58.4479,61.0907,56.8833,56.1586,54.5708,52.8027,57.0643,61.5611,59.552,59.3935,57.8016,58.1794,52.7629,59.2854,56.7517,56.6569,57.5639,57.6464,57.0751,58.6881,57.6938,59.161,56.136,58.8323,57.2178,,
LAO,Lao PDR,EG.ELC.ACCS.ZS,Access to electricity (% of population),,,,,,,,,,,,,,,,,,,,,,,,,,,,,,,58.4662,59.3441,58.1962,59.0715,60.4346,59.0988,61.9017,61.6929,60.5838,60.5996,61.6409,60.5714,60.3777,61.8619,62.3721,62.8049,62.4876,64.2485,62.2833,62.8188,64.3687,63.3001,63.5191,64.8281,64.1366,65.1229,64.9195,65.0401,64.2975,66.341,65.4816,66.5948,66.5697,67.0642,,
LAO,Lao PDR,CC.EST,Control of Corruption: Estimate,,,,,,,,,,,,,,,,,,,,,,,,,,,,,,,-0.2053,-0.1641,-0.2747,-0.0382,-0.409,-0.2145,-0.087,-0.1301,-0.3043,-0.2843,-0.3081,-0.1154,-0.2761,-0.1567,-0.1556,0.0969,-0.1497,-0.2847,-0.3625,-0.2204,-0.2016,-0.4526,-0.273,-0.1516,-0.2512,-0.0711,-0.3743,-0.1061,-0.0777,-0.0725,-0.3752,-0.1496,-0.2676,-0.3561,,
LAO,Lao PDR,EN.ATM.PM25.MC.M3,"PM2.5 air pollution, mean annual exposure (micrograms per cubic meter)",,,,,,,,,,,,,,,,,,,,,,,,,,,,,,,67.9142,67.0976,69.7562,69.0646,66.4864,67.0487,67.484,67.8664,69.4046,68.8512,67.8121,67.2641,64.915,69.433,66.7444,69.6673,67.5492,70.213,68.0045,64.867,66.0134,66.6013,65.4644,66.1294,64.5646,66.5436,66.8111,64.8689,69.2054,66.3103,64.9099,63.6107,66.0649,65.5043,,
LAO,Lao PDR,NY.GDP.MKTP.KD.ZG,GDP growth (annual %),,,,,,,,,,,,,,,,,,,,,,,,,,,,,,,1.6227,-0.6934,-3.3192,3.8419,0.7541,-0.9702,0.0767,0.8502,-3.9071,0.0593,-1.4602,0.9333,-2.1854,-1.8467,3.8223,2.7424,-8.5738,2.557,-0.5191,-2.1054,-2.8529,-2.7077,-2.0348,-3.1528,-3.7214,-2.9359,0.4736,-0.2097,1.0547,-0.5009,-3.6016,0.9012,-2.8466,1.2816,,
LAO,Lao PDR,SL.UEM.TOTL.NE.ZS,"Unemployment, total (% of total labor force) (national estimate)",,,,,,,,,,,,,,,,,,,,,,,,,,,,,,,6.7085,6.9477,7.1107,7.6286,7.3794,7.3014,8.2343,6.3729,6.7722,6.7508,6.4061,6.9317,7.6353,6.9956,7.1249,6.4302,6.8932,7.0606,7.6126,6.454,7.0639,7.8348,7.0689,6.2336,7.931,7.6589,7.7261,6.4195,8.0477,6.9048,7.0367,6.94,7.7649,7.2015,,
LBN,Lebanon,EG.FEC.RNEW.ZS,Renewable energy consumption (% of total final energy consumption),,,,,,,,,,,,,,,,,,,,,,,,,,,,,,,63.0314,62.3698,62.1779,60.6244,66.2922,59.8912,63.7925,63.8713,65.5767,66.1941,63.2932,64.7788,67.3977,63.8876,62.0351,63.549,61.8587,65.3616,66.8969,64.6759,61.826,67.2613,61.8154,62.4261,65.3113,66.3215,66.8125,65.9857,69.7881,66.5483,68.6373,68.2919,64.2822,66.6785,,
LBN,Lebanon,EG.ELC.ACCS.ZS,Access to electricity (% of population),,,,,,,,,,,,,,,,,,,,,,,,,,,,,,,94.8871,93.035,93.1487,94.0749,93.8136,93.8035,94.3018,96.0841,95.0791,94.376,94.479,97.7039,96.0098,96.7861,96.0713,97.1952,98.3559,96.9166,98.0553,96.8138,99.8067,98.6533,98.3582,98.7001,98.7804,99.0713,97.7304,99.8601,100.0,100.0,100.0,100.0,100.0,100.0,,
LBN,Lebanon,CC.EST,Control of Corruption: Estimate,,,,,,,,,,,,,,,,,,,,,,,,,,,,,,,0.0756,-0.165,0.1929,0.1405,-0.0528,0.1377,0.0718,-0.0627,-0.1844,0.0964,-0.0369,0.1898,0.0601,-0.0256,0.2741,0.1276,-0.3802,0.0,-0.1077,-0.0376,0.041,0.1009,0.0898,0.1877,0.1348,0.1274,0.0826,0.2128,0.0204,0.0236,-0.1703,0.1851,0.0492,0.4104,,
LBN,Lebanon,EN.ATM.PM25.MC.M3,"PM2.5 air pollution, mean annual exposure (micrograms per cubic meter)",,,,,,,,,,,,,,,,,,,,,,,,,,,,,,,49.6213,50.2825,50.8894,48.3368,50.4475,49.8816,49.2941,51.4286,48.234,49.922,51.6116,48.2897,48.8243,52.7076,49.8212,48.2704,50.1536,48.0175,46.4423,50.7682,46.9751,52.2272,47.7356,51.5895,46.2566,49.7679,48.8992,49.3263,49.4417,47.163,45.8664,47.6733,48.0042,46.8819,,
LBN,Lebanon,NY.GDP.MKTP.KD.ZG,GDP growth (annual %),,,,,,,,,,,,,,,,,,,,,,,,,,,,,,,0.6762,0.8063,-2.2928,0.9697,-0.6858,-1.7677,1.9507,-1.9602,-1.1594,0.1624,3.4181,0.4642,1.303,-0.7618,-0.214,-0.1399,0.7155,-0.7576,3.3323,-0.9506,-4.2858,6.8393,-0.8361,3.2652,3.4943,2.3453,-0.5128,0.699,-3.204,4.9576,-2.1472,-0.6525,0.2297,-0.2863,,
LBN,Lebanon,SL.UEM.TOTL.NE.ZS,"Unemployment, total (% of total labor force) (national estimate)",,,,,,,,,,,,,,,,,,,,,,,,,,,,,,,10.2776,11.3032,11.0811,10.767,10.4062,11.1381,10.3738,11.3912,10.6616,11.2209,10.5491,10.6418,11.2187,11.703,11.3862,11.0446,10.9007,10.3525,10.7536,10.1495,10.7939,10.826,9.6256,10.6254,10.8134,10.5642,10.785,9.9351,10.2181,11.1235,10.6063,10.7759,10.3327,10.6158,,
LBR,Liberia,EG.FEC.RNEW.ZS,Renewable energy consumption (% of total final energy consumption),,,,,,,,,,,,,,,,,,,,,,,,,,,,,,,43.0054,49.4514,51.5252,45.9293,46.3287,49.2411,51.4571,48.6552,46.3507,48.5421,47.0495,47.9217,48.8013,47.7007,48.1536,50.0084,50.4395,47.3114,51.1021,49.6955,52.0499,52.3204,49.8203,52.2877,49.5355,54.0069,49.9111,52.3649,51.4342,49.9256,53.9112,51.0311,49.0092,46.7954,,
LBR,Liberia,EG.ELC.ACCS.ZS,Access to electricity (% of population),,,,,,,,,,,,,,,,,,,,,,,,,,,,,,,50.0605,52.1113,52.2668,50.9357,51.461,51.6387,51.1938,51.7515,53.5455,53.4137,53.4791,52.4425,53.8411,52.1675,54.9348,54.7174,53.6844,56.3037,53.8237,55.9348,56.2047,55.0188,56.2303,55.2011,54.4835,56.1563,56.7673,58.026,57.8145,58.0854,57.449,58.0866,58.0166,58.0306,,
LBR,Liberia,CC.EST,Control of Corruption: Estimate,,,,,,,,,,,,,,,,,,,,,,,,,,,,,,,-1.225,-1.1448,-1.2225,-1.1926,-1.0704,-1.2139,-1.3139,-1.0862,-1.1219,-1.1143,-1.0787,-1.099,-1.1503,-0.8668,-1.308,-1.2242,-1.0377,-1.1367,-1.0628,-1.1334,-0.9889,-1.2747,-0.9927,-1.0133,-1.299,-1.0781,-1.1589,-1.2266,-1.3804,-1.2751,-1.0688,-1.0561,-1.1791,-1.0557,,
LBR,Liberia,EN.ATM.PM25.MC.M3,"PM2.5 air pollution, mean annual exposure (micrograms per cubic meter)",,,,,,,,,,,,,,,,,,,,,,,,,,,,,,,38.487,37.2211,35.8257,37.4907,37.4796,37.6801,37.8873,34.4659,35.6643,33.5012,37.3896,35.8707,36.7554,33.8156,38.0506,34.0776,36.951,35.8861,35.345,35.1439,34.5121,37.3319,35.3281,33.3253,34.5732,35.2617,36.3359,34.0022,34.0225,34.7843,35.9793,32.536,35.2672,33.7331,,
LBR,Liberia,NY.GDP.MKTP.KD.ZG,GDP growth (annual %),,,,,,,,,,,,,,,,,,,,,,,,,,,,,,,-1.2208,4.5943,-0.9009,1.4771,1.3876,-3.3597,-5.0232,1.6428,-3.1185,-4.5701,2.1557,-2.9582,-2.341,4.5263,-4.559,-3.5504,-1.5589,-1.0103,-2.644,-3.3063,3.3653,0.2478,1.0532,-0.7527,0.314,1.9226,-2.9004,0.2524,1.3304,3.4523,4.46,-0.235,2.4369,-7.0851,,
LBR,Liberia,SL.UEM.TOTL.NE.ZS,"Unemployment, total (% of total labor force) (national estimate)",,,,,,,,,,,,,,,,,,,,,,,,,,,,,,,9.2515,8.1124,8.3548,8.6959,8.3986,8.5736,9.2692,8.2832,7.9319,9.3821,8.7387,9.4365,8.9072,7.8135,8.798,7.9834,8.4791,8.4375,7.6665,8.0689,9.5779,8.5945,8.3875,9.3818,8.2772,8.4296,8.9707,8.275,8.1021,7.3485,8.0071,8.0023,8.5546,8.1701,,
LBY,Libya,EG.FEC.RNEW.ZS,Renewable energy consumption (% of total final energy consumption),,,,,,,,,,,,,,,,,,,,,,,,,,,,,,,26.2319,19.9506,25.0171,22.8053,24.1294,24.1579,18.3794,22.9427,22.5914,20.9999,24.3351,26.9989,18.3698,22.7969,21.5243,24.3094,23.6646,23.2545,25.9949,28.0382,30.2385,23.5866,21.5741,26.4842,28.7368,27.2932,29.0285,25.5149,24.8967,26.4967,25.7547,27.892,28.6554,28.962,,
LBY,Libya,EG.ELC.ACCS.ZS,Access to electricity (% of population),,,,,,,,,,,,,,,,,,,,,,,,,,,,,,,56.6958,56.734,57.4229,55.4669,57.4558,57.5793,57.9578,57.9672,58.6328,58.0776,59.6909,59.4162,59.4079,58.9793,60.4396,60.2027,59.6829,60.492,61.2906,61.4786,61.6769,61.6114,62.608,63.0276,62.8772,62.0674,61.9409,62.6022,64.8503,63.7627,65.4885,63.9412,64.0803,64.4781,,
LBY,Libya,CC.EST,Control of Corruption: Estimate,,,,,,,,,,,,,,,,,,,,,,,,,,,,,,,-1.9123,-1.994,-2.0391,-1.841,-1.7746,-1.6078,-1.9532,-1.9435,-1.9937,-1.7661,-1.8034,-2.0064,-2.0095,-1.7869,-1.8552,-1.8102,-2.0071,-2.1265,-2.0062,-1.8187,-1.6479,-1.9527,-1.6281,-1.8016,-2.0684,-1.8755,-1.7975,-2.1922,-1.8239,-1.7605,-1.8533,-1.9086,-1.9219,-1.9289,,
LBY,Libya,EN.ATM.PM25.MC.M3,"PM2.5 air pollution, mean annual exposure (micrograms per cubic meter)",,,,,,,,,,,,,,,,,,,,,,,,,,,,,,,78.9308,79.5835,79.9099,80.6251,79.5396,78.9911,81.3545,80.6907,79.246,80.7342,79.2151,79.9094,81.1974,78.7492,77.8162,79.2771,77.3696,78.9186,78.8339,75.4793,79.8908,78.7408,80.7077,79.1781,79.8782,80.4799,78.4172,78.5336,76.0945,80.2341,78.0763,76.7062,79.2444,74.7851,,
LBY,Libya,NY.GDP.MKTP.KD.ZG,GDP growth (annual %),,,,,,,,,,,,,,,,,,,,,,,,,,,,,,,1.098,4.4419,1.0769,0.3764,1.1308,-2.8537,3.9599,1.864,1.4904,1.4995,2.2064,3.8048,2.041,-1.2329,3.61,3.4176,2.685,4.8593,2.2471,4.9496,5.6892,3.6269,0.3013,1.8442,5.2683,-1.5729,1.1913,1.3138,0.0081,4.3534,3.1132,0.3935,3.6849,1.7751,,
LBY,Libya,SL.UEM.TOTL.NE.ZS,"Unemployment, total (% of total labor force) (national estimate)",,,,,,,,,,,,,,,,,,,,,,,,,,,,,,,14.0996,14.1883,14.7628,15.0142,14.3014,14.817,15.3356,13.9153,14.7226,14.9601,14.4972,15.1639,15.6442,14.7164,14.4279,15.0332,14.9658,13.2853,14.5434,14.3474,14.7431,14.4479,14.5022,14.1131,14.912,15.3723,14.1209,13.8462,14.5547,14.5304,15.1302,13.9301,14.2758,13.4709,,
LCA,St. Lucia,EG.FEC.RNEW.ZS,Renewable energy consumption (% of total final energy consumption),,,,,,,,,,,,,,,,,,,,,,,,,,,,,,,70.8837,68.7848,67.5068,65.9392,66.2727,69.7122,66.8188,69.3917,73.4196,68.7885,67.7108,70.5477,67.4821,73.5237,73.0409,70.0554,68.7391,69.8322,70.2424,71.7508,73.213,69.2107,73.4555,72.8191,70.7181,69.7103,72.2662,70.0645,74.3811,70.2359,73.7291,72.6225,71.8124,72.878,,
LCA,St. Lucia,EG.ELC.ACCS.ZS,Access to electricity (% of population),,,,,,,,,,,,,,,,,,,,,,,,,,,,,,,68.2627,66.6949,67.569,67.5473,68.3678,68.101,67.4843,68.3046,70.7089,69.8461,70.0686,69.9227,70.3574,70.3049,71.3203,71.2294,70.4617,71.8517,69.9317,72.4798,71.2713,72.5719,71.943,73.151,73.8614,74.851,72.6657,74.9291,74.5037,74.2882,75.5066,74.96,75.9728,74.8549,,
LCA,St. Lucia,CC.EST,Control of Corruption: Estimate,,,,,,,,,,,,,,,,,,,,,,,,,,,,,,,-2.1414,-1.9522,-1.8872,-2.0696,-2.3999,-2.0893,-2.0615,-2.0933,-2.025,-2.1226,-1.9647,-2.2054,-1.917,-1.8794,-2.175,-2.175,-2.0161,-2.2079,-2.1245,-1.9331,-1.9769,-1.8278,-2.0449,-2.1387,-2.0592,-2.0835,-2.0818,-2.0683,-2.1772,-2.0315,-2.2344,-2.1514,-2.0797,-2.3365,,
LCA,St. Lucia,EN.ATM.PM25.MC.M3,"PM2.5 air pollution, mean annual exposure (micrograms per cubic meter)",,,,,,,,,,,,,,,,,,,,,,,,,,,,,,,51.8075,47.4943,51.4984,48.4748,49.7267,51.0328,53.4713,50.2687,47.0401,51.3646,49.5062,49.8789,50.5309,46.276,49.5439,48.8395,51.2068,50.3847,46.7736,51.028,49.7283,46.6532,48.9777,50.3663,46.913,50.7204,46.3051,47.3072,46.9997,50.3995,47.5175,46.4298,48.7619,49.0058,,
LCA,St. Lucia,NY.GDP.MKTP.KD.ZG,GDP growth (annual %),,,,,,,,,,,,,,,,,,,,,,,,,,,,,,,3.8096,1.4624,2.7771,0.5152,6.3278,5.0013,4.8482,4.1261,3.4401,-0.9701,3.724,2.4264,5.2992,4.1593,3.5167,-2.0698,1.9183,0.7461,2.7717,1.1019,1.4509,3.2884,1.0604,2.4448,-1.6577,0.0598,3.7809,-0.9347,5.2551,4.5768,1.4702,9.6376,5.2485,-0.2324,,
LCA,St. Lucia,SL.UEM.TOTL.NE.ZS,"Unemployment, total (% of total labor force) (national estimate)",,,,,,,,,,,,,,,,,,,,,,,,,,,,,,,16.0456,15.7054,15.2841,15.1375,16.1699,15.3735,15.6215,15.212,15.2984,15.609,15.8666,14.3783,15.6809,15.2994,16.3737,17.1438,15.4928,14.8114,15.7309,15.5698,16.6581,16.5058,16.1052,15.3791,16.0114,15.805,15.7931,14.8934,16.2034,15.7264,15.6221,15.3724,15.2757,15.8311,,
LIE,Liechtenstein,EG.FEC.RNEW.ZS,Renewable energy consumption (% of total final energy consumption),,,,,,,,,,,,,,,,,,,,,,,,,,,,,,,36.0344,41.2618,37.7246,35.8654,43.7766,38.5666,38.9884,42.8518,44.4416,37.8168,39.1204,39.4174,43.2024,44.761,39.4723,44.6123,40.5147,42.755,39.6899,42.1389,42.3105,42.0524,43.6027,40.9687,41.3653,44.1585,46.1168,43.5371,44.7401,45.3989,45.6938,42.2757,42.7787,43.1026,,
LIE,Liechtenstein,EG.ELC.ACCS.ZS,Access to electricity (% of population),,,,,,,,,,,,,,,,,,,,,,,,,,,,,,,44.8356,43.9493,44.1634,44.3357,43.2361,46.0933,45.1761,45.6212,43.8803,46.1664,45.5077,44.9845,45.5297,45.5308,45.7673,47.0912,46.9833,47.81,49.1335,47.9391,46.4968,48.3492,49.7474,48.974,50.5162,49.9051,48.3221,50.1304,50.5303,51.407,52.2484,51.7689,51.6451,52.0837,,
LIE,Liechtenstein,CC.EST,Control of Corruption: Estimate,,,,,,,,,,,,,,,,,,,,,,,,,,,,,,,-1.1013,-1.2567,-1.0761,-1.0373,-1.2256,-0.9219,-0.9605,-1.2457,-0.9172,-1.1181,-1.1745,-0.9516,-1.0872,-0.8532,-1.1835,-1.2889,-1.1148,-0.9864,-1.1924,-1.2407,-1.0536,-1.2568,-1.0443,-1.122,-1.0218,-1.2472,-0.9253,-1.1031,-0.9895,-0.9659,-1.22,-0.9752,-1.2521,-1.2455,,
LIE,Liechtenstein,EN.ATM.PM25.MC.M3,"PM2.5 air pollution, mean annual exposure (micrograms per cubic meter)",,,,,,,,,,,,,,,,,,,,,,,,,,,,,,,38.808,37.4498,38.8125,35.0667,35.6956,36.253,35.3637,34.1828,33.8779,35.4628,33.4617,33.3397,35.4924,34.6793,36.1478,34.0246,33.7101,35.1373,33.204,33.3548,33.3343,33.8674,36.7607,31.9568,35.8853,34.9687,36.1325,38.407,35.7692,34.9305,31.4933,31.6027,33.8423,30.6749,,
LIE,Liechtenstein,NY.GDP.MKTP.KD.ZG,GDP growth (annual %),,,,,,,,,,,,,,,,,,,,,,,,,,,,,,,3.9452,-2.9307,5.2872,1.6024,2.7231,0.5357,-2.3397,5.4934,5.7459,1.5279,4.0615,1.4294,3.1279,4.3045,3.7943,5.7591,3.7038,2.4768,0.5031,1.2104,4.4318,-1.3479,5.1711,1.7038,0.3601,-0.3402,4.0925,2.37,6.3785,-0.7511,0.9612,2.1761,0.527,2.4219,,
LIE,Liechtenstein,SL.UEM.TOTL.NE.ZS,"Unemployment, total (% of total labor force) (national estimate)",,,,,,,,,,,,,,,,,,,,,,,,,,,,,,,12.863,12.9455,13.4563,12.0515,12.8721,12.3798,12.9182,12.9189,12.2098,12.2527,12.9591,12.7149,12.5934,13.0322,13.0691,12.4384,12.2772,12.0723,12.72,11.9917,12.7529,13.3116,12.5265,12.4351,13.7022,13.4581,12.3209,12.7727,12.8676,12.8051,13.6106,12.7468,12.8218,13.0476,,
LKA,Sri Lanka,EG.FEC.RNEW.ZS,Renewable energy consumption (% of total final energy consumption),,,,,,,,,,,,,,,,,,,,,,,,,,,,,,,35.8676,35.5115,34.8639,30.8203,33.1115,35.8766,34.8885,36.19,38.4621,32.4838,37.2636,34.477,37.1584,35.3553,39.8417,35.9979,34.6067,36.8775,36.8356,38.6139,37.3838,41.5879,36.5649,36.7385,35.88,37.4091,37.8499,38.1002,37.8221,36.6181,36.2244,37.3874,40.5708,41.1513,,
LKA,Sri Lanka,EG.ELC.ACCS.ZS,Access to electricity (% of population),,,,,,,,,,,,,,,,,,,,,,,,,,,,,,,99.0619,98.6202,99.5586,100.0,100.0,100.0,100.0,100.0,100.0,100.0,100.0,100.0,100.0,100.0,100.0,100.0,100.0,100.0,100.0,100.0,100.0,100.0,100.0,100.0,100.0,100.0,100.0,100.0,100.0,100.0,100.0,100.0,100.0,100.0,,
LKA,Sri Lanka,CC.EST,Control of Corruption: Estimate,,,,,,,,,,,,,,,,,,,,,,,,,,,,,,,0.5745,0.5401,0.5314,0.4006,0.5122,0.4871,0.6576,0.5744,0.4955,0.7357,0.4966,0.5958,0.5088,0.7246,0.5393,0.5428,0.5121,0.5525,0.6728,0.6304,0.5322,0.733,0.6336,0.4763,0.3632,0.4791,0.5785,0.6005,0.692,0.3975,0.4762,0.3876,0.3682,0.4535,,
LKA,Sri Lanka,EN.ATM.PM25.MC.M3,"PM2.5 air pollution, mean annual exposure (micrograms per cubic meter)",,,,,,,,,,,,,,,,,,,,,,,,,,,,,,,25.7142,26.2414,23.5817,23.7104,22.1745,25.0858,23.5861,27.0988,25.139,24.1871,23.4026,22.0423,22.1525,23.1911,22.9959,22.4655,24.4499,24.5757,23.0363,26.547,20.9442,23.5715,23.0764,22.4982,22.1978,23.1538,22.746,22.4165,20.9762,20.4171,22.3315,22.0811,22.3087,22.3613,,
LKA,Sri Lanka,NY.GDP.MKTP.KD.ZG,GDP growth (annual %),,,,,,,,,,,,,,,,,,,,,,,,,,,,,,,-1.3482,-0.573,-2.1758,3.7679,-2.0413,-0.9694,-1.8515,-1.8934,0.0196,-0.2976,-1.1906,-0.7507,-1.8415,0.9623,5.096,-2.2291,0.9429,0.0704,1.6296,1.7,0.4716,-0.1415,-1.1281,-1.9544,-0.2841,-3.2535,-1.5266,2.7252,0.2043,2.1897,3.6321,-0.4846,0.4763,-0.7966,,
LKA,Sri Lanka,SL.UEM.TOTL.NE.ZS,"Unemployment, total (% of total labor force) (national estimate)",,,,,,,,,,,,,,,,,,,,,,,,,,,,,,,5.1923,5.1221,6.0202,5.7029,6.5219,6.0846,5.233,6.0188,5.4461,6.207,5.3554,5.0724,5.2007,5.2263,5.1785,5.3123,6.027,6.4966,4.9335,6.2304,5.3598,5.7725,4.7715,5.8606,4.5959,5.7556,5.7272,5.6941,5.2312,5.8734,5.7941,5.4936,5.9345,5.5508,,
LSO,Lesotho,EG.FEC.RNEW.ZS,Renewable energy consumption (% of total final energy consumption),,,,,,,,,,,,,,,,,,,,,,,,,,,,,,,25.7342,24.5749,25.41,26.2761,24.4808,22.9589,26.1288,28.1054,26.4749,26.6629,26.0923,27.8049,26.1047,25.7188,28.9872,25.8655,28.8556,29.4385,28.5103,25.0281,27.7309,27.4226,26.9846,28.4121,29.815,27.5095,28.2339,28.2445,31.2044,28.5124,26.7078,26.1797,30.2021,28.1053,,
LSO,Lesotho,EG.ELC.ACCS.ZS,Access to electricity (% of population),,,,,,,,,,,,,,,,,,,,,,,,,,,,,,,45.9793,44.6293,45.5132,45.1298,46.792,47.2134,47.2152,46.3255,46.8477,47.8817,46.5941,48.0014,49.6578,48.5503,47.7535,48.7084,48.9397,51.4065,51.2768,50.779,50.1698,51.6548,50.0375,52.0555,52.1867,51.5732,52.8556,51.8365,51.4322,53.4767,52.8761,53.6757,54.901,53.1165,,
LSO,Lesotho,CC.EST,Control of Corruption: Estimate,,,,,,,,,,,,,,,,,,,,,,,,,,,,,,,-1.5844,-1.3788,-1.4869,-1.6511,-1.6818,-1.6305,-1.6558,-1.5387,-1.5578,-1.5337,-1.6681,-1.5757,-1.8138,-1.5498,-1.4261,-1.7381,-1.5092,-1.6405,-1.4709,-1.5481,-1.5186,-1.5594,-1.4078,-1.5255,-1.6518,-1.5553,-1.6114,-1.5477,-1.6175,-1.6484,-1.5433,-1.5605,-1.4395,-1.617,,
LSO,Lesotho,EN.ATM.PM25.MC.M3,"PM2.5 air pollution, mean annual exposure (micrograms per cubic meter)",,,,,,,,,,,,,,,,,,,,,,,,,,,,,,,26.2618,28.6073,26.6334,29.6166,26.4022,27.3505,28.2096,30.989,26.9838,28.5317,29.3031,30.5792,29.4398,29.8339,29.4095,26.2194,28.4926,29.1461,26.3583,26.8434,26.4283,28.712,27.3692,26.9118,25.3906,27.132,26.3017,27.4381,25.2786,27.1799,26.1747,24.8791,24.6822,24.8276,,
LSO,Lesotho,NY.GDP.MKTP.KD.ZG,GDP growth (annual %),,,,,,,,,,,,,,,,,,,,,,,,,,,,,,,-0.2358,0.5827,0.9547,1.0491,-1.6161,2.9262,-0.8254,1.4056,-0.1302,1.2192,-0.2556,1.2643,0.2617,2.3148,-1.7665,-4.1445,-2.1532,2.9525,-0.1062,0.5103,-2.3539,0.4441,-2.2769,-1.9093,-0.726,1.3929,1.6598,1.7278,-3.69,0.2635,-0.2118,-3.5503,0.3201,-0.3459,,
LSO,Lesotho,SL.UEM.TOTL.NE.ZS,"Unemployment, total (% of total labor force) (national estimate)",,,,,,,,,,,,,,,,,,,,,,,,,,,,,,,18.5008,18.2856,17.9704,18.7079,17.1344,18.2129,17.3634,17.7889,18.5074,17.6079,17.5332,19.436,17.5654,19.0703,18.1589,17.9826,18.5284,18.9133,17.672,17.9899,18.6684,18.389,18.796,18.5026,19.1491,18.3343,18.3559,18.4059,18.1738,18.6691,18.3635,18.6391,18.7173,18.4592,,
LTU,Lithuania,EG.FEC.RNEW.ZS,Renewable energy consumption (% of total final energy consumption),,,,,,,,,,,,,,,,,,,,,,,,,,,,,,,12.4221,9.548,10.618,13.5555,14.866,8.2878,11.183,12.5159,10.8602,11.1237,13.8685,16.2315,9.1551,13.0277,14.4453,15.2291,14.457,17.4915,14.1765,16.8927,13.126,14.6847,12.2933,16.6704,14.7778,15.8843,14.692,16.6416,16.4136,13.7794,14.0452,16.0132,17.5378,20.0945,,
LTU,Lithuania,EG.ELC.ACCS.ZS,Access to electricity (% of population),,,,,,,,,,,,,,,,,,,,,,,,,,,,,,,69.3356,70.1493,68.303,71.4536,70.5778,70.3036,70.4615,69.9575,70.4362,72.8716,70.802,71.0366,71.5315,71.3847,72.6055,73.7144,72.6048,72.2446,73.8267,73.7986,74.8954,73.9796,74.3851,74.7236,75.1644,75.0292,75.1495,74.3629,75.6409,76.9154,77.2734,76.4663,78.1328,77.3203,,
LTU,Lithuania,CC.EST,Control of Corruption: Estimate,,,,,,,,,,,,,,,,,,,,,,,,,,,,,,,-0.6086,-0.6463,-0.3018,-0.4928,-0.5937,-0.7191,-0.4955,-0.3994,-0.5317,-0.5744,-0.5139,-0.2988,-0.6152,-0.525,-0.3027,-0.3887,-0.4265,-0.5258,-0.4444,-0.5126,-0.5511,-0.5776,-0.3539,-0.4553,-0.4103,-0.4298,-0.3951,-0.4786,-0.5058,-0.5458,-0.6177,-0.5827,-0.4919,-0.6404,,
LTU,Lithuania,EN.ATM.PM25.MC.M3,"PM2.5 air pollution, mean annual exposure (micrograms per cubic meter)",,,,,,,,,,,,,,,,,,,,,,,,,,,,,,,86.4288,89.9854,88.6785,87.5844,91.5895,85.6298,89.4856,87.775,89.0398,87.9456,84.8938,87.7654,88.0455,84.1742,90.2983,87.769,88.2302,85.3939,88.0981,88.6164,87.2825,86.8081,85.4018,86.3379,85.8141,87.3602,85.1474,87.1892,85.0037,85.7887,87.0262,84.9665,86.918,86.6917,,
LTU,Lithuania,NY.GDP.MKTP.KD.ZG,GDP growth (annual %),,,,,,,,,,,,,,,,,,,,,,,,,,,,,,,-0.6732,2.9086,0.1986,2.7599,4.4878,-0.5991,1.6166,-1.5897,-2.5779,-0.4845,-3.4023,-2.3398,1.4828,-1.2799,1.7805,0.7527,4.6321,1.315,2.7897,1.0089,0.7827,2.916,1.6762,0.5293,0.5183,1.3497,-1.6743,-1.7803,3.5677,4.6652,-2.318,-1.6683,2.8605,1.338,,
LTU,Lithuania,SL.UEM.TOTL.NE.ZS,"Unemployment, total (% of total labor force) (national estimate)",,,,,,,,,,,,,,,,,,,,,,,,,,,,,,,10.1018,10.2118,9.6432,9.9285,9.8896,9.3343,9.9211,10.3824,9.5965,9.8398,9.8669,9.6212,10.102,9.4235,10.4299,10.0766,9.2952,10.6126,9.8476,9.4021,10.3158,10.0109,8.8776,9.5007,9.9031,8.6838,9.8061,9.8425,9.1718,9.8989,9.7673,9.1679,10.2233,10.1825,,
LUX,Luxembourg,EG.FEC.RNEW.ZS,Renewable energy consumption (% of total final energy consumption),,,,,,,,,,,,,,,,,,,,,,,,,,,,,,,81.9782,82.3105,84.3102,82.6063,79.2958,84.2815,81.8311,82.8279,86.6734,83.6397,84.0611,85.227,85.3683,82.6692,84.537,84.8799,85.5017,85.6861,90.4325,83.0559,87.5178,88.0744,86.8432,84.707,89.487,81.9237,85.0911,88.951,86.0174,90.1006,84.034,84.9834,86.2944,88.3424,,
LUX,Luxembourg,EG.ELC.ACCS.ZS,Access to electricity (% of population),,,,,,,,,,,,,,,,,,,,,,,,,,,,,,,91.0803,91.1156,92.8943,93.2187,91.9265,91.1401,91.032,93.1994,93.7827,93.5584,93.7012,93.3643,94.7819,95.8505,92.9845,94.946,94.4817,94.3156,94.854,96.3117,96.5819,97.6762,96.765,95.6014,97.0674,96.3989,96.7925,98.4724,98.4133,98.978,98.472,99.6404,98.9272,100.0,,
LUX,Luxembourg,CC.EST,Control of Corruption: Estimate,,,,,,,,,,,,,,,,,,,,,,,,,,,,,,,1.6267,1.5605,1.6108,1.5832,1.7769,1.6148,1.5852,1.5567,1.6865,1.6703,1.5525,1.4467,1.4771,1.5633,1.7472,1.5553,1.5141,1.3741,1.767,1.6536,1.6809,1.7008,1.5656,1.5955,1.764,1.6069,1.6559,1.6898,1.6625,1.57,1.5813,1.6787,1.6785,1.7255,,
LUX,Luxembourg,EN.ATM.PM25.MC.M3,"PM2.5 air pollution, mean annual exposure (micrograms per cubic meter)",,,,,,,,,,,,,,,,,,,,,,,,,,,,,,,27.7484,27.7366,26.0924,25.81,27.7727,25.6605,26.4107,28.4303,28.1126,26.6544,25.6775,25.8567,27.2632,25.827,24.9643,27.5454,25.9141,24.6959,26.2002,26.8586,23.8102,24.9411,24.7917,25.7602,25.9498,24.0945,22.6026,26.3094,23.0018,25.0085,24.3238,24.6854,26.8386,28.8392,,
LUX,Luxembourg,NY.GDP.MKTP.KD.ZG,GDP growth (annual %),,,,,,,,,,,,,,,,,,,,,,,,,,,,,,,-3.8146,2.7288,-0.1216,2.8886,2.6622,3.7934,0.9814,-1.9549,2.5881,0.564,-0.3156,-0.9216,2.7848,4.2774,-2.7194,1.8239,-0.662,-3.3992,0.6383,-1.8139,-3.6754,-1.6854,-2.3004,-1.3477,-3.0457,-0.7189,-1.5141,1.208,1.7528,0.9194,-0.3196,-0.3871,-1.8237,-1.7635,,
LUX,Luxembourg,SL.UEM.TOTL.NE.ZS,"Unemployment, total (% of total labor force) (national estimate)",,,,,,,,,,,,,,,,,,,,,,,,,,,,,,,14.7187,13.4871,14.3266,14.2052,14.6665,13.6544,14.3732,14.5384,13.4146,13.8298,14.321,14.624,14.4582,14.6472,13.8272,13.5726,14.4092,13.7523,13.9343,14.8331,14.4615,14.0829,14.0179,14.6774,14.4729,13.7597,13.393,15.3078,13.7557,14.6308,15.1223,14.4407,14.0667,13.6539,,
LVA,Latvia,EG.FEC.RNEW.ZS,Renewable energy consumption (% of total final energy consumption),,,,,,,,,,,,,,,,,,,,,,,,,,,,,,,76.4701,80.2535,82.552,79.0092,78.8386,81.495,78.8782,80.949,80.6337,79.8811,80.819,84.5264,82.3591,83.4851,79.6127,83.792,83.0281,78.9009,83.1297,81.1735,79.2585,82.7596,83.7282,83.1033,82.7318,82.4389,88.1833,81.0349,85.2959,83.7309,82.1411,83.9033,81.3642,83.1091,,
LVA,Latvia,EG.ELC.ACCS.ZS,Access to electricity (% of population),,,,,,,,,,,,,,,,,,,,,,,,,,,,,,,71.152,70.1987,72.0947,71.1686,71.0282,71.5753,74.4304,71.3571,73.5385,72.8383,73.4095,74.4227,74.6334,73.895,73.6033,75.4373,75.6315,75.2116,76.0431,75.5829,75.528,76.4428,77.1048,77.187,77.5969,76.8311,78.9551,77.6657,78.0945,77.3847,78.5345,79.3654,79.7996,80.6891,,
LVA,Latvia,CC.EST,Control of Corruption: Estimate,,,,,,,,,,,,,,,,,,,,,,,,,,,,,,,0.4205,0.3913,0.3045,0.2787,0.4745,0.4722,0.2288,0.4448,0.4361,0.2244,0.4229,0.2321,0.0665,0.3389,0.389,0.3443,0.7021,0.4035,0.3757,0.4096,0.3051,0.4696,0.4014,0.3959,0.2832,0.1703,0.2979,0.392,0.3047,0.3931,0.3302,0.4097,0.2408,0.3812,,
LVA,Latvia,EN.ATM.PM25.MC.M3,"PM2.5 air pollution, mean annual exposure (micrograms per cubic meter)",,,,,,,,,,,,,,,,,,,,,,,,,,,,,,,27.8368,26.4108,28.3905,30.8627,26.2904,28.5773,29.5146,31.6883,27.4188,27.1302,26.2482,29.629,26.5371,27.2023,24.9048,28.9242,29.2556,28.7069,24.9502,28.1889,24.6892,27.2053,27.3458,27.4235,27.6802,26.7862,23.7746,27.4409,26.7046,25.1243,24.0441,28.6283,28.0852,27.2172,,
LVA,Latvia,NY.GDP.MKTP.KD.ZG,GDP growth (annual %),,,,,,,,,,,,,,,,,,,,,,,,,,,,,,,1.272,-3.3298,4.8744,3.8794,2.0261,5.7747,5.0827,3.403,3.0504,3.0901,4.6626,0.819,4.0277,0.6612,6.3041,4.293,1.2421,3.1642,0.8283,6.723,7.0199,4.7033,6.8544,3.3422,4.8715,6.0245,2.9484,3.1405,5.2969,4.579,1.0741,-2.5044,2.5239,-2.2796,,
LVA,Latvia,SL.UEM.TOTL.NE.ZS,"Unemployment, total (% of total labor force) (national estimate)",,,,,,,,,,,,,,,,,,,,,,,,,,,,,,,5.6842,5.7426,5.8954,6.59,6.6986,6.4341,6.496,6.5078,4.9313,6.1848,5.2815,6.4343,5.1332,6.0895,6.4536,5.6209,6.6606,6.4331,6.3702,6.5287,6.0001,6.2557,6.1848,6.1735,5.8437,5.5585,6.0113,5.9838,5.8114,6.6058,5.5936,6.094,6.7629,6.6343,,
MAR,Morocco,EG.FEC.RNEW.ZS,Renewable energy consumption (% of total final energy consumption),,,,,,,,,,,,,,,,,,,,,,,,,,,,,,,33.3269,29.8628,32.7629,29.2184,30.9426,31.2808,30.6427,31.2207,31.1076,30.2796,34.1072,32.1794,33.0972,33.1719,33.1038,33.3299,32.6835,36.2811,35.1158,33.7811,33.0002,33.8067,35.0296,37.3442,31.7482,35.9639,37.0478,31.9709,34.732,33.1153,36.2554,34.8276,35.4341,35.0222,,
MAR,Morocco,EG.ELC.ACCS.ZS,Access to electricity (% of population),,,,,,,,,,,,,,,,,,,,,,,,,,,,,,,63.2295,63.0866,63.3381,63.5319,64.1114,63.6938,65.514,63.4155,63.2726,63.4564,63.4897,65.9419,66.0945,66.8696,65.3081,66.9997,66.6988,67.0366,67.6539,66.7983,69.7232,68.9689,67.728,67.5308,68.583,69.0492,70.0059,68.4684,69.8818,68.6802,70.5025,70.3174,72.2027,69.6666,,
MAR,Morocco,CC.EST,Control of Corruption: Estimate,,,,,,,,,,,,,,,,,,,,,,,,,,,,,,,0.2025,-0.1664,-0.1212,-0.1632,0.0681,-0.1028,-0.1237,0.0624,0.0923,0.0428,0.0186,0.2575,0.0556,0.1347,0.0552,-0.0937,0.104,-0.0406,0.0271,0.0747,-0.1949,-0.1551,0.1472,-0.0416,-0.0359,0.058,-0.0082,0.0882,0.0319,0.0619,-0.0462,0.0613,0.1707,-0.0301,,
MAR,Morocco,EN.ATM.PM25.MC.M3,"PM2.5 air pollution, mean annual exposure (micrograms per cubic meter)",,,,,,,,,,,,,,,,,,,,,,,,,,,,,,,26.9778,25.4475,26.5465,25.558,25.2347,25.7294,26.9452,25.399,25.6826,24.3321,27.1612,25.6853,24.7614,24.3808,25.9517,23.4955,21.6505,24.3534,25.9498,26.4718,23.8439,23.9902,24.6241,23.3683,24.4594,23.4767,25.0419,24.5293,24.5802,22.9769,26.0937,23.8507,23.4158,21.8234,,
MAR,Morocco,NY.GDP.MKTP.KD.ZG,GDP growth (annual %),,,,,,,,,,,,,,,,,,,,,,,,,,,,,,,-0.2259,0.3027,-1.9524,-0.714,-0.3977,0.1566,-4.39,-0.3214,-0.9266,-0.0354,2.605,5.1478,1.7127,-3.0693,-0.8468,1.5067,1.225,2.4851,-0.2266,-0.892,4.3978,0.1634,-2.5249,3.7046,-3.7235,-8.7208,1.9402,2.2935,1.0518,-3.2394,-0.1304,-0.6787,-1.3265,3.5469,,
MAR,Morocco,SL.UEM.TOTL.NE.ZS,"Unemployment, total (% of total labor force) (national estimate)",,,,,,,,,,,,,,,,,,,,,,,,,,,,,,,12.8572,13.5386,13.9776,13.5713,14.0011,13.6624,13.5952,13.564,13.6873,13.1878,12.7296,13.8576,13.9614,13.5065,13.1064,12.6017,13.4234,12.7061,12.636,13.3702,12.9987,13.5532,13.3009,13.0772,12.5281,12.9541,12.9725,12.7679,13.216,12.8069,13.2987,13.5007,12.9675,13.5932,,
MDA,Moldova,EG.FEC.RNEW.ZS,Renewable energy consumption (% of total final energy consumption),,,,,,,,,,,,,,,,,,,,,,,,,,,,,,,25.3677,26.0161,28.164,29.9145,30.4252,32.0652,28.2373,28.8854,27.2251,26.9329,30.0476,28.1887,32.3552,27.1157,31.1632,28.329,28.8495,31.7187,29.4387,29.9089,29.4661,34.8105,30.1555,31.6435,31.2866,32.2833,30.761,31.7388,33.0783,30.7144,34.7691,35.1114,34.1034,33.1802,,
MDA,Moldova,EG.ELC.ACCS.ZS,Access to electricity (% of population),,,,,,,,,,,,,,,,,,,,,,,,,,,,,,,70.388,73.3699,72.9674,73.3335,72.2626,74.4254,73.1216,74.6252,75.5042,74.655,76.2533,74.9329,76.2608,74.9867,77.1054,77.2313,77.1552,76.7159,76.1589,77.218,78.6687,78.1345,77.0381,77.6307,79.783,79.4208,78.2933,78.1178,79.2805,78.5494,80.1558,82.4918,79.5029,80.8817,,
MDA,Moldova,CC.EST,Control of Corruption: Estimate,,,,,,,,,,,,,,,,,,,,,,,,,,,,,,,-1.5708,-1.6383,-1.746,-1.7457,-1.8669,-1.7603,-1.699,-1.5956,-1.8026,-1.751,-1.8421,-1.7011,-1.6341,-1.6526,-1.8686,-1.7106,-1.8095,-1.6069,-1.7475,-1.9105,-1.7546,-1.6732,-1.6989,-1.7896,-1.7984,-1.8467,-1.7756,-1.8309,-1.6118,-1.8363,-1.7135,-1.7217,-1.6147,-1.5975,,
MDA,Moldova,EN.ATM.PM25.MC.M3,"PM2.5 air pollution, mean annual exposure (micrograms per cubic meter)",,,,,,,,,,,,,,,,,,,,,,,,,,,,,,,46.9409,46.3463,44.1639,44.0536,44.3084,46.6248,45.5269,46.6399,46.7611,44.088,45.145,44.9974,44.4452,44.0546,46.554,44.7749,44.6366,43.3327,45.4697,42.8692,44.9793,44.9403,43.5181,44.5334,44.2554,43.8379,43.8363,43.8296,43.8518,43.6673,41.8411,43.1886,43.7343,43.4028,,
MDA,Moldova,NY.GDP.MKTP.KD.ZG,GDP growth (annual %),,,,,,,,,,,,,,,,,,,,,,,,,,,,,,,4.281,3.4469,-0.2794,1.4801,1.1183,1.8858,1.8892,3.4255,2.34,4.973,2.4992,-0.1798,0.7285,3.4061,-2.1388,-1.468,1.9234,4.274,5.1642,1.3539,4.5487,2.0773,-1.9319,1.8765,0.3494,4.1922,1.8325,-1.2981,-1.8526,1.8442,-4.1539,0.6012,2.4742,-0.7459,,
MDA,Moldova,SL.UEM.TOTL.NE.ZS,"Unemployment, total (% of total labor force) (national estimate)",,,,,,,,,,,,,,,,,,,,,,,,,,,,,,,4.378,4.4765,3.3726,3.732,4.3783,3.8803,3.1838,3.8093,3.4545,4.4351,4.184,3.7241,3.9521,3.2269,3.5041,4.6576,3.9078,4.346,3.997,4.5381,2.8816,3.7869,4.7034,4.3591,4.5437,3.8776,3.6124,3.3674,3.3325,4.2845,4.1376,3.8477,4.1351,3.9522,,
MDG,Madagascar,EG.FEC.RNEW.ZS,Renewable energy consumption (% of total final energy consumption),,,,,,,,,,,,,,,,,,,,,,,,,,,,,,,33.8528,33.9837,30.0966,32.9256,29.1906,32.9444,34.037,30.3509,32.2954,33.2974,33.8962,33.0211,31.3838,33.7703,30.7239,33.7131,33.4456,34.2098,33.5097,31.763,34.1957,36.94,37.7513,40.257,38.9116,33.2845,35.0115,35.9328,35.9572,36.4174,41.2435,34.4142,35.3013,40.166,,
MDG,Madagascar,EG.ELC.ACCS.ZS,Access to electricity (% of population),,,,,,,,,,,,,,,,,,,,,,,,,,,,,,,43.2442,44.3018,45.0647,44.8762,44.8904,45.7378,44.5225,45.0899,46.1655,44.3314,47.3702,46.7297,46.8594,45.6825,46.2077,47.1681,48.3829,46.3257,48.8676,48.1989,48.5582,49.1898,49.4524,48.917,50.2369,48.1314,49.8766,50.6099,50.461,49.5254,51.8434,50.4882,51.6829,52.1094,,
MDG,Madagascar,CC.EST,Control of Corruption: Estimate,,,,,,,,,,,,,,,,,,,,,,,,,,,,,,,-2.1807,-2.0428,-2.1895,-2.1318,-2.1898,-2.1096,-2.0159,-2.1666,-2.0893,-2.0085,-2.0203,-2.2294,-2.0588,-2.1533,-2.0491,-2.1149,-2.15,-2.131,-2.1525,-2.1478,-2.2022,-2.2133,-1.9715,-2.1258,-2.2519,-2.2164,-2.0564,-2.2715,-2.361,-2.3521,-2.3906,-2.339,-2.3248,-2.0169,,
MDG,Madagascar,EN.ATM.PM25.MC.M3,"PM2.5 air pollution, mean annual exposure (micrograms per cubic meter)",,,,,,,,,,,,,,,,,,,,,,,,,,,,,,,89.0774,88.5217,86.8215,88.6919,86.2206,88.1925,91.7634,89.5823,88.1919,89.4738,87.5643,87.0656,90.7428,86.3932,87.4954,88.4057,86.4623,88.7625,87.2467,88.6225,88.4256,87.1021,89.9526,86.3086,89.2499,88.909,89.7229,87.2477,85.7237,89.9418,86.2446,85.4463,86.3019,85.0341,,
MDG,Madagascar,NY.GDP.MKTP.KD.ZG,GDP growth (annual %),,,,,,,,,,,,,,,,,,,,,,,,,,,,,,,2.266,-0.5636,0.2319,3.37,2.5098,0.9896,1.3778,0.9812,-0.1273,0.9443,2.1777,0.6352,2.0,-1.1411,-0.5591,-0.8852,-0.4622,4.1685,2.7657,-1.7417,2.0443,-0.0259,-0.7554,-2.7638,3.3804,-2.4591,0.8207,-1.4152,2.8902,0.1147,0.6144,0.6988,1.707,0.9831,,
MDG,Madagascar,SL.UEM.TOTL.NE.ZS,"Unemployment, total (% of total labor force) (national estimate)",,,,,,,,,,,,,,,,,,,,,,,,,,,,,,,16.7462,16.5087,15.9805,16.2086,17.1271,16.615,16.4359,16.065,15.908,16.4163,17.2119,16.4893,16.9681,16.4663,17.0873,16.592,16.1519,16.6334,17.6849,17.6628,17.0111,16.6993,16.9198,16.9263,16.7479,16.9883,16.872,16.6099,16.1702,16.5378,17.1676,16.7521,16.918,16.6264,,
MDV,Maldives,EG.FEC.RNEW.ZS,Renewable energy consumption (% of total final energy consumption),,,,,,,,,,,,,,,,,,,,,,,,,,,,,,,23.2521,25.044,23.6263,23.6487,28.3825,25.2811,24.7883,29.6572,28.2012,25.9782,27.7265,26.5497,25.7859,28.2706,26.8226,27.7722,29.814,29.7437,26.9711,29.1933,26.1155,29.4221,28.9682,29.5792,28.3764,33.2894,27.4687,31.3644,27.5079,30.7299,31.0228,30.1312,29.1806,30.6035,,
MDV,Maldives,EG.ELC.ACCS.ZS,Access to electricity (% of population),,,,,,,,,,,,,,,,,,,,,,,,,,,,,,,79.5113,80.9796,79.0998,79.6029,80.5255,80.3428,80.7176,81.904,79.0415,81.0693,80.4038,81.091,84.2214,83.0262,83.5589,82.9833,83.9046,82.1344,84.6283,83.3918,83.8726,84.9518,85.0508,85.1154,84.2072,85.6275,86.5661,85.6217,87.3496,85.8495,86.8029,88.2759,86.7526,88.3909,,
MDV,Maldives,CC.EST,Control of Corruption: Estimate,,,,,,,,,,,,,,,,,,,,,,,,,,,,,,,1.5381,1.3217,1.2379,1.2084,1.4577,1.4543,1.4751,1.2972,1.4257,1.2953,1.1952,1.436,1.4972,1.1787,1.1764,1.3059,1.4159,1.1651,1.3284,1.2303,1.3852,1.2054,1.3938,1.2822,1.1887,1.3088,1.0686,1.234,1.3416,1.0885,0.9926,1.0204,1.4604,1.2919,,
MDV,Maldives,EN.ATM.PM25.MC.M3,"PM2.5 air pollution, mean annual exposure (micrograms per cubic meter)",,,,,,,,,,,,,,,,,,,,,,,,,,,,,,,54.8306,56.967,54.8626,55.792,55.3479,54.5228,55.5905,56.2292,54.7119,54.2185,54.3155,51.3024,55.0939,52.7756,55.4539,54.2937,54.507,55.3198,52.7995,54.6632,54.4307,53.6721,52.477,54.6822,54.7645,53.7997,51.9438,52.6781,53.2988,54.342,50.8541,52.3036,52.4653,52.8645,,
MDV,Maldives,NY.GDP.MKTP.KD.ZG,GDP growth (annual %),,,,,,,,,,,,,,,,,,,,,,,,,,,,,,,-1.6312,1.0783,0.8459,-0.9719,1.3272,0.2692,2.8611,-0.5912,1.8467,-0.3989,0.1227,2.3653,2.2089,0.5795,0.9486,-2.0119,5.129,3.3407,3.2507,-2.3655,0.1334,0.7857,-3.2056,3.847,5.2568,6.7769,-0.9926,1.9154,4.9291,0.988,0.2046,-3.043,4.4536,1.5739,,
MDV,Maldives,SL.UEM.TOTL.NE.ZS,"Unemployment, total (% of total labor force) (national estimate)",,,,,,,,,,,,,,,,,,,,,,,,,,,,,,,9.6366,10.1432,10.0778,10.0854,9.8927,10.8125,9.9345,10.811,10.2834,10.1769,9.9447,10.4883,10.0578,9.5352,9.5185,10.2125,9.5476,9.9702,10.5299,10.1533,9.6402,10.7063,10.2752,10.5102,8.8675,10.1667,10.4224,10.8514,9.2694,10.6044,10.8235,8.9927,10.2406,10.3101,,
MEX,Mexico,EG.FEC.RNEW.ZS,Renewable energy consumption (% of total final energy consumption),,,,,,,,,,,,,,,,,,,,,,,,,,,,,,,32.2554,32.0793,34.5452,32.1295,33.075,35.2843,37.3175,35.0354,34.3764,33.2267,32.3883,36.7786,34.4026,37.1609,34.3504,33.8609,36.1511,35.3064,33.1984,39.3942,34.6555,37.9146,37.8932,33.8405,34.5047,36.0564,35.0782,40.4124,36.7091,39.039,38.4367,38.0875,37.7901,40.3337,,
MEX,Mexico,EG.ELC.ACCS.ZS,Access to electricity (% of population),,,,,,,,,,,,,,,,,,,,,,,,,,,,,,,94.7593,97.0505,94.8896,96.7946,95.2953,96.4168,96.994,96.78,97.2741,96.5598,97.1294,98.568,98.4431,98.117,99.9788,98.1934,99.1301,99.2649,100.0,100.0,100.0,99.194,100.0,100.0,100.0,100.0,100.0,100.0,100.0,100.0,100.0,100.0,100.0,100.0,,
MEX,Mexico,CC.EST,Control of Corruption: Estimate,,,,,,,,,,,,,,,,,,,,,,,,,,,,,,,1.7067,1.681,1.6802,1.7089,1.7138,1.9166,1.6297,1.6334,1.5047,1.6469,1.8766,1.7712,1.5879,1.6567,1.4975,1.5368,1.671,1.5938,1.5277,1.7119,1.6432,1.465,1.4041,1.5847,1.4625,1.4288,1.7886,1.6414,1.6212,1.6305,1.5166,1.7024,1.6374,1.5622,,
MEX,Mexico,EN.ATM.PM25.MC.M3,"PM2.5 air pollution, mean annual exposure (micrograms per cubic meter)",,,,,,,,,,,,,,,,,,,,,,,,,,,,,,,86.1158,85.1061,86.2579,86.4278,86.0589,86.71,86.4295,86.8134,87.8019,87.1968,87.6592,84.8757,85.3044,86.9677,86.9145,84.8094,86.6647,84.252,86.3089,85.4678,83.3506,84.6962,88.5407,85.4915,88.558,82.8614,86.0734,81.0658,84.7869,85.6541,85.8841,83.3484,86.0259,83.5867,,
MEX,Mexico,NY.GDP.MKTP.KD.ZG,GDP growth (annual %),,,,,,,,,,,,,,,,,,,,,,,,,,,,,,,-0.3509,-1.024,-2.7816,3.9836,0.1794,2.7776,2.6711,-2.3605,3.0997,1.3179,-2.5429,1.1815,-2.4981,4.0755,2.0938,-0.1185,3.2213,-3.8956,-1.814,-0.5717,5.6485,-2.6169,-4.2089,-3.5516,2.3249,-1.4261,-0.3384,1.9664,-0.3359,0.5697,1.3974,-1.0174,-0.3565,0.6642,,
MEX,Mexico,SL.UEM.TOTL.NE.ZS,"Unemployment, total (% of total labor force) (national estimate)",,,,,,,,,,,,,,,,,,,,,,,,,,,,,,,15.8588,15.0286,13.9145,15.7645,15.8886,15.5248,15.5589,15.1426,15.6748,15.8513,15.453,16.6704,14.6429,15.5062,14.8376,15.8647,14.634,14.7578,15.1082,15.5577,15.127,15.132,15.3343,15.3036,16.1685,15.7677,15.2625,16.4733,15.6706,14.9403,15.553,15.6925,15.0809,14.8985,,
MHL,Marshall Islands,EG.FEC.RNEW.ZS,Renewable energy consumption (% of total final energy consumption),,,,,,,,,,,,,,,,,,,,,,,,,,,,,,,80.2402,79.4968,83.3255,81.9995,79.3857,81.6691,83.5015,78.3296,79.2217,81.3949,81.6384,81.6128,81.2457,81.3651,82.9358,84.5851,81.5053,87.494,86.6886,85.5757,84.3122,87.2332,82.787,81.852,82.6153,81.8114,84.2108,84.7169,84.6689,84.3924,84.8335,88.1899,86.1073,86.8623,,
MHL,Marshall Islands,EG.ELC.ACCS.ZS,Access to electricity (% of population),,,,,,,,,,,,,,,,,,,,,,,,,,,,,,,46.9328,45.7377,45.829,49.1964,47.3547,47.5367,48.4767,48.9705,49.3216,50.4497,50.4807,48.8814,50.5551,49.7229,50.1701,49.655,49.4257,51.0049,50.5154,52.2724,51.5553,52.277,53.3742,51.3419,52.2005,53.1749,53.5302,54.4129,54.4739,54.1077,54.5229,54.795,53.6044,54.905,,
MHL,Marshall Islands,CC.EST,Control of Corruption: Estimate,,,,,,,,,,,,,,,,,,,,,,,,,,,,,,,-2.1377,-2.1125,-2.2784,-2.3198,-2.1957,-1.9314,-2.2658,-2.0266,-1.9773,-2.1621,-2.2491,-2.106,-2.1441,-2.2706,-2.2466,-2.1131,-2.0555,-2.2063,-2.1758,-2.0873,-2.1882,-2.2034,-2.2582,-2.2602,-1.8473,-2.1911,-2.0037,-1.9654,-2.1895,-2.1233,-2.1552,-2.361,-2.3538,-2.1617,,
MHL,Marshall Islands,EN.ATM.PM25.MC.M3,"PM2.5 air pollution, mean annual exposure (micrograms per cubic meter)",,,,,,,,,,,,,,,,,,,,,,,,,,,,,,,67.3579,70.7526,67.4804,70.6816,66.9607,70.4636,68.2749,68.2802,66.5876,68.1406,69.7343,66.898,66.5262,66.5851,69.3054,68.0783,68.8868,67.1057,66.6142,67.1112,68.0005,65.9446,68.2883,66.704,62.4658,67.3205,64.0068,67.124,67.1075,66.1701,66.4108,67.1636,64.6918,66.5454,,
MHL,Marshall Islands,NY.GDP.MKTP.KD.ZG,GDP growth (annual %),,,,,,,,,,,,,,,,,,,,,,,,,,,,,,,4.9927,6.4853,-0.6793,3.1064,-0.3186,-0.4247,2.9827,2.2788,4.9476,1.2197,1.75,2.6139,-0.0694,0.2775,4.8754,0.7127,5.0413,3.6034,-1.7837,3.4111,3.3913,3.1425,1.7304,-0.265,5.4507,1.8312,-0.1234,3.2288,0.2282,-0.2876,1.1464,0.4216,-0.1955,4.1012,,
MHL,Marshall Islands,SL.UEM.TOTL.NE.ZS,"Unemployment, total (% of total labor force) (national estimate)",,,,,,,,,,,,,,,,,,,,,,,,,,,,,,,17.2542,17.9372,16.8838,16.4473,17.3855,18.2391,17.5766,18.9188,17.4771,17.4289,16.2334,17.5251,17.3954,17.1074,17.2427,17.277,17.2211,18.3559,17.1257,17.3957,17.1091,17.7028,17.3995,17.1711,16.3481,17.4327,17.1563,17.2807,16.7199,18.0277,17.7395,18.0264,17.8846,17.6072,,
MKD,North Macedonia,EG.FEC.RNEW.ZS,Renewable energy consumption (% of total final energy consumption),,,,,,,,,,,,,,,,,,,,,,,,,,,,,,,13.8972,20.0186,14.6265,16.095,18.1956,18.4449,18.2263,16.4312,16.1679,22.6009,17.6032,17.5082,16.5547,18.6211,18.6778,18.3993,19.3452,22.2589,17.6917,19.118,17.8861,19.9212,18.3449,18.5809,16.8627,20.1274,20.9413,23.9527,21.3208,19.6324,17.9624,18.3892,18.3905,24.8879,,
MKD,North Macedonia,EG.ELC.ACCS.ZS,Access to electricity (% of population),,,,,,,,,,,,,,,,,,,,,,,,,,,,,,,86.9226,86.476,86.4245,86.7575,87.2049,88.9954,88.1684,87.2844,90.5407,88.0302,88.7197,90.4905,90.0245,89.5664,89.2073,89.669,89.9672,90.948,91.3452,91.3235,91.661,91.1018,92.4269,93.4668,92.5621,92.7965,93.2588,94.3369,92.9766,95.1031,94.5294,94.4653,95.663,93.9967,,
MKD,North Macedonia,CC.EST,Control of Corruption: Estimate,,,,,,,,,,,,,,,,,,,,,,,,,,,,,,,-1.4292,-1.4402,-1.6041,-1.4366,-1.4579,-1.5133,-1.3883,-1.5605,-1.4594,-1.5077,-1.5656,-1.4315,-1.5168,-1.6686,-1.708,-1.3972,-1.6383,-1.4583,-1.4853,-1.5361,-1.2571,-1.4703,-1.4012,-1.4577,-1.5196,-1.4942,-1.3168,-1.3613,-1.2576,-1.4653,-1.5971,-1.5447,-1.6344,-1.3998,,
MKD,North Macedonia,EN.ATM.PM25.MC.M3,"PM2.5 air pollution, mean annual exposure (micrograms per cubic meter)",,,,,,,,,,,,,,,,,,,,,,,,,,,,,,,18.0319,14.2478,22.4464,17.8149,17.7259,21.0182,16.6184,20.0557,17.3896,16.2051,20.6693,19.4154,19.3308,18.4222,18.6894,15.8625,17.7982,16.1576,15.3873,18.0072,19.048,16.6557,16.8327,15.3635,17.0016,18.0509,18.018,17.5685,15.7431,15.6156,17.7039,17.6488,16.0928,15.6315,,
MKD,North Macedonia,NY.GDP.MKTP.KD.ZG,GDP growth (annual %),,,,,,,,,,,,,,,,,,,,,,,,,,,,,,,3.1573,-0.6607,2.104,-0.1029,-2.3796,4.27,0.5394,-1.5377,-3.2378,-2.9858,-0.6931,5.052,-1.2225,3.8578,-0.0877,-2.7137,-0.9438,-2.9633,-1.9007,-1.9752,-4.5203,4.0212,0.7667,-1.4765,0.7936,-1.8495,-6.4385,7.6309,0.7132,-1.2333,-4.5956,-3.4962,4.3754,3.994,,
MKD,North Macedonia,SL.UEM.TOTL.NE.ZS,"Unemployment, total (% of total labor force) (national estimate)",,,,,,,,,,,,,,,,,,,,,,,,,,,,,,,17.2244,16.2902,17.6028,17.0727,17.1752,17.0709,16.0943,16.2487,16.5927,17.1696,16.1576,16.7601,16.7595,17.2441,17.1851,16.3427,17.5711,16.2662,17.3939,16.5727,16.9297,16.9608,16.9466,17.185,17.0435,17.2396,17.0801,16.2155,16.9827,16.5658,16.2931,16.7029,16.9394,16.9726,,
MLI,Mali,EG.FEC.RNEW.ZS,Renewable energy consumption (% of total final energy consumption),,,,,,,,,,,,,,,,,,,,,,,,,,,,,,,60.3278,60.9804,59.1883,59.7,59.0064,60.5002,60.0898,59.1568,63.7197,58.4734,62.6247,57.1572,61.643,63.0389,56.5013,60.7437,62.0466,61.2697,61.6721,61.3382,59.0273,66.1019,60.5087,62.5341,60.5221,57.4141,60.2668,59.3706,64.5989,61.352,61.6876,60.7371,63.2038,61.7329,,
MLI,Mali,EG.ELC.ACCS.ZS,Access to electricity (% of population),,,,,,,,,,,,,,,,,,,,,,,,,,,,,,,69.7931,69.4909,69.0418,70.4294,70.0056,70.2665,69.3291,70.6924,71.2565,72.3161,70.8977,73.5717,72.4447,71.0337,71.8231,73.8861,73.9938,73.2637,73.6192,72.8176,75.0564,73.459,75.175,75.8309,75.0378,76.0233,76.9774,75.9636,75.859,76.1958,75.9049,76.1368,77.3532,77.1181,,
MLI,Mali,CC.EST,Control of Corruption: Estimate,,,,,,,,,,,,,,,,,,,,,,,,,,,,,,,-0.6665,-0.8846,-0.717,-0.5822,-0.8401,-0.7039,-0.9284,-0.8625,-0.6089,-0.743,-0.4872,-0.654,-0.6422,-0.835,-0.7521,-0.7938,-0.8337,-0.6262,-0.6021,-0.658,-0.8052,-0.6662,-0.9354,-0.5471,-0.8616,-0.8403,-0.692,-0.6813,-0.7146,-0.8391,-0.5698,-0.9082,-0.8838,-0.7187,,
MLI,Mali,EN.ATM.PM25.MC.M3,"PM2.5 air pollution, mean annual exposure (micrograms per cubic meter)",,,,,,,,,,,,,,,,,,,,,,,,,,,,,,,77.6657,81.316,77.6347,81.6576,80.7947,81.0146,81.9127,79.1239,77.4026,78.6875,77.912,77.6183,78.8283,78.0545,77.3137,77.9939,79.1055,79.6367,75.7177,77.5872,77.75,76.1083,77.6225,77.944,78.4203,77.6778,76.1606,80.4201,78.5657,78.0711,78.6693,77.449,78.9315,77.0074,,
MLI,Mali,NY.GDP.MKTP.KD.ZG,GDP growth (annual %),,,,,,,,,,,,,,,,,,,,,,,,,,,,,,,1.2704,2.8541,5.2069,5.0461,2.7481,2.5575,3.0061,3.7301,4.5128,0.6745,4.5612,2.1235,2.8933,4.7209,3.1337,3.556,0.2925,5.0118,3.0052,1.5812,4.0187,7.7356,-1.6563,-0.7433,7.9793,2.3327,1.7432,0.9775,4.2871,7.7941,-0.397,1.0238,0.3892,3.0982,,
MLI,Mali,SL.UEM.TOTL.NE.ZS,"Unemployment, total (% of total labor force) (national estimate)",,,,,,,,,,,,,,,,,,,,,,,,,,,,,,,17.4934,17.6927,17.2655,18.1419,16.5948,16.4649,17.6169,16.9436,16.1942,16.7242,17.01,16.5591,16.3749,16.7784,16.3499,17.1998,15.9103,16.9274,17.1419,16.8369,17.4288,16.1969,16.5316,16.7172,17.2386,16.9914,17.9539,16.4793,16.1847,17.7767,16.1668,17.2237,16.3929,15.8475,,
MLT,Malta,EG.FEC.RNEW.ZS,Renewable energy consumption (% of total final energy consumption),,,,,,,,,,,,,,,,,,,,,,,,,,,,,,,39.3812,42.0798,37.9873,41.733,42.2565,38.3374,40.5753,44.3349,42.632,40.9578,42.4614,40.4103,44.1582,44.3073,42.4726,42.8422,40.5332,39.9767,42.0776,42.806,45.256,45.1256,43.8005,45.9619,41.8438,46.0355,42.4499,46.6602,44.3041,40.4842,46.0911,46.3999,44.0176,44.3383,,
MLT,Malta,EG.ELC.ACCS.ZS,Access to electricity (% of population),,,,,,,,,,,,,,,,,,,,,,,,,,,,,,,59.3738,58.2113,58.1096,61.2927,59.8421,62.2356,62.0977,62.5051,60.9811,60.4647,61.1319,61.8942,60.6028,62.371,62.84,62.2159,62.669,63.5749,64.2864,63.5387,64.7352,64.8609,65.0389,64.7298,64.4347,67.1085,66.5056,67.056,66.4345,66.6202,67.3939,65.7836,66.6097,67.1132,,
MLT,Malta,CC.EST,Control of Corruption: Estimate,,,,,,,,,,,,,,,,,,,,,,,,,,,,,,,-0.2411,-0.2922,-0.1467,-0.1768,-0.0195,0.1103,-0.3381,-0.1689,-0.1691,-0.1883,-0.3168,-0.2967,-0.1578,-0.3,-0.1675,-0.2161,-0.1696,-0.301,-0.1677,-0.2923,-0.1673,-0.0259,-0.1553,-0.148,-0.0885,-0.355,0.0197,-0.3133,-0.081,-0.097,-0.2949,-0.0655,-0.1269,0.0402,,
MLT,Malta,EN.ATM.PM25.MC.M3,"PM2.5 air pollution, mean annual exposure (micrograms per cubic meter)",,,,,,,,,,,,,,,,,,,,,,,,,,,,,,,30.9072,30.3743,29.685,27.7621,29.8198,29.8033,30.5302,27.9225,29.6186,30.7615,30.8304,26.9474,30.7167,29.2073,29.2196,25.8703,31.5775,29.5223,26.8799,29.6599,29.5338,30.7709,28.3926,28.7951,27.7329,29.514,27.3619,27.1176,28.2754,26.4583,30.6203,31.028,27.3767,25.8972,,
MLT,Malta,NY.GDP.MKTP.KD.ZG,GDP growth (annual %),,,,,,,,,,,,,,,,,,,,,,,,,,,,,,,3.7057,1.659,5.8009,0.8964,4.2255,3.1492,1.1736,3.4644,5.0606,3.0814,3.1075,0.6823,5.7248,5.4756,1.8378,2.5535,6.3998,0.0303,4.375,1.4677,7.3094,3.0229,6.0152,0.9609,-0.2571,2.2786,3.521,1.5874,4.76,2.3394,-2.3394,4.2463,0.6579,1.9602,,
MLT,Malta,SL.UEM.TOTL.NE.ZS,"Unemployment, total (% of total labor force) (national estimate)",,,,,,,,,,,,,,,,,,,,,,,,,,,,,,,12.3228,12.4327,11.2585,11.8351,11.2701,11.4028,11.2434,10.6841,11.5938,11.6903,11.2107,12.0901,11.3282,11.2276,11.8095,10.7749,11.9996,11.3452,12.0409,12.1903,11.8663,11.1403,10.9208,10.8292,12.0977,11.4788,11.2466,11.4802,12.0866,11.9356,11.7655,11.8652,11.6363,11.6973,,
MMR,Myanmar,EG.FEC.RNEW.ZS,Renewable energy consumption (% of total final energy consumption),,,,,,,,,,,,,,,,,,,,,,,,,,,,,,,24.0191,23.7269,25.3838,24.7496,22.4156,25.3848,24.9715,25.8498,24.5686,26.5505,24.9542,26.6748,24.4641,24.7525,26.8811,25.1635,30.3886,27.2599,26.3269,28.0668,25.6157,28.573,28.6675,29.5341,26.2954,24.8815,26.2567,27.0638,31.1114,32.317,28.7663,28.2458,27.6772,30.1764,,
MMR,Myanmar,EG.ELC.ACCS.ZS,Access to electricity (% of population),,,,,,,,,,,,,,,,,,,,,,,,,,,,,,,95.2232,95.151,94.8827,95.121,95.1382,94.6845,94.3831,95.2057,95.8102,94.5594,95.85,95.5616,97.2834,96.2826,97.2349,96.6623,98.7505,96.3617,98.353,97.2005,98.0649,98.8873,99.1766,99.4058,99.5937,99.2089,99.8411,100.0,100.0,100.0,100.0,100.0,100.0,100.0,,
MMR,Myanmar,CC.EST,Control of Corruption: Estimate,,,,,,,,,,,,,,,,,,,,,,,,,,,,,,,-0.7068,-0.5621,-0.4357,-0.5273,-0.6786,-0.4828,-0.6208,-0.4948,-0.6248,-0.5381,-0.6428,-0.6397,-0.7685,-0.5191,-0.5361,-0.5294,-0.5475,-0.672,-0.4646,-0.4614,-0.6751,-0.5167,-0.4755,-0.637,-0.6161,-0.5165,-0.7618,-0.7112,-0.6993,-0.7961,-0.4504,-0.8191,-0.5394,-0.4831,,
MMR,Myanmar,EN.ATM.PM25.MC.M3,"PM2.5 air pollution, mean annual exposure (micrograms per cubic meter)",,,,,,,,,,,,,,,,,,,,,,,,,,,,,,,50.7616,50.1194,51.3913,50.9647,52.3873,46.8592,49.3439,51.4844,50.6377,51.61,50.795,50.1199,49.7886,53.6496,52.3844,50.7453,50.0397,50.6492,51.0022,50.3102,48.4749,52.1988,49.8113,52.3829,49.5627,48.8335,51.1982,49.4938,49.1621,47.0814,49.7923,47.982,47.9703,47.8262,,
MMR,Myanmar,NY.GDP.MKTP.KD.ZG,GDP growth (annual %),,,,,,,,,,,,,,,,,,,,,,,,,,,,,,,4.6767,-0.2593,3.052,6.0298,0.465,4.0113,2.0006,2.5699,7.717,-0.5471,5.4932,2.3843,2.26,0.8002,5.4639,3.1006,2.785,3.8537,3.1534,-1.4226,2.3521,5.8177,-0.1874,0.8543,2.5121,1.7651,3.5094,0.8464,2.6095,3.4591,5.2015,6.6911,2.9253,8.2993,,
MMR,Myanmar,SL.UEM.TOTL.NE.ZS,"Unemployment, total (% of total labor force) (national estimate)",,,,,,,,,,,,,,,,,,,,,,,,,,,,,,,13.5201,14.0265,14.5778,13.6817,12.9253,13.6575,13.3062,13.4748,14.6045,13.0007,13.7623,13.1732,13.4582,13.9845,13.7711,13.4995,13.2871,13.7701,14.4659,13.1614,14.5679,14.2118,14.2967,13.7663,14.1976,13.1076,13.278,13.995,13.76,13.5379,12.3607,13.3943,13.025,13.8588,,
MNE,Montenegro,EG.FEC.RNEW.ZS,Renewable energy consumption (% of total final energy consumption),,,,,,,,,,,,,,,,,,,,,,,,,,,,,,,13.9695,13.2452,19.9377,16.8782,17.0636,19.5063,16.8562,13.8599,13.7761,17.6316,11.7331,15.8463,11.8096,16.4995,18.16,17.1607,18.6281,20.8315,16.7648,22.8171,17.7772,19.4002,16.4297,21.0405,20.0353,21.0447,18.3609,15.891,19.4726,15.3078,18.1795,19.384,23.9063,19.9389,,
MNE,Montenegro,EG.ELC.ACCS.ZS,Access to electricity (% of population),,,,,,,,,,,,,,,,,,,,,,,,,,,,,,,96.2007,96.2887,95.5154,96.9077,97.1714,96.5642,96.6397,97.4538,98.141,97.973,97.7484,99.0705,99.5202,99.4361,99.1387,100.0,99.9367,99.3878,100.0,100.0,100.0,100.0,100.0,100.0,100.0,100.0,100.0,100.0,100.0,100.0,100.0,100.0,100.0,100.0,,
MNE,Montenegro,CC.EST,Control of Corruption: Estimate,,,,,,,,,,,,,,,,,,,,,,,,,,,,,,,0.7387,0.6103,0.6954,0.6994,0.7909,0.4935,0.7488,0.6405,0.5932,0.5006,0.7113,0.5279,0.7007,0.8699,0.7561,0.8055,0.5523,0.7301,0.5012,0.6105,0.8475,0.5656,0.7719,0.7604,0.7675,0.4865,0.7016,0.6197,0.7692,0.4399,0.6827,0.6657,0.3997,0.5323,,
MNE,Montenegro,EN.ATM.PM25.MC.M3,"PM2.5 air pollution, mean annual exposure (micrograms per cubic meter)",,,,,,,,,,,,,,,,,,,,,,,,,,,,,,,30.7217,32.2974,34.1308,33.52,33.4011,31.5074,34.6677,32.8787,32.8775,34.1576,31.18,32.9298,33.1422,31.6086,33.3255,32.9827,32.0352,31.9088,32.8123,33.1297,31.9613,33.4673,32.6948,28.9443,29.4396,33.2403,31.0168,31.5532,32.9359,31.1374,31.1229,29.6839,31.462,31.7067,,
MNE,Montenegro,NY.GDP.MKTP.KD.ZG,GDP growth (annual %),,,,,,,,,,,,,,,,,,,,,,,,,,,,,,,-1.318,-2.1783,6.6924,-0.1055,-1.5825,1.8932,-0.0003,-2.5877,1.3344,-2.0061,4.0679,1.363,-0.5655,0.4001,2.3849,0.5916,5.432,2.9664,1.3457,-2.2157,-0.2405,1.3239,-1.9304,3.3603,-2.3087,-1.4663,-1.279,1.9863,-1.8856,-4.3732,2.8468,-0.9842,-2.5445,-1.7604,,
MNE,Montenegro,SL.UEM.TOTL.NE.ZS,"Unemployment, total (% of total labor force) (national estimate)",,,,,,,,,,,,,,,,,,,,,,,,,,,,,,,17.3568,16.1699,16.4367,16.275,15.8821,16.1271,15.8479,16.9764,16.5489,17.7398,16.144,16.069,17.2653,17.0274,16.6908,15.9416,17.3709,16.4624,16.2831,17.0699,16.4873,15.9156,16.5186,16.1078,14.9938,16.0576,16.2346,15.9206,16.7861,16.1097,16.7376,15.8818,16.953,15.8602,,
MNG,Mongolia,EG.FEC.RNEW.ZS,Renewable energy consumption (% of total final energy consumption),,,,,,,,,,,,,,,,,,,,,,,,,,,,,,,49.9228,57.2303,53.194,58.5697,56.335,56.9363,57.5968,55.8812,56.0539,58.5185,56.3285,54.7995,57.5773,52.3285,59.3449,59.5367,59.4022,59.4754,57.1375,57.2425,55.1465,61.2519,56.9358,58.7356,58.7139,55.675,55.0165,58.667,57.8983,58.7769,61.2367,59.7057,60.9229,60.4465,,
MNG,Mongolia,EG.ELC.ACCS.ZS,Access to electricity (% of population),,,,,,,,,,,,,,,,,,,,,,,,,,,,,,,69.4219,69.1235,70.3867,70.4921,71.4071,70.8043,70.9371,71.2414,70.94,73.0825,73.0867,71.4545,73.3181,71.449,73.9632,72.8679,73.9629,72.3814,73.216,74.7999,74.1142,74.253,76.2917,77.1937,76.4246,75.0515,77.5858,75.1758,76.4314,76.9688,78.7142,78.1551,77.304,77.169,,
MNG,Mongolia,CC.EST,Control of Corruption: Estimate,,,,,,,,,,,,,,,,,,,,,,,,,,,,,,,2.0897,1.9055,1.9955,1.8051,2.0378,2.0281,1.8205,2.0933,2.036,2.0583,1.924,1.9909,1.9771,1.9517,1.9899,2.1202,2.0985,1.8276,2.0877,2.1124,1.9513,2.0305,2.0287,1.8675,1.9236,2.0596,1.91,2.0865,2.1261,2.1067,2.207,1.9586,1.9907,2.0079,,
MNG,Mongolia,EN.ATM.PM25.MC.M3,"PM2.5 air pollution, mean annual exposure (micrograms per cubic meter)",,,,,,,,,,,,,,,,,,,,,,,,,,,,,,,71.9402,72.764,69.304,72.0981,69.6446,70.1868,72.6501,71.1721,72.4372,70.9796,72.8904,70.7921,68.1384,71.3289,67.6575,68.6517,69.4263,69.1592,69.7732,68.9477,68.3218,72.6635,69.2535,66.8446,69.5694,68.3437,68.6233,70.9363,69.1185,67.9819,70.3001,71.2757,70.2761,65.7104,,
MNG,Mongolia,NY.GDP.MKTP.KD.ZG,GDP growth (annual %),,,,,,,,,,,,,,,,,,,,,,,,,,,,,,,-2.6049,0.3012,-0.4282,-0.6357,-2.2744,-3.3314,5.202,0.2503,1.7878,0.1982,0.2984,0.0273,-2.6186,-3.6037,1.1481,0.6521,2.5282,2.0209,-1.8387,3.014,2.0951,1.9096,5.8059,5.2924,1.9073,1.5955,2.8867,-1.2773,-1.242,1.8661,-1.9587,1.6645,0.5746,-1.9579,,
MNG,Mongolia,SL.UEM.TOTL.NE.ZS,"Unemployment, total (% of total labor force) (national estimate)",,,,,,,,,,,,,,,,,,,,,,,,,,,,,,,8.3122,8.9518,8.3405,8.3425,8.4638,8.5289,8.1339,8.4744,7.7747,7.8997,7.9637,8.5342,8.3794,8.2321,8.6447,8.4887,8.1543,7.7817,7.8894,7.5659,8.3696,7.8682,8.0516,8.2355,8.8213,8.7637,8.2719,8.932,7.2931,9.2379,8.6455,8.3507,7.8536,8.0802,,
MNP,Northern Mariana Islands,EG.FEC.RNEW.ZS,Renewable energy consumption (% of total final energy consumption),,,,,,,,,,,,,,,,,,,,,,,,,,,,,,,26.0978,26.2933,26.5159,23.8721,23.6194,26.0195,27.3188,25.9355,29.0421,26.2954,26.3777,27.8703,29.1176,24.1306,24.7431,26.5026,33.597,26.9062,27.3356,28.9658,29.833,28.3687,30.5078,25.9412,26.947,30.9541,28.801,26.4042,26.4341,27.6072,29.3834,30.4639,29.021,30.5991,,
MNP,Northern Mariana Islands,EG.ELC.ACCS.ZS,Access to electricity (% of population),,,,,,,,,,,,,,,,,,,,,,,,,,,,,,,83.0069,84.5856,85.898,83.7924,84.7405,84.9252,84.9675,85.6291,85.7396,85.2297,86.9097,86.2678,86.0487,88.5611,86.7635,87.3105,87.4969,87.5026,88.2154,87.4305,88.8337,87.1998,87.8181,90.5671,88.3516,88.0385,88.8714,91.4986,88.923,89.8419,89.69,90.8872,91.0077,91.2219,,
MNP,Northern Mariana Islands,CC.EST,Control of Corruption: Estimate,,,,,,,,,,,,,,,,,,,,,,,,,,,,,,,-2.1096,-2.4762,-2.3446,-2.2917,-2.45,-2.2739,-2.3803,-2.2874,-2.3453,-2.5,-2.1756,-2.0839,-2.3535,-2.4401,-2.1516,-2.1055,-2.3526,-2.3586,-2.3419,-2.5,-2.3673,-2.1265,-2.3526,-2.4571,-2.2727,-2.4124,-2.3403,-2.4846,-2.4567,-2.2438,-2.3184,-2.4255,-2.318,-2.4052,,
MNP,Northern Mariana Islands,EN.ATM.PM25.MC.M3,"PM2.5 air pollution, mean annual exposure (micrograms per cubic meter)",,,,,,,,,,,,,,,,,,,,,,,,,,,,,,,52.265,55.1067,54.4549,53.1687,53.3371,53.028,53.6911,51.6814,54.0944,53.251,52.246,51.829,53.7423,52.1749,51.2723,51.6638,53.3144,49.6648,51.4675,53.5265,51.5883,52.1698,53.3108,52.9391,50.8605,51.245,52.7178,52.6898,51.0685,51.0403,51.4421,53.011,52.482,51.8407,,
MNP,Northern Mariana Islands,NY.GDP.MKTP.KD.ZG,GDP growth (annual %),,,,,,,,,,,,,,,,,,,,,,,,,,,,,,,0.2344,2.244,2.3753,6.4773,2.3339,6.0647,1.5043,1.7039,4.1347,6.8514,2.4016,-3.4759,-0.9794,3.676,-0.7559,0.7672,2.9619,-3.1924,1.9817,0.019,-0.8169,0.9256,0.258,4.1048,5.9224,2.02,1.4407,1.8956,0.1606,-0.2908,-1.1828,-0.3927,7.011,1.205,,
MNP,Northern Mariana Islands,SL.UEM.TOTL.NE.ZS,"Unemployment, total (% of total labor force) (national estimate)",,,,,,,,,,,,,,,,,,,,,,,,,,,,,,,16.4342,17.6115,17.1098,17.9348,17.8808,17.933,17.8847,17.7187,17.1771,17.8677,18.4145,18.8119,17.786,17.8402,18.1552,18.6516,17.6619,18.2513,17.4936,18.0699,18.3903,17.2596,17.6424,18.3824,18.2131,18.423,18.3292,17.7345,19.0046,17.9735,16.3772,17.7638,17.6704,18.3026,,
MOZ,Mozambique,EG.FEC.RNEW.ZS,Renewable energy consumption (% of total final energy consumption),,,,,,,,,,,,,,,,,,,,,,,,,,,,,,,31.4642,34.7145,33.7827,30.8164,32.6858,31.5655,33.6361,31.8536,33.7154,33.1719,33.5621,38.1184,33.4456,30.4477,36.4982,36.6325,30.8087,33.5147,35.9382,36.2649,35.3571,35.5522,33.7894,31.0168,40.0656,34.1792,36.6196,36.0988,38.3609,36.9463,37.1734,31.7479,35.4999,38.8058,,
MOZ,Mozambique,EG.ELC.ACCS.ZS,Access to electricity (% of population),,,,,,,,,,,,,,,,,,,,,,,,,,,,,,,88.9055,87.8704,87.6193,89.233,87.0563,88.7128,91.2899,91.2878,90.7715,90.8776,89.3216,90.5392,91.1456,91.0562,91.6015,93.1711,91.9483,92.359,93.4733,91.9961,92.7096,93.0415,93.9262,93.8558,94.1311,94.0998,94.0251,95.619,95.1115,96.1269,94.9924,95.5995,96.2048,96.5294,,
MOZ,Mozambique,CC.EST,Control of Corruption: Estimate,,,,,,,,,,,,,,,,,,,,,,,,,,,,,,,-1.8563,-1.9985,-1.8572,-1.9018,-1.9597,-2.061,-1.856,-2.058,-1.9494,-1.9533,-1.9717,-1.9936,-2.0455,-2.1409,-1.7784,-2.0058,-1.9622,-1.9629,-1.8154,-1.7149,-1.9277,-1.9657,-2.0817,-2.1201,-2.1597,-2.0423,-2.1977,-1.8174,-1.8961,-1.977,-1.8137,-2.0754,-2.0452,-2.1789,,
MOZ,Mozambique,EN.ATM.PM25.MC.M3,"PM2.5 air pollution, mean annual exposure (micrograms per cubic meter)",,,,,,,,,,,,,,,,,,,,,,,,,,,,,,,78.11,75.6529,76.812,78.2123,78.6847,76.5047,77.0448,75.0327,78.8335,75.9792,76.2689,75.4582,77.7873,76.2078,76.9698,76.2794,75.3378,76.9826,76.0264,73.987,73.8646,75.4917,76.5496,77.5676,72.3626,74.9869,75.6029,75.2319,76.2224,75.6117,73.0702,72.9463,74.8571,75.7942,,
MOZ,Mozambique,NY.GDP.MKTP.KD.ZG,GDP growth (annual %),,,,,,,,,,,,,,,,,,,,,,,,,,,,,,,0.4322,-3.8711,-2.5442,1.8025,-0.7979,0.3686,2.7372,-2.9318,-0.9619,-1.2335,0.9622,2.0059,-3.627,0.0599,2.247,-4.5633,-0.0873,-2.9658,-1.5302,-6.1889,3.5555,-0.8159,-1.9443,0.8944,-2.5321,-2.7694,3.8495,4.5954,-1.4065,2.7421,0.9638,-3.4609,-2.2466,3.9514,,
MOZ,Mozambique,SL.UEM.TOTL.NE.ZS,"Unemployment, total (% of total labor force) (national estimate)",,,,,,,,,,,,,,,,,,,,,,,,,,,,,,,9.0405,10.8944,9.4682,10.5443,9.6011,10.1538,10.4514,10.4489,9.4617,9.3252,9.7133,9.1036,9.8735,9.3435,10.2952,9.4688,8.8828,10.4543,9.8456,9.7685,10.3011,10.1897,9.373,9.529,9.1974,9.0217,10.0432,9.95,10.1343,10.3947,10.1411,10.1856,8.7149,9.6004,,
MRT,Mauritania,EG.FEC.RNEW.ZS,Renewable energy consumption (% of total final energy consumption),,,,,,,,,,,,,,,,,,,,,,,,,,,,,,,70.7128,66.5972,69.267,70.2726,70.2693,70.2712,70.8815,70.1951,67.0578,71.1475,70.8531,67.5341,73.3431,71.8013,68.1229,69.3992,70.0555,70.2041,72.0697,69.6809,74.0399,74.0252,73.3223,72.3221,74.2585,71.9817,71.2347,75.2138,73.6187,71.7655,72.4481,71.9608,77.628,73.7418,,
MRT,Mauritania,EG.ELC.ACCS.ZS,Access to electricity (% of population),,,,,,,,,,,,,,,,,,,,,,,,,,,,,,,44.8708,45.5716,44.2723,46.3719,45.2584,47.4586,45.9945,47.3247,44.7472,46.0545,47.0097,45.87,48.2253,48.245,47.452,48.4819,49.3898,47.3122,48.2258,49.2266,49.7636,49.9477,50.9561,50.8764,51.3019,49.8827,51.3605,51.2489,52.9143,52.1341,51.7094,53.1766,53.1953,52.3374,,
MRT,Mauritania,CC.EST,Control of Corruption: Estimate,,,,,,,,,,,,,,,,,,,,,,,,,,,,,,,-1.3956,-1.3935,-1.2064,-1.3294,-1.2665,-1.4129,-1.3136,-1.1973,-1.3971,-1.3399,-1.5173,-1.4456,-1.3939,-1.481,-1.1951,-1.4543,-1.2593,-1.3313,-1.35,-1.1754,-1.625,-1.3773,-1.4834,-1.5891,-1.4971,-1.3517,-1.4408,-1.2461,-1.3794,-1.3927,-1.3922,-1.3656,-1.404,-1.4559,,
MRT,Mauritania,EN.ATM.PM25.MC.M3,"PM2.5 air pollution, mean annual exposure (micrograms per cubic meter)",,,,,,,,,,,,,,,,,,,,,,,,,,,,,,,67.8752,65.3753,65.6562,66.7956,66.5496,64.6513,67.0439,66.638,66.0184,65.0245,64.9814,65.2088,63.5837,65.2926,66.6096,66.506,64.5402,66.6276,67.8103,64.3972,65.8287,61.3173,62.7442,64.6881,62.9614,67.4503,65.2083,65.6802,64.1079,62.5667,63.2133,64.293,62.8746,64.7583,,
MRT,Mauritania,NY.GDP.MKTP.KD.ZG,GDP growth (annual %),,,,,,,,,,,,,,,,,,,,,,,,,,,,,,,4.5187,2.7526,-1.8239,7.0271,2.2085,9.5134,4.3715,2.2153,3.8597,-2.308,5.3055,9.1575,-2.4829,2.0216,2.4768,4.9282,8.0051,3.6974,8.0946,3.1662,3.8687,3.5608,5.7909,1.6844,4.7859,-0.3368,2.0289,1.1483,2.9601,1.95,5.5705,0.5435,-1.5881,-0.653,,
MRT,Mauritania,SL.UEM.TOTL.NE.ZS,"Unemployment, total (% of total labor force) (national estimate)",,,,,,,,,,,,,,,,,,,,,,,,,,,,,,,14.3966,13.4147,14.0984,13.7521,14.3116,13.7841,15.2817,14.8486,13.7419,13.6734,15.4657,13.3601,13.872,13.9107,13.8983,13.0302,14.1478,13.4143,14.6175,13.1715,13.9292,12.7914,12.8223,13.4798,13.5504,14.6324,13.8792,14.5457,13.7096,14.2026,13.5368,13.5028,12.9891,14.0674,,
MUS,Mauritius,EG.FEC.RNEW.ZS,Renewable energy consumption (% of total final energy consumption),,,,,,,,,,,,,,,,,,,,,,,,,,,,,,,61.04,62.2205,61.2457,65.0183,61.4679,63.2495,60.7677,59.7489,63.1513,61.6876,63.68,62.8717,60.7298,64.6146,60.8735,64.0165,65.4791,62.2967,65.5279,64.1611,65.2198,61.9924,64.2445,61.1497,67.5385,60.2379,63.7064,62.7025,66.0653,68.7138,66.3257,71.0884,62.56,62.8635,,
MUS,Mauritius,EG.ELC.ACCS.ZS,Access to electricity (% of population),,,,,,,,,,,,,,,,,,,,,,,,,,,,,,,69.5626,70.6241,69.9556,70.4258,71.7735,70.5358,70.8705,71.7083,72.0335,73.3351,72.0566,72.4509,73.7424,74.1682,74.9201,74.4024,74.3814,74.9871,74.5632,74.8073,73.8578,76.2418,75.9463,76.6487,74.0244,76.4894,76.0924,78.2282,77.7685,77.7145,77.4315,78.3449,77.5345,78.4473,,
MUS,Mauritius,CC.EST,Control of Corruption: Estimate,,,,,,,,,,,,,,,,,,,,,,,,,,,,,,,-1.3104,-0.969,-1.0646,-1.1134,-1.4198,-1.1373,-1.2185,-1.0942,-1.2023,-1.2418,-1.213,-1.4577,-1.3331,-1.1962,-1.1043,-1.3071,-1.2459,-1.4331,-1.0659,-1.1074,-1.1628,-1.1922,-1.0547,-1.3376,-1.3506,-1.1136,-1.1217,-1.3842,-1.3048,-1.0383,-1.1916,-1.1465,-1.3801,-1.1622,,
MUS,Mauritius,EN.ATM.PM25.MC.M3,"PM2.5 air pollution, mean annual exposure (micrograms per cubic meter)",,,,,,,,,,,,,,,,,,,,,,,,,,,,,,,32.2548,31.3344,35.3144,36.2958,33.6835,33.1643,36.4704,33.532,33.6455,36.2051,33.0538,32.5231,34.6474,32.2764,33.0473,31.2054,33.3823,33.1263,34.3962,34.15,33.6114,33.2955,32.5143,33.4585,30.7957,28.8607,34.047,33.2354,31.9537,33.676,30.8869,30.8459,30.558,32.5956,,
MUS,Mauritius,NY.GDP.MKTP.KD.ZG,GDP growth (annual %),,,,,,,,,,,,,,,,,,,,,,,,,,,,,,,-3.6402,-1.6002,1.0415,-2.6932,-1.3336,-5.2117,1.8317,-1.4024,-2.431,-2.9204,-0.7283,-3.6332,5.1731,-5.6447,-0.8094,0.5845,-1.6213,0.8475,-1.6818,4.1424,-2.48,-5.5609,-2.9291,1.2834,0.0224,2.1975,1.5716,-1.2735,-0.9055,-0.6461,5.0281,2.0442,5.0464,2.4191,,
MUS,Mauritius,SL.UEM.TOTL.NE.ZS,"Unemployment, total (% of total labor force) (national estimate)",,,,,,,,,,,,,,,,,,,,,,,,,,,,,,,18.4119,17.934,18.5444,18.4132,18.3968,18.3391,17.4174,19.0741,18.4184,17.7365,18.6845,18.0157,18.7247,18.8845,18.9535,18.3632,18.2368,18.1309,18.0824,18.435,18.339,18.031,17.8718,18.3893,18.2266,17.873,18.8589,19.3297,18.925,18.0836,18.4185,19.2139,17.8568,18.835,,
MWI,Malawi,EG.FEC.RNEW.ZS,Renewable energy consumption (% of total final energy consumption),,,,,,,,,,,,,,,,,,,,,,,,,,,,,,,48.7752,55.1894,51.1107,56.5794,55.7275,52.2085,51.1325,53.1109,52.511,52.2182,49.8551,52.2922,51.2504,54.7246,55.7535,55.4027,54.7561,52.5155,54.7821,56.1069,53.4989,55.0593,54.6804,58.4461,56.9744,56.6397,52.138,56.067,55.5613,55.694,53.0445,54.1458,56.3353,58.8501,,
MWI,Malawi,EG.ELC.ACCS.ZS,Access to electricity (% of population),,,,,,,,,,,,,,,,,,,,,,,,,,,,,,,60.5829,60.9854,62.9802,61.5679,61.9523,62.2131,61.4789,63.2628,62.533,63.2813,63.9108,65.3594,63.0011,64.9973,65.2503,64.2948,65.5349,66.6201,64.9434,65.9985,66.3792,66.7327,67.1708,66.9384,67.4661,66.5762,67.6865,67.4243,67.0715,67.898,68.7709,69.154,68.0406,68.5552,,
MWI,Malawi,CC.EST,Control of Corruption: Estimate,,,,,,,,,,,,,,,,,,,,,,,,,,,,,,,-0.103,-0.129,-0.0835,-0.0258,-0.1254,-0.2397,-0.1762,0.0092,0.1418,-0.1344,-0.1257,-0.1029,-0.1871,-0.0503,-0.069,-0.1474,-0.2281,-0.3725,-0.1021,-0.1644,-0.2785,-0.3256,-0.1106,-0.3821,-0.154,-0.0887,-0.124,-0.2369,-0.3399,-0.1195,-0.0459,-0.2587,-0.1291,-0.0002,,
MWI,Malawi,EN.ATM.PM25.MC.M3,"PM2.5 air pollution, mean annual exposure (micrograms per cubic meter)",,,,,,,,,,,,,,,,,,,,,,,,,,,,,,,86.0274,84.8438,86.9204,84.1727,83.2518,86.3376,84.4298,84.4843,83.9387,84.0899,86.8236,87.1328,87.2516,86.1143,85.0985,82.1707,83.9578,87.3942,83.4257,86.2703,84.0016,79.8219,84.7198,85.5785,83.5256,85.3687,80.9373,81.2807,83.5864,83.9148,85.154,83.9975,81.1686,83.1987,,
MWI,Malawi,NY.GDP.MKTP.KD.ZG,GDP growth (annual %),,,,,,,,,,,,,,,,,,,,,,,,,,,,,,,1.6919,-4.4955,0.081,-0.6489,-1.4467,1.437,-2.6841,1.2323,1.5888,2.8995,-2.6185,-3.573,0.8873,-0.5256,7.4467,1.3363,0.3355,-0.242,-2.8551,1.5998,-0.0078,-0.0057,0.4262,0.7431,-4.1581,2.2826,-1.926,-0.155,3.4048,4.6387,-4.0612,0.2657,0.8724,-3.5787,,
MWI,Malawi,SL.UEM.TOTL.NE.ZS,"Unemployment, total (% of total labor force) (national estimate)",,,,,,,,,,,,,,,,,,,,,,,,,,,,,,,13.3672,13.024,13.063,12.5071,13.1724,13.385,13.0296,12.7089,12.7479,13.0761,12.9903,13.4183,12.7258,12.3567,13.1456,12.7271,13.3577,12.9697,13.2933,12.4587,13.0376,12.6163,12.3557,12.5354,12.6937,13.5883,12.6804,12.3301,13.0316,12.9805,12.7199,12.8853,13.454,13.3013,,
MYS,Malaysia,EG.FEC.RNEW.ZS,Renewable energy consumption (% of total final energy consumption),,,,,,,,,,,,,,,,,,,,,,,,,,,,,,,46.6396,43.2537,51.5442,48.0236,47.1052,43.8925,48.2666,45.5188,46.2826,43.4595,44.4881,47.9982,49.2836,48.7909,48.8727,47.5916,47.0577,48.5989,49.8139,48.3308,50.8916,48.191,46.8105,48.9004,49.283,49.057,51.9324,51.1317,46.8092,52.8898,44.4883,54.4231,49.6965,50.042,,
MYS,Malaysia,EG.ELC.ACCS.ZS,Access to electricity (% of population),,,,,,,,,,,,,,,,,,,,,,,,,,,,,,,74.6965,75.3027,75.2443,75.3878,76.7917,76.447,75.4775,77.0871,77.1638,76.5583,77.8782,77.3685,77.5672,77.7954,76.302,78.0732,79.3151,78.9766,78.2164,80.2662,79.5056,79.0173,82.0093,79.652,81.4481,80.3791,81.3532,80.7728,80.7531,82.4123,82.5688,83.4102,82.717,84.7708,,
MYS,Malaysia,CC.EST,Control of Corruption: Estimate,,,,,,,,,,,,,,,,,,,,,,,,,,,,,,,-2.3772,-2.3414,-2.5,-2.4831,-2.3471,-2.4196,-2.3869,-2.5,-2.3948,-2.3952,-2.5,-2.3323,-2.5,-2.3873,-2.1976,-2.3278,-2.3285,-2.5,-2.1972,-2.2442,-2.5,-2.4664,-2.2589,-2.1939,-2.5,-2.5,-2.4267,-2.5,-2.4072,-2.2672,-2.5,-2.3942,-2.4793,-2.2127,,
MYS,Malaysia,EN.ATM.PM25.MC.M3,"PM2.5 air pollution, mean annual exposure (micrograms per cubic meter)",,,,,,,,,,,,,,,,,,,,,,,,,,,,,,,78.2758,81.329,78.0743,80.0473,79.1885,78.5231,77.4647,79.0552,77.8297,77.3759,80.5396,79.0718,79.136,77.5031,77.7316,77.5577,78.3564,78.7332,77.6452,76.4216,78.6714,77.5006,75.2093,74.0876,77.6574,75.8863,77.6971,75.8071,77.0903,76.2429,79.3584,78.076,78.5915,76.5266,,
MYS,Malaysia,NY.GDP.MKTP.KD.ZG,GDP growth (annual %),,,,,,,,,,,,,,,,,,,,,,,,,,,,,,,5.7504,3.9237,7.3685,3.5131,0.2008,-1.302,7.8653,4.8908,5.0552,7.4187,-0.4348,2.798,3.1044,5.5502,1.9629,0.6911,0.6687,6.5681,1.8382,2.3145,5.2808,1.9472,-0.5678,-0.2597,3.5525,4.9379,3.1889,4.7706,-0.3376,-0.1687,9.3294,6.7765,5.617,2.0452,,
MYS,Malaysia,SL.UEM.TOTL.NE.ZS,"Unemployment, total (% of total labor force) (national estimate)",,,,,,,,,,,,,,,,,,,,,,,,,,,,,,,12.4883,12.6064,13.2644,12.8087,12.8702,12.5234,13.0036,12.7584,12.6293,12.2357,12.5505,12.0675,12.5872,12.6517,11.405,12.4921,12.0193,12.8566,12.9258,12.3941,12.8818,12.9028,12.4924,13.3744,12.2447,13.3429,12.4947,12.1856,12.4315,12.0576,12.9995,11.8059,13.3021,12.1393,,
NAM,Namibia,EG.FEC.RNEW.ZS,Renewable energy consumption (% of total final energy consumption),,,,,,,,,,,,,,,,,,,,,,,,,,,,,,,62.4054,60.9305,61.5737,60.002,62.0377,61.752,58.7162,59.8571,60.8502,60.5721,64.7377,62.3961,60.9747,61.7005,61.8231,62.406,60.9814,61.6542,64.9653,63.9528,63.4274,63.8873,63.9409,63.7638,65.3663,65.3684,61.4885,64.5189,61.9204,66.3532,66.7674,64.1605,65.2985,61.4592,,
NAM,Namibia,EG.ELC.ACCS.ZS,Access to electricity (% of population),,,,,,,,,,,,,,,,,,,,,,,,,,,,,,,95.7407,95.7802,96.3825,96.9017,94.9832,96.9229,97.6459,95.5168,96.8255,96.9217,98.1468,95.7973,99.4152,98.1224,99.1953,98.6643,99.3562,97.3553,99.1546,100.0,100.0,98.903,100.0,100.0,100.0,99.9959,100.0,100.0,100.0,100.0,100.0,100.0,100.0,100.0,,
NAM,Namibia,CC.EST,Control of Corruption: Estimate,,,,,,,,,,,,,,,,,,,,,,,,,,,,,,,0.9059,0.9729,1.0605,1.1994,1.1688,0.8423,0.9415,1.1922,0.9485,1.0294,0.8316,1.1746,0.8067,0.8391,1.1623,1.2666,1.0013,1.0306,1.1452,1.0709,0.9914,0.9779,0.8482,1.0641,1.0252,0.9837,0.916,0.9281,1.1104,1.142,0.9969,0.9843,0.9338,1.1486,,
NAM,Namibia,EN.ATM.PM25.MC.M3,"PM2.5 air pollution, mean annual exposure (micrograms per cubic meter)",,,,,,,,,,,,,,,,,,,,,,,,,,,,,,,18.0123,18.4377,18.3435,17.2643,15.8978,16.0716,19.1776,16.3173,16.7103,15.5442,15.3417,15.9321,19.5384,17.9129,16.0556,18.3901,16.4574,18.6373,19.8434,17.9881,16.5076,17.3348,16.2284,13.3718,15.0639,14.5384,14.8706,18.4963,17.409,16.3071,16.7843,12.6476,16.4981,16.7353,,
NAM,Namibia,NY.GDP.MKTP.KD.ZG,GDP growth (annual %),,,,,,,,,,,,,,,,,,,,,,,,,,,,,,,-3.5061,4.0064,-1.4669,-2.8317,5.4091,-0.4243,0.3034,4.5673,1.3302,1.6429,1.5881,2.9623,1.5275,2.3786,0.8344,2.9728,2.8779,6.838,1.1402,1.6329,2.6904,4.5044,-0.6357,2.3522,-4.1763,1.4145,4.7751,0.2779,2.5354,0.771,-0.0552,4.522,-0.5198,2.8257,,
NAM,Namibia,SL.UEM.TOTL.NE.ZS,"Unemployment, total (% of total labor force) (national estimate)",,,,,,,,,,,,,,,,,,,,,,,,,,,,,,,13.4683,12.8883,13.392,12.8467,13.5751,12.6567,13.1444,13.1878,13.8706,13.3842,13.7917,13.5915,13.5883,13.1482,13.8246,13.1361,12.4492,13.2068,13.5409,12.5108,12.8716,12.6989,13.7075,14.1506,13.2093,13.5799,13.5669,14.0911,12.9879,13.2042,13.1438,13.3518,14.5663,13.3296,,
NCL,New Caledonia,EG.FEC.RNEW.ZS,Renewable energy consumption (% of total final energy consumption),,,,,,,,,,,,,,,,,,,,,,,,,,,,,,,37.221,36.7715,41.7357,37.6619,40.8576,38.3211,37.2971,41.1909,38.869,41.1313,41.429,41.673,40.1942,42.2528,39.1854,36.2723,42.7442,41.8116,40.4103,38.8381,37.8573,42.1839,45.528,42.1033,41.8078,42.6317,47.1889,44.4843,41.2633,43.3367,44.0953,41.4678,45.2487,42.2448,,
NCL,New Caledonia,EG.ELC.ACCS.ZS,Access to electricity (% of population),,,,,,,,,,,,,,,,,,,,,,,,,,,,,,,81.6601,83.1798,83.3032,83.6181,83.2572,83.6188,85.2716,84.9717,84.1035,83.5583,84.6373,85.7447,85.3633,85.5512,85.8975,86.5607,87.4966,87.1185,87.4184,87.439,87.4694,88.8343,88.9628,90.2551,89.3573,88.7201,88.6452,90.3812,89.2169,90.7667,89.7609,90.8982,90.0211,91.7428,,
NCL,New Caledonia,CC.EST,Control of Corruption: Estimate,,,,,,,,,,,,,,,,,,,,,,,,,,,,,,,2.0238,2.2046,2.1481,2.1841,2.1243,2.1215,2.1904,2.0516,2.0509,2.1288,2.1241,2.0512,2.2827,2.1317,2.1446,2.0125,2.4204,2.4631,2.0782,2.319,2.1608,2.3643,2.2122,2.1838,1.8719,2.0664,2.1743,2.1957,2.0261,2.0844,2.2382,2.0058,2.1879,2.3204,,
NCL,New Caledonia,EN.ATM.PM25.MC.M3,"PM2.5 air pollution, mean annual exposure (micrograms per cubic meter)",,,,,,,,,,,,,,,,,,,,,,,,,,,,,,,84.2515,84.0966,80.4831,82.2005,86.4346,82.3746,85.09,82.1971,82.6166,83.7267,83.0244,83.3656,81.4857,80.9289,81.2245,81.6748,82.0494,83.8692,82.3643,82.8802,82.2857,80.3202,81.9392,82.0295,82.8932,80.0704,78.5327,81.7777,81.9641,81.0842,81.3154,82.5115,80.4251,80.6154,,
NCL,New Caledonia,NY.GDP.MKTP.KD.ZG,GDP growth (annual %),,,,,,,,,,,,,,,,,,,,,,,,,,,,,,,1.7264,-1.5208,1.149,1.3694,5.6214,0.7835,2.0288,3.8253,-0.5649,4.9681,5.9385,1.4565,0.1802,5.5966,3.5179,1.7337,5.0959,4.8313,0.6881,2.1506,2.9708,1.6006,-1.9484,-0.8169,-1.8669,2.7611,-1.4321,2.0098,6.1085,5.0982,-3.0648,-1.668,-0.4125,-1.3938,,
NCL,New Caledonia,SL.UEM.TOTL.NE.ZS,"Unemployment, total (% of total labor force) (national estimate)",,,,,,,,,,,,,,,,,,,,,,,,,,,,,,,4.0981,4.9196,5.2776,5.4021,4.6878,4.7891,5.1029,4.8708,5.3304,5.1402,4.7369,3.9967,5.6746,4.582,5.1038,3.9668,4.9194,4.9752,4.9993,6.4319,4.6095,5.3354,5.1867,4.5857,5.3279,4.8429,5.3627,5.9055,5.0004,4.7845,5.4508,5.6234,4.4834,4.6986,,
NER,Niger,EG.FEC.RNEW.ZS,Renewable energy consumption (% of total final energy consumption),,,,,,,,,,,,,,,,,,,,,,,,,,,,,,,85.1381,83.6732,82.1786,85.3187,85.7303,83.8685,84.81,83.6841,82.7968,84.1432,85.4352,82.4871,84.7393,85.913,88.2766,85.4121,83.6955,85.918,85.3542,87.7417,86.1115,81.5162,94.4705,87.522,87.5657,84.4545,84.7582,87.6534,88.6596,89.5415,88.7622,86.0654,83.5784,88.5369,,
NER,Niger,EG.ELC.ACCS.ZS,Access to electricity (% of population),,,,,,,,,,,,,,,,,,,,,,,,,,,,,,,89.1012,88.7683,90.6908,89.0179,91.022,89.6503,91.1356,92.0256,91.258,93.1303,93.5627,92.4681,92.9615,93.6269,93.4639,93.6282,93.1091,92.4285,92.9163,96.1843,94.7863,94.5818,96.039,94.6788,95.9949,95.8401,96.3964,96.0092,95.7566,96.1201,96.4013,97.276,96.2835,96.7804,,
NER,Niger,CC.EST,Control of Corruption: Estimate,,,,,,,,,,,,,,,,,,,,,,,,,,,,,,,-1.8604,-1.892,-1.8539,-1.8821,-1.5744,-1.8615,-1.9222,-1.8646,-1.7543,-1.8826,-1.7945,-1.8292,-1.9115,-1.8634,-1.6848,-1.8475,-1.995,-1.915,-2.1304,-1.8602,-1.7192,-2.0377,-1.8587,-1.7584,-1.7457,-1.7231,-2.1009,-1.8161,-2.0574,-1.9965,-1.7782,-1.8577,-1.7895,-1.9882,,
NER,Niger,EN.ATM.PM25.MC.M3,"PM2.5 air pollution, mean annual exposure (micrograms per cubic meter)",,,,,,,,,,,,,,,,,,,,,,,,,,,,,,,85.482,84.2241,84.4455,81.4113,84.7087,82.3973,81.8747,83.6498,83.5064,81.2813,85.556,85.1131,83.2191,82.8772,82.6462,79.7466,82.1608,82.0609,80.9675,81.2875,78.0996,79.9457,82.8943,84.0284,79.9365,81.5458,82.8391,80.3312,82.0459,80.9009,82.6572,78.8679,79.0547,81.0509,,
NER,Niger,NY.GDP.MKTP.KD.ZG,GDP growth (annual %),,,,,,,,,,,,,,,,,,,,,,,,,,,,,,,3.655,3.2737,4.8541,1.0879,-0.0091,2.1643,2.4438,2.7052,6.5871,5.3406,4.7476,3.9695,2.3291,1.2797,0.4216,1.6783,3.3072,0.5271,3.8383,2.9284,2.4213,6.3184,-2.737,2.4552,-2.4666,4.0109,5.32,0.0368,0.3569,-0.8312,3.5736,2.5626,2.7179,2.4946,,
NER,Niger,SL.UEM.TOTL.NE.ZS,"Unemployment, total (% of total labor force) (national estimate)",,,,,,,,,,,,,,,,,,,,,,,,,,,,,,,11.3334,12.3862,11.9564,11.2279,11.47,11.3842,12.5232,12.1759,11.757,12.6739,12.5463,11.7049,11.615,11.6391,11.3439,12.6872,11.317,12.2544,12.1655,11.6678,12.7253,11.0407,11.7804,11.5757,12.3005,11.997,10.9566,12.44,12.063,11.3025,11.6454,11.1703,11.7348,11.8953,,
NGA,Nigeria,EG.FEC.RNEW.ZS,Renewable energy consumption (% of total final energy consumption),,,,,,,,,,,,,,,,,,,,,,,,,,,,,,,51.6327,51.5511,49.3766,53.4265,49.0531,53.1142,49.6037,53.453,53.4898,54.4587,55.5266,56.0472,50.8819,54.1356,58.4239,54.7902,53.0393,54.6926,54.2347,52.7991,57.0402,56.6207,52.933,55.5655,54.7691,52.8488,53.3724,53.8201,56.3852,55.7361,54.8837,56.1683,58.5971,57.9654,,
NGA,Nigeria,EG.ELC.ACCS.ZS,Access to electricity (% of population),,,,,,,,,,,,,,,,,,,,,,,,,,,,,,,61.7367,61.0025,62.7172,61.9636,61.544,62.2595,61.4367,62.4402,63.2792,63.6745,63.107,65.8723,63.7974,62.8425,65.4058,65.1709,65.1205,64.8132,65.7499,66.9804,66.0965,65.0091,63.6725,66.9928,66.1464,67.1054,66.7879,66.9804,67.323,67.6453,69.0562,69.1441,67.9688,68.3278,,
NGA,Nigeria,CC.EST,Control of Corruption: Estimate,,,,,,,,,,,,,,,,,,,,,,,,,,,,,,,-2.1807,-2.0999,-2.1017,-2.3465,-2.1075,-2.4393,-2.2505,-2.1677,-2.4756,-1.975,-2.067,-2.1486,-2.342,-2.2344,-2.1313,-2.3609,-2.2478,-2.1169,-2.4055,-2.1863,-2.4368,-2.3395,-2.2867,-2.1646,-2.3103,-2.2111,-2.3087,-2.2899,-2.0761,-2.3642,-2.1351,-2.2263,-2.2953,-2.3723,,
NGA,Nigeria,EN.ATM.PM25.MC.M3,"PM2.5 air pollution, mean annual exposure (micrograms per cubic meter)",,,,,,,,,,,,,,,,,,,,,,,,,,,,,,,31.7724,32.3038,33.1067,34.157,32.7214,32.7418,32.8858,33.6469,33.819,30.6913,32.2687,34.4529,30.5576,32.5632,32.1155,31.4418,34.5979,32.187,34.3185,31.9802,32.5821,30.9459,30.8826,32.2658,32.2133,32.3887,31.9768,29.3271,30.0422,32.4467,28.1541,31.4507,30.7639,32.1261,,
NGA,Nigeria,NY.GDP.MKTP.KD.ZG,GDP growth (annual %),,,,,,,,,,,,,,,,,,,,,,,,,,,,,,,4.1544,1.4529,1.3395,1.8059,4.563,-2.6427,3.5063,0.9053,3.5899,3.9741,-1.043,2.5457,3.5018,3.3327,2.8073,0.0606,0.4413,-0.3323,4.498,2.8239,2.9835,-1.1509,3.0288,4.6969,-1.4918,1.7743,-0.813,2.0621,0.8604,4.0651,3.5359,6.3416,2.9776,3.9591,,
NGA,Nigeria,SL.UEM.TOTL.NE.ZS,"Unemployment, total (% of total labor force) (national estimate)",,,,,,,,,,,,,,,,,,,,,,,,,,,,,,,2.7999,2.5272,3.4961,3.7004,3.4316,3.1444,2.5917,3.6496,3.3685,4.0912,2.5015,3.51,3.3533,2.9077,3.7607,3.2799,2.6103,3.0196,2.6043,2.8445,3.4307,3.5734,3.1894,2.7037,3.2695,3.4404,2.0927,3.137,2.9836,3.5556,3.2716,3.3209,2.8378,3.0796,,
NIC,Nicaragua,EG.FEC.RNEW.ZS,Renewable energy consumption (% of total final energy consumption),,,,,,,,,,,,,,,,,,,,,,,,,,,,,,,33.5673,31.7002,32.3293,29.058,32.1429,28.4059,31.5476,32.857,34.414,31.0316,33.9273,36.2669,32.1984,30.5358,34.3596,31.5459,32.4419,36.0766,38.1337,32.5286,33.2051,33.9502,33.8843,38.9965,34.2188,34.6544,38.8123,36.8833,37.8517,34.2177,35.1196,34.2505,38.0825,39.0804,,
NIC,Nicaragua,EG.ELC.ACCS.ZS,Access to electricity (% of population),,,,,,,,,,,,,,,,,,,,,,,,,,,,,,,60.4011,60.8396,61.1246,60.3932,61.3419,62.7496,61.6806,62.7054,61.8345,63.0158,62.9303,62.6536,64.5133,64.8083,63.6053,64.458,64.9164,63.6792,64.2633,66.66,65.0289,67.1375,65.3046,67.158,66.6319,66.9944,68.8657,66.6276,68.3568,68.5738,71.0646,67.7693,68.3802,69.7837,,
NIC,Nicaragua,CC.EST,Control of Corruption: Estimate,,,,,,,,,,,,,,,,,,,,,,,,,,,,,,,0.1629,0.1314,0.3019,0.155,0.08,0.2741,0.232,0.1494,0.1437,0.0772,0.274,0.1438,0.0946,0.0327,0.234,0.1259,-0.0545,0.0426,0.1589,0.1623,0.1578,0.141,0.0099,0.082,0.329,0.3113,0.2563,0.2457,0.2955,0.0525,0.1909,0.0525,0.0546,0.2311,,
NIC,Nicaragua,EN.ATM.PM25.MC.M3,"PM2.5 air pollution, mean annual exposure (micrograms per cubic meter)",,,,,,,,,,,,,,,,,,,,,,,,,,,,,,,84.6079,82.817,85.5012,83.2654,81.7025,81.1576,84.2349,82.8204,83.5618,78.4808,82.7547,81.5401,80.1371,82.0537,83.7054,85.3871,82.271,80.764,80.5935,83.1124,80.0924,82.4414,81.8682,81.6224,78.9155,80.6523,78.9205,80.1454,82.3234,82.7143,81.1087,79.8522,83.0099,79.6723,,
NIC,Nicaragua,NY.GDP.MKTP.KD.ZG,GDP growth (annual %),,,,,,,,,,,,,,,,,,,,,,,,,,,,,,,-1.7807,2.7998,2.2029,-0.2979,1.3091,2.164,1.5678,2.2059,-0.2057,2.3742,1.1025,-0.121,0.4438,0.8138,-2.5549,-0.5331,1.2208,-2.3189,-0.4913,7.0202,-1.7646,0.099,-1.0257,0.7664,-0.9787,0.4504,-0.7378,3.6964,1.2626,-1.4489,3.1605,-1.3371,-2.8516,1.051,,
NIC,Nicaragua,SL.UEM.TOTL.NE.ZS,"Unemployment, total (% of total labor force) (national estimate)",,,,,,,,,,,,,,,,,,,,,,,,,,,,,,,9.8518,7.9844,8.2327,9.2745,8.577,9.2042,8.4795,8.9692,9.7704,8.3009,9.4101,9.2381,8.1536,9.1777,8.9346,8.9438,9.0665,8.723,8.9333,9.0189,9.2712,8.1346,9.5436,8.3206,9.279,8.9379,8.2576,9.1623,8.4255,9.4326,8.5428,8.1507,9.6651,8.9889,,
NLD,Netherlands,EG.FEC.RNEW.ZS,Renewable energy consumption (% of total final energy consumption),,,,,,,,,,,,,,,,,,,,,,,,,,,,,,,65.7345,62.4472,60.5165,67.8005,64.5872,65.7328,66.2133,64.3793,65.6526,68.538,65.4352,67.5343,61.8176,68.1976,63.0561,68.2689,67.1814,66.3583,66.5009,66.3446,65.3588,66.7381,71.7162,70.0547,65.8581,68.2855,68.0921,67.7655,66.1945,69.2419,70.1922,66.9823,72.7112,71.9941,,
NLD,Netherlands,EG.ELC.ACCS.ZS,Access to electricity (% of population),,,,,,,,,,,,,,,,,,,,,,,,,,,,,,,64.8327,63.6588,65.2153,65.3697,65.8047,66.9165,65.7534,67.7824,66.7194,66.4118,68.8137,67.8081,67.0304,67.7115,68.4024,68.0235,68.5013,67.9904,67.546,69.2293,69.5062,70.0659,69.4332,69.0717,69.6219,71.4887,70.3609,70.7905,71.1442,71.1487,71.3396,71.4473,73.5147,73.1882,,
NLD,Netherlands,CC.EST,Control of Corruption: Estimate,,,,,,,,,,,,,,,,,,,,,,,,,,,,,,,-1.2272,-1.2031,-1.659,-1.3358,-1.4473,-1.243,-1.466,-1.5035,-1.5491,-1.4133,-1.2672,-1.3462,-1.5213,-1.1187,-1.299,-1.2837,-1.2228,-1.5738,-1.4863,-1.2782,-1.4743,-1.41,-1.3863,-1.5303,-1.4203,-1.2672,-1.2894,-1.2434,-1.2558,-1.3283,-1.3378,-1.3466,-1.4522,-1.5006,,
NLD,Netherlands,EN.ATM.PM25.MC.M3,"PM2.5 air pollution, mean annual exposure (micrograms per cubic meter)",,,,,,,,,,,,,,,,,,,,,,,,,,,,,,,42.423,42.8883,42.3136,43.8381,43.4402,43.5213,43.5045,44.6909,42.8045,44.2499,43.4322,44.2718,44.9193,43.2823,42.493,42.4033,41.4721,41.3417,43.3705,40.4919,44.2795,41.5498,45.9905,40.5777,41.9126,40.9296,40.1877,42.8931,39.559,40.1232,41.9368,42.0948,38.8095,41.6899,,
NLD,Netherlands,NY.GDP.MKTP.KD.ZG,GDP growth (annual %),,,,,,,,,,,,,,,,,,,,,,,,,,,,,,,0.4561,-2.1605,-1.8383,-4.9498,4.4275,2.6724,-3.089,2.1311,-1.3012,2.4209,-1.1063,-0.7745,-0.587,-1.5095,3.632,2.3802,0.4087,2.6953,-3.9338,-2.9373,1.3202,1.9727,0.8324,-4.5729,-2.522,1.1753,6.2,3.1786,4.0771,0.9832,0.9651,-2.4499,2.5134,-0.0491,,
NLD,Netherlands,SL.UEM.TOTL.NE.ZS,"Unemployment, total (% of total labor force) (national estimate)",,,,,,,,,,,,,,,,,,,,,,,,,,,,,,,6.3449,6.0139,6.1381,5.9547,6.1109,6.4986,5.3655,5.2521,6.2115,6.7189,6.845,5.3864,5.7971,5.259,5.7233,6.56,5.9921,5.8116,6.2711,5.6011,6.7951,6.0022,5.7977,6.292,6.4682,6.7966,5.8936,6.5416,6.0492,5.6929,5.6102,5.4501,5.6277,6.5564,,
NOR,Norway,EG.FEC.RNEW.ZS,Renewable energy consumption (% of total final energy consumption),,,,,,,,,,,,,,,,,,,,,,,,,,,,,,,46.2828,42.537,41.6766,43.0948,43.9159,45.0129,48.1151,44.824,49.4304,42.859,45.6722,48.0905,48.3638,46.148,48.9729,48.7438,45.9052,48.0493,48.9766,46.4984,51.2581,46.3487,48.4576,45.8199,48.6761,46.4853,48.1812,45.7462,50.669,49.932,51.5442,48.8238,51.9371,49.898,,
NOR,Norway,EG.ELC.ACCS.ZS,Access to electricity (% of population),,,,,,,,,,,,,,,,,,,,,,,,,,,,,,,62.3207,64.1714,62.3424,63.9621,63.6139,63.0226,62.6776,63.1537,65.1347,65.8677,64.8033,65.0953,65.8513,65.5388,66.6099,66.2135,66.3386,65.9208,65.9739,64.4529,68.2174,67.3629,67.4098,66.4188,67.7181,67.8628,68.0943,69.2464,69.328,68.3911,68.6919,68.9404,71.6786,71.6743,,
NOR,Norway,CC.EST,Control of Corruption: Estimate,,,,,,,,,,,,,,,,,,,,,,,,,,,,,,,1.972,1.837,2.0896,2.0799,2.1123,2.1632,2.1284,1.9403,2.1095,2.1767,1.9873,2.1102,2.0079,2.3138,1.915,2.2129,1.8737,2.2894,1.9372,2.097,1.8787,1.9122,2.182,2.1976,2.103,2.1632,2.1996,1.9921,1.9064,2.0726,2.005,2.1209,2.14,1.9924,,
NOR,Norway,EN.ATM.PM25.MC.M3,"PM2.5 air pollution, mean annual exposure (micrograms per cubic meter)",,,,,,,,,,,,,,,,,,,,,,,,,,,,,,,36.8596,36.7047,36.7285,34.9518,36.6534,36.1835,36.2838,37.7602,35.6551,34.173,33.3378,36.6154,35.3794,37.2685,31.6392,35.9695,34.1318,33.9132,33.2163,35.6328,35.1238,32.4099,34.2909,35.0227,34.1505,35.4652,33.2884,30.2619,33.8436,33.7544,33.8703,34.984,30.3148,32.8058,,
NOR,Norway,NY.GDP.MKTP.KD.ZG,GDP growth (annual %),,,,,,,,,,,,,,,,,,,,,,,,,,,,,,,-0.194,-0.9074,1.9319,3.8672,2.865,0.3938,1.749,4.4374,3.8205,0.7307,0.5689,-2.1786,1.0391,-2.2268,7.2803,-0.0251,4.8851,6.6579,2.6532,1.8626,-1.1933,0.8511,6.1226,2.9908,2.1835,5.393,3.8534,1.743,2.6533,0.1925,0.71,1.5969,3.5063,-1.0058,,
NOR,Norway,SL.UEM.TOTL.NE.ZS,"Unemployment, total (% of total labor force) (national estimate)",,,,,,,,,,,,,,,,,,,,,,,,,,,,,,,13.7866,13.5536,13.298,13.5562,12.5878,13.3697,13.1987,13.6085,12.6086,13.8439,14.2032,13.6898,13.9979,13.4921,12.9712,13.7493,14.0887,13.0863,13.5159,13.6249,15.1742,13.8602,12.7957,12.6721,14.1137,14.991,13.608,13.5781,13.9639,13.3493,12.4764,14.2671,13.4419,14.2736,,
NPL,Nepal,EG.FEC.RNEW.ZS,Renewable energy consumption (% of total final energy consumption),,,,,,,,,,,,,,,,,,,,,,,,,,,,,,,4.5256,6.4411,8.0572,8.6383,7.1135,7.164,8.187,8.0259,4.6652,4.8534,3.3294,9.2306,7.0561,9.638,8.955,6.2927,8.2071,7.6879,7.5291,10.7281,14.069,11.43,9.2936,12.0166,13.0734,7.0128,12.3973,11.6369,12.6238,12.0241,10.0921,14.7633,11.5268,10.1289,,
NPL,Nepal,EG.ELC.ACCS.ZS,Access to electricity (% of population),,,,,,,,,,,,,,,,,,,,,,,,,,,,,,,78.5347,79.1578,78.7057,79.1944,79.2006,78.8519,78.9725,78.7577,81.3443,80.2012,77.8879,81.1972,81.4306,79.8867,80.964,81.1789,81.5361,83.3501,82.5108,82.5381,84.0278,83.7762,82.2371,83.3866,84.3875,83.6328,86.2536,84.9702,84.5272,84.4816,86.372,85.3616,86.4339,85.4587,,
NPL,Nepal,CC.EST,Control of Corruption: Estimate,,,,,,,,,,,,,,,,,,,,,,,,,,,,,,,-1.6014,-1.6861,-1.6477,-1.7054,-1.4867,-1.6687,-1.627,-1.6212,-1.4163,-1.503,-1.5149,-1.7992,-1.6886,-1.4672,-1.7503,-1.5997,-1.7377,-1.7256,-1.4081,-1.5235,-1.4918,-1.5158,-1.6265,-1.6928,-1.6581,-1.6328,-1.3967,-1.7702,-1.6763,-1.7194,-1.483,-1.3874,-1.5728,-1.5629,,
NPL,Nepal,EN.ATM.PM25.MC.M3,"PM2.5 air pollution, mean annual exposure (micrograms per cubic meter)",,,,,,,,,,,,,,,,,,,,,,,,,,,,,,,86.828,87.2672,87.6907,87.0894,87.1192,87.4541,83.5436,86.134,86.5088,86.5952,85.6346,86.0521,84.6511,82.9887,87.0457,83.7894,85.1703,84.2073,87.6315,85.0515,84.6253,86.1328,88.1657,85.4595,84.2048,85.7359,82.252,84.6006,87.4419,84.6076,84.4526,84.2419,83.5378,84.5227,,
NPL,Nepal,NY.GDP.MKTP.KD.ZG,GDP growth (annual %),,,,,,,,,,,,,,,,,,,,,,,,,,,,,,,2.1072,-0.6606,-6.0579,1.333,5.5018,-0.7717,-3.5089,1.8625,4.5286,1.4924,4.4807,2.1532,1.9361,-1.126,0.8825,0.0953,0.0096,-0.4657,0.733,-3.0719,2.1983,-2.0254,-0.4567,0.9954,-2.1492,-4.7472,-0.7886,-3.4088,1.9498,-2.7148,3.8819,0.1545,0.3169,-4.7826,,
NPL,Nepal,SL.UEM.TOTL.NE.ZS,"Unemployment, total (% of total labor force) (national estimate)",,,,,,,,,,,,,,,,,,,,,,,,,,,,,,,10.121,10.0085,9.3991,10.0922,9.8496,9.9402,10.0616,9.8129,10.1718,10.0053,10.285,9.7843,9.5162,9.6942,10.7699,10.5266,10.6553,10.69,9.8155,10.1965,10.0865,10.3784,9.904,10.0951,10.0847,10.3147,10.3765,10.0954,10.1106,10.1616,10.8719,9.1836,9.5638,10.3854,,
NRU,Nauru,EG.FEC.RNEW.ZS,Renewable energy consumption (% of total final energy consumption),,,,,,,,,,,,,,,,,,,,,,,,,,,,,,,12.3675,12.5035,13.463,12.706,11.3094,13.8356,12.7697,11.9828,14.4087,14.48,13.7575,16.9122,16.2816,15.7817,19.0607,13.785,13.2984,16.0987,14.0227,14.7018,12.8561,16.1913,12.186,15.0851,15.3973,14.7059,12.2135,12.3487,14.5356,17.2561,16.9058,16.4451,14.8588,17.4602,,
NRU,Nauru,EG.ELC.ACCS.ZS,Access to electricity (% of population),,,,,,,,,,,,,,,,,,,,,,,,,,,,,,,98.3576,98.1296,100.0,100.0,100.0,100.0,100.0,100.0,100.0,100.0,100.0,100.0,100.0,100.0,100.0,100.0,100.0,100.0,100.0,100.0,100.0,100.0,100.0,100.0,100.0,100.0,100.0,100.0,100.0,100.0,100.0,100.0,100.0,100.0,,
NRU,Nauru,CC.EST,Control of Corruption: Estimate,,,,,,,,,,,,,,,,,,,,,,,,,,,,,,,0.0933,-0.0162,-0.1178,-0.2097,0.099,0.0892,0.0402,-0.0485,-0.1226,0.0046,-0.1469,-0.0792,0.1623,-0.2111,0.0923,0.1903,0.1089,0.0588,-0.0447,-0.0665,-0.2588,0.0154,-0.0373,-0.0728,0.0086,0.0185,-0.0653,0.2045,0.0986,0.1185,-0.0014,0.0723,-0.0965,0.0909,,
NRU,Nauru,EN.ATM.PM25.MC.M3,"PM2.5 air pollution, mean annual exposure (micrograms per cubic meter)",,,,,,,,,,,,,,,,,,,,,,,,,,,,,,,55.3011,53.9948,55.4136,54.9296,58.7723,55.8608,57.4973,56.7447,55.0244,54.2221,52.1974,53.4213,55.6419,54.1145,55.0515,51.3623,55.008,55.8924,51.5041,54.6451,56.023,56.4479,53.0925,54.9376,55.8324,54.2098,55.4553,53.3939,53.9592,52.3553,52.9608,53.7783,52.0028,52.6323,,
NRU,Nauru,NY.GDP.MKTP.KD.ZG,GDP growth (annual %),,,,,,,,,,,,,,,,,,,,,,,,,,,,,,,1.704,4.9332,-5.3218,4.7433,-0.8478,2.2141,2.7046,3.7131,-2.0181,-0.7613,-0.3321,-1.0917,3.0987,-0.3902,-4.2445,-1.7807,-4.1442,-0.769,1.4832,-1.8343,-1.2057,-0.8851,0.1537,1.0921,1.82,5.4406,0.1106,1.6413,-4.167,-1.1461,-0.8742,-2.7414,-1.5381,-0.4669,,
NRU,Nauru,SL.UEM.TOTL.NE.ZS,"Unemployment, total (% of total labor force) (national estimate)",,,,,,,,,,,,,,,,,,,,,,,,,,,,,,,15.497,17.0502,16.0055,16.7498,16.4957,15.4297,15.7681,15.5319,15.6684,15.2611,15.5286,15.9291,15.9159,15.876,15.7195,16.1797,15.6208,16.4451,14.8255,16.0777,15.9935,15.412,15.5717,15.9817,16.2073,14.8746,16.0635,15.5205,16.312,14.8297,16.972,15.3063,16.4643,15.7147,,
NZL,New Zealand,EG.FEC.RNEW.ZS,Renewable energy consumption (% of total final energy consumption),,,,,,,,,,,,,,,,,,,,,,,,,,,,,,,20.1551,22.4727,24.1507,19.137,23.7956,22.5181,23.8465,22.8644,21.8487,20.9162,24.6377,24.777,24.917,24.5976,25.7818,26.8546,20.4396,19.6589,27.9283,21.9604,22.62,24.3672,21.7845,24.4793,23.4962,25.0758,26.2521,25.1554,25.2044,26.6584,28.381,29.6484,26.1554,30.3922,,
NZL,New Zealand,EG.ELC.ACCS.ZS,Access to electricity (% of population),,,,,,,,,,,,,,,,,,,,,,,,,,,,,,,94.0749,92.6379,92.8646,93.6617,95.5292,94.2224,93.3596,94.9404,93.7891,94.7795,95.4039,96.2433,97.1929,97.1788,95.9301,96.8262,97.4346,97.4138,97.6581,96.7453,97.4513,98.3012,96.3989,99.636,98.2754,100.0,100.0,99.6886,100.0,100.0,100.0,100.0,100.0,100.0,,
NZL,New Zealand,CC.EST,Control of Corruption: Estimate,,,,,,,,,,,,,,,,,,,,,,,,,,,,,,,-1.3489,-1.761,-1.4625,-1.6636,-1.4774,-1.3886,-1.2656,-1.5869,-1.5374,-1.4858,-1.5912,-1.3569,-1.4827,-1.4597,-1.3999,-1.4829,-1.5724,-1.4819,-1.577,-1.4613,-1.3547,-1.6153,-1.6582,-1.4684,-1.5664,-1.4705,-1.4359,-1.7315,-1.3915,-1.6147,-1.477,-1.5534,-1.5405,-1.271,,
NZL,New Zealand,EN.ATM.PM25.MC.M3,"PM2.5 air pollution, mean annual exposure (micrograms per cubic meter)",,,,,,,,,,,,,,,,,,,,,,,,,,,,,,,21.6874,22.4855,21.2749,21.8985,21.5145,21.1901,22.3892,20.8832,23.9962,21.9293,18.6991,20.0636,20.8441,20.2352,21.1188,21.204,17.8891,21.7701,19.0232,18.7946,18.7098,20.7413,19.0479,18.3731,18.6525,16.5164,17.8652,17.1891,18.5647,19.8847,19.6393,20.6136,20.1994,17.7756,,
NZL,New Zealand,NY.GDP.MKTP.KD.ZG,GDP growth (annual %),,,,,,,,,,,,,,,,,,,,,,,,,,,,,,,-0.2878,-0.4169,-5.7132,-3.3787,-0.7537,-0.7678,0.9453,0.8236,-4.7623,0.961,0.1109,1.2229,2.3316,-0.6927,2.7784,-2.559,-2.6999,0.7364,-1.2574,0.3186,4.6469,0.6482,0.1949,-2.5086,-4.5855,-0.5169,2.3316,-1.1429,0.6681,3.2307,3.1683,0.7365,0.0897,-4.1321,,
NZL,New Zealand,SL.UEM.TOTL.NE.ZS,"Unemployment, total (% of total labor force) (national estimate)",,,,,,,,,,,,,,,,,,,,,,,,,,,,,,,10.71,10.8848,10.599,11.1494,11.981,11.784,11.1471,11.4149,10.6608,11.7572,10.2442,11.4816,11.2729,10.6472,10.9207,10.458,10.4793,10.2296,11.4089,11.6278,9.9442,11.9443,11.0191,11.1701,10.2889,11.6856,11.1253,11.5946,11.6356,11.6926,10.701,10.9212,10.7193,11.4727,,
OMN,Oman,EG.FEC.RNEW.ZS,Renewable energy consumption (% of total final energy consumption),,,,,,,,,,,,,,,,,,,,,,,,,,,,,,,50.8531,52.4756,52.7128,47.1828,53.4888,52.839,50.3488,51.9369,51.14,52.7694,50.9445,52.7951,52.1219,51.2729,52.6676,57.8502,51.2162,52.2374,51.5511,51.9109,54.8188,54.7691,53.4756,55.6899,55.3742,53.6126,51.0196,55.8969,54.7266,54.5817,53.7552,56.3266,55.6843,54.6636,,
OMN,Oman,EG.ELC.ACCS.ZS,Access to electricity (% of population),,,,,,,,,,,,,,,,,,,,,,,,,,,,,,,38.2907,40.3754,40.255,40.2254,38.1456,40.4907,40.5781,40.5263,41.8744,42.0929,42.1205,42.8514,41.4532,42.1581,42.8309,42.5235,43.8528,43.1033,44.8098,43.2761,45.9766,46.1445,44.6953,45.938,44.9507,46.3317,45.6303,44.9927,43.4448,46.3061,46.9943,48.0853,47.3004,48.3234,,
OMN,Oman,CC.EST,Control of Corruption: Estimate,,,,,,,,,,,,,,,,,,,,,,,,,,,,,,,1.3232,1.3372,1.5041,1.0819,1.3792,1.3296,1.5409,1.3142,1.4396,1.4882,1.1985,1.3609,1.3258,1.4912,1.4586,1.3497,1.2519,1.5022,1.3695,1.1834,1.1938,1.4302,1.2245,1.6008,1.2652,1.3776,1.3967,1.2901,1.1089,1.4005,1.2872,1.3916,1.363,1.4092,,
OMN,Oman,EN.ATM.PM25.MC.M3,"PM2.5 air pollution, mean annual exposure (micrograms per cubic meter)",,,,,,,,,,,,,,,,,,,,,,,,,,,,,,,45.8724,42.6303,42.6663,40.7909,42.9168,43.7444,42.3243,43.5942,42.6233,40.8562,43.1975,42.3408,42.7537,41.6391,41.4264,42.5657,41.9037,44.756,43.2876,42.8271,41.6633,38.8105,40.5582,40.7186,41.1971,41.4795,42.4337,41.7793,43.0284,40.7417,41.5153,41.5653,41.3381,42.8124,,
OMN,Oman,NY.GDP.MKTP.KD.ZG,GDP growth (annual %),,,,,,,,,,,,,,,,,,,,,,,,,,,,,,,3.8692,-1.4388,1.5739,1.8248,7.2386,1.0353,-0.5965,2.9556,3.1022,1.6753,1.3091,4.232,-0.2742,1.0074,0.5544,4.5945,2.5735,-0.8027,-0.5515,6.5433,4.5678,3.9636,1.8904,5.6309,-0.8988,3.7422,0.7516,1.2375,3.6742,1.5009,0.773,0.6219,-3.1061,3.7678,,
OMN,Oman,SL.UEM.TOTL.NE.ZS,"Unemployment, total (% of total labor force) (national estimate)",,,,,,,,,,,,,,,,,,,,,,,,,,,,,,,9.9897,11.4222,10.3492,11.1477,9.5885,10.8587,10.9872,11.1447,9.7289,10.1416,10.7812,10.5672,10.6396,10.3128,11.2684,11.7972,10.545,10.7197,10.5211,11.135,10.9075,9.9598,10.1866,9.9883,11.8404,10.8106,10.1951,10.1552,10.8956,10.9454,10.892,10.2802,10.6459,10.5484,,
PAK,Pakistan,EG.FEC.RNEW.ZS,Renewable energy consumption (% of total final energy consumption),,,,,,,,,,,,,,,,,,,,,,,,,,,,,,,35.1885,35.3581,38.185,37.9039,38.7677,39.3931,40.9598,36.5592,39.5215,39.9094,37.9368,38.9548,38.2879,43.2282,39.3708,40.2141,38.9331,38.6518,37.157,42.1108,41.5979,39.6089,38.5603,40.8709,39.6657,40.367,38.4339,41.5452,41.7351,43.6005,41.2596,41.0439,38.7475,44.213,,
PAK,Pakistan,EG.ELC.ACCS.ZS,Access to electricity (% of population),,,,,,,,,,,,,,,,,,,,,,,,,,,,,,,72.0909,71.6496,70.8132,71.155,71.9389,73.3988,73.1089,71.9319,73.7,72.9553,73.4589,74.904,74.989,75.5011,74.8581,75.833,74.9077,75.4206,75.6156,76.1457,75.3474,76.4466,78.0379,76.2526,76.3132,76.6277,80.0061,78.4985,78.1604,78.6813,79.0587,78.6143,78.9628,79.5005,,
PAK,Pakistan,CC.EST,Control of Corruption: Estimate,,,,,,,,,,,,,,,,,,,,,,,,,,,,,,,-1.8108,-1.7714,-1.6814,-1.8435,-1.4106,-1.6334,-1.8762,-2.0211,-1.8063,-1.6417,-1.6649,-1.7371,-1.796,-1.8323,-1.7721,-1.8453,-1.7717,-1.5641,-1.8163,-1.6505,-1.6322,-1.8534,-1.825,-1.5955,-1.8349,-1.7307,-1.479,-1.6062,-1.7136,-1.6229,-1.7305,-1.6016,-1.9694,-1.7405,,
PAK,Pakistan,EN.ATM.PM25.MC.M3,"PM2.5 air pollution, mean annual exposure (micrograms per cubic meter)",,,,,,,,,,,,,,,,,,,,,,,,,,,,,,,17.3344,20.6259,19.9496,22.265,21.2116,19.2748,19.3746,20.4749,18.9651,19.6953,21.6389,18.3402,18.8324,18.9627,24.081,20.1763,20.882,20.2561,20.277,19.6543,19.4118,16.6078,19.2407,18.4614,19.3621,18.3576,19.5286,19.7138,13.8557,17.4931,15.2778,18.3423,17.4528,19.8576,,
PAK,Pakistan,NY.GDP.MKTP.KD.ZG,GDP growth (annual %),,,,,,,,,,,,,,,,,,,,,,,,,,,,,,,3.8961,2.1642,5.7245,2.5825,2.133,4.3621,7.4105,5.5119,4.7954,10.2554,1.547,1.4912,3.742,7.1656,1.0238,7.7645,-0.2198,3.075,3.8117,1.1715,1.8249,5.3696,6.9819,-1.9085,3.8286,3.0948,3.6465,2.5861,0.1518,7.2338,6.2764,3.1181,2.1573,1.8544,,
PAK,Pakistan,SL.UEM.TOTL.NE.ZS,"Unemployment, total (% of total labor force) (national estimate)",,,,,,,,,,,,,,,,,,,,,,,,,,,,,,,17.7911,19.2609,19.4741,19.1529,19.0408,19.1507,18.6573,18.8342,19.0008,19.4323,19.7734,18.9694,18.5616,19.1018,20.0897,18.6051,19.5269,19.7519,18.904,18.7336,19.3714,19.2606,19.4313,20.1208,19.1675,18.4879,19.1173,19.2047,19.7175,18.9856,18.8794,18.3984,19.3577,20.7581,,
PAN,Panama,EG.FEC.RNEW.ZS,Renewable energy consumption (% of total final energy consumption),,,,,,,,,,,,,,,,,,,,,,,,,,,,,,,34.4196,35.9187,34.0691,32.7522,36.3332,35.6711,30.9936,39.1348,36.8967,36.3625,35.5208,37.3253,37.5675,37.6174,39.1007,39.7053,41.2759,35.7411,36.4179,38.4371,36.3066,36.7787,39.1152,40.1164,41.0166,38.2295,39.6911,39.4003,39.1001,37.5827,37.4783,40.8481,37.9991,36.2609,,
PAN,Panama,EG.ELC.ACCS.ZS,Access to electricity (% of population),,,,,,,,,,,,,,,,,,,,,,,,,,,,,,,52.573,54.0126,50.8625,53.1177,54.1386,52.3896,53.9277,53.4368,53.7927,54.5265,54.1999,54.3834,55.551,57.6301,56.7046,57.1568,57.2362,56.2904,57.3471,58.2266,58.2611,58.004,58.5144,60.3187,59.27,58.5963,59.0392,58.5051,61.476,61.1315,60.165,62.0931,61.1043,60.5037,,
PAN,Panama,CC.EST,Control of Corruption: Estimate,,,,,,,,,,,,,,,,,,,,,,,,,,,,,,,0.8288,0.7678,0.8205,0.5557,0.6228,0.8986,0.9232,0.8898,0.9862,0.7893,0.7808,0.6104,0.6503,0.4814,0.6814,0.473,0.8497,0.7666,0.4769,0.6972,0.9561,0.7049,0.6002,0.5057,0.5093,0.7843,0.6679,0.6779,0.6684,0.7032,0.5727,0.7579,0.5493,0.6293,,
PAN,Panama,EN.ATM.PM25.MC.M3,"PM2.5 air pollution, mean annual exposure (micrograms per cubic meter)",,,,,,,,,,,,,,,,,,,,,,,,,,,,,,,41.2586,40.2267,40.6109,42.728,39.3329,39.3746,38.8659,38.5173,37.5865,39.1485,39.475,39.4786,38.879,40.0917,38.6666,37.9285,37.0719,36.0589,40.493,37.1738,36.7539,37.4361,37.5648,40.3602,37.3302,41.6925,37.758,40.6679,38.8433,37.964,39.7092,38.9457,38.1344,40.5788,,
PAN,Panama,NY.GDP.MKTP.KD.ZG,GDP growth (annual %),,,,,,,,,,,,,,,,,,,,,,,,,,,,,,,-1.6317,-2.873,-2.0763,3.9949,3.2411,-1.6989,-6.2724,-0.9004,-2.9189,-1.6206,-3.0218,-4.4096,4.3222,-2.0949,3.1459,-0.9392,-3.2128,0.8869,-1.3634,-0.9035,-0.0235,-2.4163,-4.4386,-0.5139,2.024,-2.6397,-0.0009,3.378,-0.6102,-0.1705,-0.2477,-2.0916,-2.8691,-2.8589,,
PAN,Panama,SL.UEM.TOTL.NE.ZS,"Unemployment, total (% of total labor force) (national estimate)",,,,,,,,,,,,,,,,,,,,,,,,,,,,,,,5.8387,6.0335,6.0571,5.4653,6.2012,5.8083,5.69,3.9849,5.2459,4.894,5.9681,5.7021,5.1186,5.8068,4.9428,5.1327,5.2995,5.9247,6.3543,5.3616,6.3158,5.6783,5.7727,5.6227,5.5559,5.8742,6.0248,5.2123,5.5599,6.4892,5.7432,5.7979,6.2382,5.404,,
PER,Peru,EG.FEC.RNEW.ZS,Renewable energy consumption (% of total final energy consumption),,,,,,,,,,,,,,,,,,,,,,,,,,,,,,,62.2099,64.0615,65.0556,57.9975,61.4044,61.031,62.9301,61.4824,64.806,63.9726,65.5562,65.8338,65.436,63.5562,64.5863,63.606,61.9483,66.7354,64.8096,62.1226,66.3517,64.9799,61.4582,62.9803,64.4766,66.4488,67.7538,67.8353,67.6835,66.5591,70.2222,68.3275,67.522,68.361,,
PER,Peru,EG.ELC.ACCS.ZS,Access to electricity (% of population),,,,,,,,,,,,,,,,,,,,,,,,,,,,,,,77.5108,78.0343,76.6645,78.2707,80.238,79.1988,79.4154,80.3789,80.1163,79.4509,80.349,79.6719,80.9769,80.4099,82.0727,81.1719,81.1703,81.9898,82.6224,81.6142,82.413,83.1642,84.4008,81.5571,84.3222,83.7732,83.9344,84.0352,84.5389,85.5767,84.9006,86.9069,86.3291,86.2384,,
PER,Peru,CC.EST,Control of Corruption: Estimate,,,,,,,,,,,,,,,,,,,,,,,,,,,,,,,-2.3844,-2.2217,-2.2042,-2.5,-2.4487,-2.2884,-2.2521,-2.4006,-2.4536,-2.3551,-2.1873,-2.3596,-2.5,-2.3514,-2.2706,-2.3767,-2.2135,-2.2606,-2.3719,-2.3593,-2.5,-2.2193,-2.4041,-2.4125,-2.4305,-2.3097,-2.5,-2.4826,-2.3708,-2.4397,-2.3243,-2.4353,-2.1731,-2.2813,,
PER,Peru,EN.ATM.PM25.MC.M3,"PM2.5 air pollution, mean annual exposure (micrograms per cubic meter)",,,,,,,,,,,,,,,,,,,,,,,,,,,,,,,24.889,22.8802,27.3162,22.9691,22.4769,24.5277,23.6805,22.0801,26.5214,24.611,23.0736,26.5893,24.1238,22.8098,26.1698,23.6561,23.5105,21.9281,22.5018,21.7316,24.4272,19.7735,24.1564,20.7116,21.8608,21.4248,21.0074,22.7423,21.6198,20.5461,21.6986,20.3435,20.501,18.9817,,
PER,Peru,NY.GDP.MKTP.KD.ZG,GDP growth (annual %),,,,,,,,,,,,,,,,,,,,,,,,,,,,,,,-0.5859,1.7753,0.6326,5.0775,7.0719,-0.6207,-1.5435,3.3644,1.3779,3.3795,1.5369,0.0539,0.0681,1.6218,0.0121,3.5886,-2.716,3.5752,-4.1437,0.9026,-0.2878,-3.2511,-4.6102,-2.204,0.654,-0.9656,-2.0625,3.9205,-2.5406,2.2376,-1.6827,-2.2672,-0.9698,2.0896,,
PER,Peru,SL.UEM.TOTL.NE.ZS,"Unemployment, total (% of total labor force) (national estimate)",,,,,,,,,,,,,,,,,,,,,,,,,,,,,,,13.7364,14.5659,13.9418,14.0318,14.6225,15.5089,13.9667,14.7821,14.2658,14.1848,14.9579,14.0004,13.8451,14.6523,15.2196,14.7972,13.7187,14.1145,14.912,15.2127,14.5365,14.1326,15.2452,14.3849,14.1193,14.0347,13.8247,15.839,15.1327,14.094,15.2881,14.6888,14.6592,14.0632,,
PHL,Philippines,EG.FEC.RNEW.ZS,Renewable energy consumption (% of total final energy consumption),,,,,,,,,,,,,,,,,,,,,,,,,,,,,,,5.5486,6.642,2.9457,6.0532,7.1858,9.9459,6.2437,9.2511,3.6559,10.2609,6.2761,8.4874,9.1895,8.9472,8.4633,6.3438,7.1978,11.1197,8.0821,9.2203,6.5927,11.444,7.2379,11.8588,8.0514,12.3559,10.4972,9.5093,13.9776,10.7891,10.3532,13.0451,8.4159,6.4725,,
PHL,Philippines,EG.ELC.ACCS.ZS,Access to electricity (% of population),,,,,,,,,,,,,,,,,,,,,,,,,,,,,,,42.6934,41.348,42.9588,42.554,41.8359,43.5029,42.9389,42.6552,42.926,42.6308,44.5895,43.7687,44.7393,44.8717,44.5138,44.2987,47.794,45.9782,47.7258,47.449,46.5101,47.1618,47.3886,48.9924,48.4309,47.3712,48.5484,49.1605,47.8268,49.4124,50.3434,48.8311,49.1916,50.9454,,
PHL,Philippines,CC.EST,Control of Corruption: Estimate,,,,,,,,,,,,,,,,,,,,,,,,,,,,,,,1.4571,1.3817,1.6055,1.5688,1.5109,1.6345,1.6431,1.4896,1.7365,1.6896,1.2615,1.376,1.2289,1.4606,1.3542,1.4019,1.6304,1.289,1.5151,1.5144,1.4897,1.5153,1.2317,1.4024,1.6847,1.356,1.6996,1.3308,1.3163,1.3854,1.6351,1.434,1.541,1.5084,,
PHL,Philippines,EN.ATM.PM25.MC.M3,"PM2.5 air pollution, mean annual exposure (micrograms per cubic meter)",,,,,,,,,,,,,,,,,,,,,,,,,,,,,,,20.0946,22.0075,21.1736,18.2219,19.4429,22.3915,20.1756,17.3545,17.3807,20.7915,20.43,17.9142,20.3377,21.5354,21.2431,21.3827,19.7295,18.5498,18.1326,18.6302,17.2623,17.9573,20.329,15.9227,15.9453,19.4221,17.571,15.1278,17.8443,17.5501,17.1297,18.7249,15.6165,17.5558,,
PHL,Philippines,NY.GDP.MKTP.KD.ZG,GDP growth (annual %),,,,,,,,,,,,,,,,,,,,,,,,,,,,,,,1.9099,2.5319,-1.8931,1.1307,2.4868,3.7903,7.0533,4.4522,3.5902,5.616,1.6778,6.3222,5.2355,1.3227,7.2472,3.5547,7.9198,3.1953,1.0325,0.5185,1.548,1.0091,5.6158,2.3649,-1.5977,2.9699,2.7511,1.2658,3.1063,2.3271,4.0218,3.8748,3.3496,-0.8098,,
PHL,Philippines,SL.UEM.TOTL.NE.ZS,"Unemployment, total (% of total labor force) (national estimate)",,,,,,,,,,,,,,,,,,,,,,,,,,,,,,,8.1086,6.2711,6.9848,6.5019,7.2473,7.1183,6.9647,7.808,7.6034,6.8855,7.4512,7.8314,7.5998,6.981,6.254,7.2114,7.3834,6.6643,7.0604,7.0077,7.743,7.976,7.6367,7.0063,7.623,7.3735,7.0117,8.0953,6.6801,7.3511,7.4689,6.9054,7.3287,7.5219,,
PLW,Palau,EG.FEC.RNEW.ZS,Renewable energy consumption (% of total final energy consumption),,,,,,,,,,,,,,,,,,,,,,,,,,,,,,,13.4446,14.0503,13.4662,15.0004,13.0974,13.0817,13.8964,16.3726,10.6606,12.4866,19.0069,15.1557,13.9412,16.495,13.4853,10.9997,16.0649,14.0437,15.8581,16.4641,16.2395,12.6873,16.3079,17.2945,13.7552,13.667,14.7173,18.4988,13.1587,18.9649,18.2394,17.0903,14.7941,16.3124,,
PLW,Palau,EG.ELC.ACCS.ZS,Access to electricity (% of population),,,,,,,,,,,,,,,,,,,,,,,,,,,,,,,51.4317,52.0616,50.4811,52.4697,52.3549,52.0507,51.7159,52.0911,54.2645,53.1989,54.3701,53.7494,53.444,54.5235,56.0325,54.0409,55.5373,55.2086,54.1466,54.3787,55.4446,56.3342,57.0089,55.2995,57.3284,56.9615,57.3088,58.0271,59.2031,58.2991,57.2208,58.4065,59.4879,59.7642,,
PLW,Palau,CC.EST,Control of Corruption: Estimate,,,,,,,,,,,,,,,,,,,,,,,,,,,,,,,1.1912,1.0501,0.9472,1.1821,0.9656,1.1945,1.1945,1.0552,1.0978,1.1352,1.0376,0.9455,1.1066,1.1191,1.2747,1.0175,1.2396,0.9737,0.95,1.0752,0.9984,0.9483,1.3447,1.0571,1.3887,0.992,0.9063,1.2663,1.0241,1.128,0.9487,1.1068,0.9467,1.1025,,
PLW,Palau,EN.ATM.PM25.MC.M3,"PM2.5 air pollution, mean annual exposure (micrograms per cubic meter)",,,,,,,,,,,,,,,,,,,,,,,,,,,,,,,77.0233,77.9996,78.5127,77.8558,78.0908,77.1707,76.6012,77.8794,76.927,76.9042,77.5308,75.3044,78.9186,76.3202,76.8005,76.4674,77.4333,76.883,76.2193,78.3873,71.3292,77.9182,77.3545,73.1405,77.2081,77.3219,76.4968,73.2356,76.5182,76.925,74.4759,75.9159,74.6444,76.4223,,
PLW,Palau,NY.GDP.MKTP.KD.ZG,GDP growth (annual %),,,,,,,,,,,,,,,,,,,,,,,,,,,,,,,2.4522,1.7857,3.1377,-0.1181,2.8895,4.1412,5.4109,3.8584,-0.3455,6.6167,6.8264,3.5174,1.3561,1.9069,2.7272,3.9327,2.4748,1.09,5.7935,3.8792,0.6051,3.9643,3.6407,1.4409,6.2236,3.5732,2.6944,3.0273,4.3458,3.0555,3.0346,5.9009,-0.31,0.1071,,
PLW,Palau,SL.UEM.TOTL.NE.ZS,"Unemployment, total (% of total labor force) (national estimate)",,,,,,,,,,,,,,,,,,,,,,,,,,,,,,,10.1406,10.96,10.1904,10.6842,9.5349,9.4336,9.9804,10.2289,9.0963,9.6455,9.7386,9.4127,9.471,10.1737,9.987,10.1513,9.9206,9.3155,9.9637,9.2761,9.5962,9.234,9.4467,9.7974,9.5234,9.3105,10.321,9.6923,9.4882,9.2109,8.8161,9.6411,9.063,10.1081,,
PNG,Papua New Guinea,EG.FEC.RNEW.ZS,Renewable energy consumption (% of total final energy consumption),,,,,,,,,,,,,,,,,,,,,,,,,,,,,,,58.5058,61.7135,59.193,57.4435,55.2868,60.8099,56.7489,58.6805,62.995,61.0188,60.7265,61.9855,62.0609,63.5587,59.3425,59.9434,59.002,60.9314,60.8823,57.7869,60.139,64.475,62.2352,63.3276,61.8057,58.4226,62.0895,64.5802,60.2754,64.2909,59.5431,63.1372,64.3358,62.7726,,
PNG,Papua New Guinea,EG.ELC.ACCS.ZS,Access to electricity (% of population),,,,,,,,,,,,,,,,,,,,,,,,,,,,,,,50.302,48.1794,48.3612,49.2376,48.72,48.4209,48.9458,50.6804,50.08,51.9356,50.471,51.6424,51.7327,51.2091,51.1209,50.6885,52.7665,53.5326,51.552,52.7776,52.7904,54.0151,53.5611,55.1324,54.0165,53.5849,54.4489,54.7871,55.7449,55.2752,56.1761,55.4416,56.0882,55.946,,
PNG,Papua New Guinea,CC.EST,Control of Corruption: Estimate,,,,,,,,,,,,,,,,,,,,,,,,,,,,,,,-1.1359,-0.8813,-1.1201,-1.076,-0.9089,-0.9443,-0.8373,-0.9763,-1.1063,-0.7874,-0.9644,-1.0528,-1.0274,-1.0127,-1.0627,-1.1994,-0.8391,-1.0369,-1.0122,-0.7849,-1.1163,-0.9556,-1.1293,-0.9957,-1.0101,-0.9394,-0.8893,-1.1038,-0.8643,-0.8558,-1.0643,-1.0351,-1.0936,-1.0709,,
PNG,Papua New Guinea,EN.ATM.PM25.MC.M3,"PM2.5 air pollution, mean annual exposure (micrograms per cubic meter)",,,,,,,,,,,,,,,,,,,,,,,,,,,,,,,79.3833,82.2748,77.9531,79.9029,80.7993,82.7382,79.8907,81.2703,80.4271,81.8862,80.9519,81.5539,79.4026,78.6275,80.6192,79.257,79.954,80.3045,81.6114,80.8484,78.567,77.791,81.9896,76.9746,78.5898,80.1564,81.5667,78.7441,78.9896,77.556,78.9785,76.9833,77.5031,79.6944,,
PNG,Papua New Guinea,NY.GDP.MKTP.KD.ZG,GDP growth (annual %),,,,,,,,,,,,,,,,,,,,,,,,,,,,,,,-1.5254,1.8516,-0.8253,-3.8636,2.4794,-3.7298,-1.946,-0.9407,2.0731,-1.7577,-2.7583,-0.0348,-0.9764,-1.61,0.0997,-3.4505,-4.7461,4.9053,-0.181,-0.006,-2.3965,1.8028,-1.7752,-7.4069,-1.8591,-1.145,-0.8667,-0.939,-2.0538,-2.2953,-1.1864,-4.5552,-5.3355,-0.1964,,
PNG,Papua New Guinea,SL.UEM.TOTL.NE.ZS,"Unemployment, total (% of total labor force) (national estimate)",,,,,,,,,,,,,,,,,,,,,,,,,,,,,,,4.511,4.8933,4.3259,3.8568,3.4838,4.0085,4.6649,5.1744,4.4807,3.8469,4.0137,4.0293,4.2507,5.0141,5.0531,4.3675,4.5452,4.0549,3.5987,5.3478,3.2924,3.5357,5.3518,4.462,3.8907,4.795,4.8402,3.7873,4.1872,4.8918,4.0452,4.5947,5.1661,3.2574,,
POL,Poland,EG.FEC.RNEW.ZS,Renewable energy consumption (% of total final energy consumption),,,,,,,,,,,,,,,,,,,,,,,,,,,,,,,20.9484,22.3042,18.3468,21.0217,24.3199,20.9723,19.5622,24.9426,23.7199,22.8432,22.9341,25.3375,24.02,24.8721,22.3458,20.0462,25.2747,26.3828,23.8818,26.2564,23.9605,24.5995,28.4358,24.4979,24.5298,21.6409,26.911,24.2612,26.1254,25.3508,25.2393,26.0454,26.3492,28.9331,,
POL,Poland,EG.ELC.ACCS.ZS,Access to electricity (% of population),,,,,,,,,,,,,,,,,,,,,,,,,,,,,,,37.9408,37.4952,38.2418,38.1579,38.1203,39.1387,37.1778,37.927,38.0679,38.7335,39.7733,38.5825,40.1268,39.5049,39.9469,40.6349,42.0696,40.4047,41.1605,40.612,41.147,41.1047,42.4204,42.8148,43.2742,42.3717,43.6309,43.5651,43.6784,42.9815,44.3472,44.6226,44.806,45.2946,,
POL,Poland,CC.EST,Control of Corruption: Estimate,,,,,,,,,,,,,,,,,,,,,,,,,,,,,,,-1.5095,-1.7246,-1.6188,-1.5309,-1.625,-1.4777,-1.582,-1.8274,-1.4921,-1.6069,-1.8052,-1.6231,-1.745,-1.5024,-1.5971,-1.7037,-1.4955,-1.5378,-1.6211,-1.7423,-1.6939,-1.6957,-1.5032,-1.7945,-1.5985,-1.6229,-1.4686,-1.5649,-1.5286,-1.6559,-1.7405,-1.6319,-1.4996,-1.4998,,
POL,Poland,EN.ATM.PM25.MC.M3,"PM2.5 air pollution, mean annual exposure (micrograms per cubic meter)",,,,,,,,,,,,,,,,,,,,,,,,,,,,,,,53.9127,53.1874,52.8135,54.1136,54.4434,56.3683,54.2635,54.9192,52.7478,53.9011,53.9687,53.4677,53.5658,53.7079,54.1601,55.1122,49.8802,54.8691,50.5523,53.5017,56.492,52.8147,53.0686,52.2531,53.6394,53.1018,51.4645,52.227,50.6409,52.0601,51.5295,52.2833,50.9337,51.5969,,
POL,Poland,NY.GDP.MKTP.KD.ZG,GDP growth (annual %),,,,,,,,,,,,,,,,,,,,,,,,,,,,,,,1.4183,1.5925,2.0821,0.961,-0.5703,1.6016,0.9493,3.958,4.2733,-2.0338,2.9393,3.4408,-1.9682,2.8451,3.6363,-0.9777,0.8056,1.8622,2.8226,-1.0747,4.2889,-3.677,4.7058,2.7721,-0.158,3.5574,-1.2231,1.6838,1.9927,1.9867,-0.7029,0.1562,1.7133,-0.4204,,
POL,Poland,SL.UEM.TOTL.NE.ZS,"Unemployment, total (% of total labor force) (national estimate)",,,,,,,,,,,,,,,,,,,,,,,,,,,,,,,18.3111,17.8684,18.6754,18.9568,18.0267,18.6355,18.0693,17.7072,17.9626,18.2182,17.2819,18.4882,18.2184,18.6757,18.4795,18.2354,17.9975,18.9368,19.2604,18.0058,18.6966,17.822,17.8816,17.9823,18.5178,17.638,18.9504,18.6444,18.5062,18.0285,18.5902,16.7167,18.3959,18.2555,,
PRI,Puerto Rico (US),EG.FEC.RNEW.ZS,Renewable energy consumption (% of total final energy consumption),,,,,,,,,,,,,,,,,,,,,,,,,,,,,,,66.6231,71.358,71.8773,67.138,68.6219,75.2743,70.9228,73.3967,73.8491,72.5334,73.93,67.8197,71.7344,66.1843,69.0033,71.5535,71.4647,73.0283,73.0542,73.513,73.7449,74.2113,71.7774,72.3959,73.9217,74.1028,72.1316,76.6086,76.0451,73.0261,74.4788,79.0646,75.5166,76.1369,,
PRI,Puerto Rico (US),EG.ELC.ACCS.ZS,Access to electricity (% of population),,,,,,,,,,,,,,,,,,,,,,,,,,,,,,,56.731,57.2176,58.9272,58.0588,58.1614,58.4742,60.7544,59.0,58.5541,58.9438,60.3427,58.8253,60.5786,59.8891,59.2311,60.1841,61.2402,62.5843,62.4488,61.7332,62.9959,62.1827,61.5449,62.985,62.0134,64.1013,64.3628,63.2642,64.3346,64.577,65.4157,63.9721,65.6977,64.4147,,
PRI,Puerto Rico (US),CC.EST,Control of Corruption: Estimate,,,,,,,,,,,,,,,,,,,,,,,,,,,,,,,-1.1096,-1.0754,-1.2832,-1.0566,-1.3918,-1.0709,-1.0303,-1.1614,-1.2263,-1.1654,-1.2753,-0.8879,-1.2733,-1.0448,-1.2918,-1.0113,-0.9614,-1.1566,-1.1685,-1.3177,-1.332,-1.1671,-1.0279,-1.2687,-0.9379,-1.2761,-1.1754,-1.175,-1.2151,-1.4481,-1.2772,-1.1789,-1.2144,-1.1265,,
PRI,Puerto Rico (US),EN.ATM.PM25.MC.M3,"PM2.5 air pollution, mean annual exposure (micrograms per cubic meter)",,,,,,,,,,,,,,,,,,,,,,,,,,,,,,,38.4091,36.8337,35.6702,39.3563,34.9207,35.9809,35.5189,37.8335,38.6094,36.2933,36.8185,37.037,39.0199,33.5735,37.2702,36.6386,35.4376,36.4032,36.9451,36.6286,38.9116,35.7851,35.5542,35.1619,36.1833,35.2258,35.2137,35.1406,34.8319,34.0408,35.501,34.3663,35.6344,34.8,,
PRI,Puerto Rico (US),NY.GDP.MKTP.KD.ZG,GDP growth (annual %),,,,,,,,,,,,,,,,,,,,,,,,,,,,,,,1.1899,6.0684,1.9005,3.7134,0.4064,-2.9075,0.7388,-3.1873,1.5642,5.8279,-0.1069,-3.1088,5.907,0.9679,2.117,4.127,3.4643,4.0326,4.4074,-2.209,-1.3795,5.0843,0.202,0.4747,-1.0008,1.144,1.283,-0.1873,-0.4764,2.953,0.1372,0.6405,-3.3094,7.0018,,
PRI,Puerto Rico (US),SL.UEM.TOTL.NE.ZS,"Unemployment, total (% of total labor force) (national estimate)",,,,,,,,,,,,,,,,,,,,,,,,,,,,,,,8.028,7.3097,7.1075,7.5625,7.5488,6.9191,6.2818,7.294,6.7754,7.6428,7.6461,7.0705,7.2898,8.4386,7.9446,7.331,8.7031,6.9586,7.1507,7.5018,6.7916,8.4522,7.6487,7.1621,7.781,7.6301,7.4048,6.9528,6.839,8.6505,6.8807,8.4061,7.1347,7.9521,,
PRK,"Korea, Dem. People's Rep.",EG.FEC.RNEW.ZS,Renewable energy consumption (% of total final energy consumption),,,,,,,,,,,,,,,,,,,,,,,,,,,,,,,55.8628,56.4128,56.6959,52.1588,54.1792,52.9458,56.2105,53.3352,52.1698,55.807,52.0138,57.0994,54.2167,55.2008,52.4711,60.4821,54.4061,56.7539,54.0484,56.1106,61.4356,58.6769,56.7847,58.3136,57.4108,58.4971,60.3197,58.3197,59.5719,59.7549,58.7796,58.1101,58.6815,61.2803,,
PRK,"Korea, Dem. People's Rep.",EG.ELC.ACCS.ZS,Access to electricity (% of population),,,,,,,,,,,,,,,,,,,,,,,,,,,,,,,62.2377,60.9515,61.903,61.7594,63.2517,62.4848,64.8725,63.5361,64.5574,63.0501,64.1211,64.8547,63.7851,64.878,65.9532,65.0998,64.9304,67.3041,65.1744,66.4865,66.0451,66.1123,67.7051,67.1973,67.9365,66.0576,68.5143,67.7853,67.1087,70.3695,69.5926,69.5436,70.6113,70.0598,,
PRK,"Korea, Dem. People's Rep.",CC.EST,Control of Corruption: Estimate,,,,,,,,,,,,,,,,,,,,,,,,,,,,,,,0.1644,0.2392,0.1788,0.2002,0.1093,0.1438,0.3676,0.3001,0.1999,0.1369,0.2116,0.0582,0.2754,0.3737,0.5443,0.1278,0.3687,0.1754,0.1248,0.1248,0.2771,0.1485,0.1874,0.2074,0.1714,0.1627,-0.0313,0.2707,0.2684,0.1646,0.3035,0.4279,0.2631,0.4199,,
PRK,"Korea, Dem. People's Rep.",EN.ATM.PM25.MC.M3,"PM2.5 air pollution, mean annual exposure (micrograms per cubic meter)",,,,,,,,,,,,,,,,,,,,,,,,,,,,,,,45.428,45.7865,40.1284,40.0562,41.0841,41.8638,43.9707,42.4516,39.6258,40.4333,41.2078,38.957,41.1313,39.2481,38.4747,39.4503,41.4073,41.3169,40.7757,42.0382,41.7991,40.6973,40.4103,40.4251,39.9293,36.8092,41.694,40.507,38.0063,41.8925,38.7858,39.4291,41.0461,39.761,,
PRK,"Korea, Dem. People's Rep.",NY.GDP.MKTP.KD.ZG,GDP growth (annual %),,,,,,,,,,,,,,,,,,,,,,,,,,,,,,,4.1635,-0.0552,5.053,-1.1194,4.1192,-4.8377,-1.9254,1.57,-0.176,0.6382,0.9292,-2.1522,-1.9647,1.4054,-0.8407,4.1777,0.3452,2.622,1.9322,-0.6778,-4.1257,3.7874,-1.6222,-0.1843,0.448,0.6976,3.23,0.8397,0.5067,3.3712,2.3267,-1.0138,-2.0428,-1.2342,,
PRK,"Korea, Dem. People's Rep.",SL.UEM.TOTL.NE.ZS,"Unemployment, total (% of total labor force) (national estimate)",,,,,,,,,,,,,,,,,,,,,,,,,,,,,,,19.0991,18.5007,19.1691,19.0591,17.8524,18.4206,17.6808,18.9518,19.6607,18.1784,18.4626,19.0418,18.5918,18.5894,19.3945,18.8763,18.3803,18.0798,20.2279,19.6879,18.8979,19.1676,18.8794,19.3789,18.6966,18.8521,19.3514,19.8506,19.4944,19.7407,18.9675,18.8122,18.1545,19.1598,,
PRT,Portugal,EG.FEC.RNEW.ZS,Renewable energy consumption (% of total final energy consumption),,,,,,,,,,,,,,,,,,,,,,,,,,,,,,,66.8466,65.6385,64.8351,69.0253,67.9521,69.4641,65.0813,65.722,69.6948,67.3438,66.4503,66.7394,67.8663,70.0444,67.8674,69.9195,69.4232,66.8818,67.0302,68.0379,66.4148,68.2102,72.4153,69.4757,68.1556,73.67,68.1272,68.2147,72.7474,71.7611,70.3283,72.4023,71.4897,68.6661,,
PRT,Portugal,EG.ELC.ACCS.ZS,Access to electricity (% of population),,,,,,,,,,,,,,,,,,,,,,,,,,,,,,,42.1893,43.9035,45.4753,44.5146,45.4754,45.5049,44.2526,45.5322,46.3945,45.7276,46.3173,47.1708,47.1655,48.1949,47.9143,47.0927,47.7253,48.3736,49.6781,48.4785,47.7213,49.7098,49.0029,48.8291,50.1224,51.1357,50.1483,51.2546,51.6529,51.9908,51.0215,50.9605,51.3196,52.9901,,
PRT,Portugal,CC.EST,Control of Corruption: Estimate,,,,,,,,,,,,,,,,,,,,,,,,,,,,,,,1.9224,1.7275,2.0983,1.7132,1.9623,2.0247,1.8555,1.75,1.7526,1.8109,1.972,1.6984,1.6217,1.8858,1.9121,2.0785,1.6765,1.8262,1.9818,1.8568,1.8189,1.9371,1.7704,1.9445,1.6919,1.66,1.8095,1.5347,1.8525,1.6344,1.8762,1.8646,1.8342,1.8947,,
PRT,Portugal,EN.ATM.PM25.MC.M3,"PM2.5 air pollution, mean annual exposure (micrograms per cubic meter)",,,,,,,,,,,,,,,,,,,,,,,,,,,,,,,46.7379,45.9122,49.0182,46.7816,47.2695,47.6413,46.9539,48.9659,46.0407,45.7012,44.6573,45.1672,44.3748,46.4075,43.9432,45.3423,45.991,45.2971,43.6478,45.9601,44.7036,40.4426,43.1966,46.6934,46.7381,45.2208,45.5278,43.1042,43.8014,45.9647,44.6705,44.0491,43.5914,45.5534,,
PRT,Portugal,NY.GDP.MKTP.KD.ZG,GDP growth (annual %),,,,,,,,,,,,,,,,,,,,,,,,,,,,,,,6.3306,5.1497,3.6912,2.6336,5.258,0.7707,1.2891,-0.1022,6.6136,1.7238,4.5355,3.2116,10.7693,4.6302,-1.1299,6.4641,2.5576,3.0232,1.8442,4.0145,3.9818,1.9118,2.2551,3.7787,-2.3313,-0.0783,7.7005,4.345,2.2132,-0.7147,3.3847,5.9885,10.1235,8.2556,,
PRT,Portugal,SL.UEM.TOTL.NE.ZS,"Unemployment, total (% of total labor force) (national estimate)",,,,,,,,,,,,,,,,,,,,,,,,,,,,,,,16.1541,16.3496,15.8618,16.1767,16.4911,16.414,17.6248,15.9399,16.575,15.5658,16.763,15.9267,17.1489,16.452,15.8965,15.5462,16.1082,16.7172,16.8083,16.3483,17.0604,16.0297,15.134,16.7388,17.2426,17.2472,15.9476,16.3252,16.9594,16.284,16.6502,16.2393,16.0528,16.1494,,
PRY,Paraguay,EG.FEC.RNEW.ZS,Renewable energy consumption (% of total final energy consumption),,,,,,,,,,,,,,,,,,,,,,,,,,,,,,,40.9285,39.1946,41.8608,40.5079,42.83,41.4032,41.4358,39.8261,46.2355,40.5925,36.5702,41.2031,38.8525,43.0011,42.5687,40.8841,39.6413,41.8599,40.4346,43.4427,43.1291,48.039,41.4269,41.8602,42.3075,42.5451,44.9712,42.5144,47.1618,44.5316,42.5456,42.1846,45.8988,44.0241,,
PRY,Paraguay,EG.ELC.ACCS.ZS,Access to electricity (% of population),,,,,,,,,,,,,,,,,,,,,,,,,,,,,,,36.4678,36.2317,36.9113,36.6993,38.5499,38.2842,37.8207,38.0589,38.5342,38.7061,38.195,37.6899,38.8223,39.6077,39.3702,40.866,40.2772,42.2094,40.5113,41.3231,41.2294,42.0623,42.8131,42.6971,40.8359,43.1104,42.1518,42.9627,44.012,42.8147,44.8853,43.9278,46.1973,44.7654,,
PRY,Paraguay,CC.EST,Control of Corruption: Estimate,,,,,,,,,,,,,,,,,,,,,,,,,,,,,,,-0.952,-1.0129,-1.2299,-1.3128,-1.143,-1.2265,-0.967,-1.1862,-1.1927,-1.3241,-1.1063,-1.2975,-1.1035,-1.087,-1.2466,-1.0418,-1.1896,-1.3332,-0.9712,-1.2674,-1.0958,-1.1055,-1.1099,-1.112,-1.273,-0.9537,-1.0419,-1.0996,-1.3166,-1.274,-1.0777,-1.3971,-1.116,-1.3164,,
PRY,Paraguay,EN.ATM.PM25.MC.M3,"PM2.5 air pollution, mean annual exposure (micrograms per cubic meter)",,,,,,,,,,,,,,,,,,,,,,,,,,,,,,,49.7369,48.8423,51.2481,52.4735,51.2409,51.3257,50.8108,51.5029,51.0995,46.2463,51.5984,51.3606,49.5354,47.0376,50.2826,50.3289,49.0982,49.959,51.2067,53.1152,49.6593,49.8598,48.0432,48.4468,48.9148,50.8055,50.1873,51.7729,46.5636,46.7333,50.292,50.7322,48.5286,41.7005,,
PRY,Paraguay,NY.GDP.MKTP.KD.ZG,GDP growth (annual %),,,,,,,,,,,,,,,,,,,,,,,,,,,,,,,0.4918,3.1894,0.1021,2.8135,7.097,5.916,4.3729,2.1895,1.114,4.245,2.4141,2.4999,-1.5274,0.5643,4.2303,-0.402,3.0149,3.3819,3.5279,3.7513,3.92,0.7912,-1.3185,0.1668,4.1755,-0.6515,-0.2509,-0.2647,-2.2643,-0.5169,4.8516,0.5587,-2.0217,1.0715,,
PRY,Paraguay,SL.UEM.TOTL.NE.ZS,"Unemployment, total (% of total labor force) (national estimate)",,,,,,,,,,,,,,,,,,,,,,,,,,,,,,,7.6394,6.4687,7.8607,6.6636,7.1863,7.18,7.1034,7.3517,7.7734,7.3637,7.0813,7.6128,7.4877,7.0493,7.4052,7.0079,6.9512,7.787,7.6076,7.7693,7.7017,6.9405,7.8847,7.2353,7.8487,7.3215,7.5407,7.5557,7.7907,6.5668,6.5959,7.7199,7.5623,6.9963,,
PYF,French Polynesia,EG.FEC.RNEW.ZS,Renewable energy consumption (% of total final energy consumption),,,,,,,,,,,,,,,,,,,,,,,,,,,,,,,16.8771,13.4826,22.9771,19.2216,17.9931,17.0497,15.811,14.5781,17.1208,15.779,16.0456,14.965,18.4478,17.3445,19.3186,19.3127,19.0074,24.0174,20.4959,16.4774,20.066,19.1904,16.7654,16.7552,20.6549,21.2936,17.956,22.1388,20.9183,22.8902,22.8277,20.4816,24.2197,18.8503,,
PYF,French Polynesia,EG.ELC.ACCS.ZS,Access to electricity (% of population),,,,,,,,,,,,,,,,,,,,,,,,,,,,,,,91.1827,88.8174,89.7321,89.5667,89.969,92.8593,90.4003,91.7014,91.0821,92.2697,91.3351,92.2254,92.7734,91.943,94.9766,93.5652,93.0897,92.9627,93.8438,93.0477,95.6963,94.8655,94.7001,95.8572,94.6933,94.5957,95.6664,96.1225,96.6949,95.3394,96.4054,94.5537,96.3246,98.0927,,
PYF,French Polynesia,CC.EST,Control of Corruption: Estimate,,,,,,,,,,,,,,,,,,,,,,,,,,,,,,,2.5,2.285,2.3831,2.4251,2.5,2.5,2.4404,2.3907,2.2488,2.435,2.5,2.5,2.443,2.4584,2.3394,2.3792,2.4397,2.4401,2.5,2.5,2.4845,2.3021,2.3066,2.3155,2.4503,2.1789,2.4213,2.5,2.5,2.3799,2.3382,2.5,2.4587,2.3924,,
PYF,French Polynesia,EN.ATM.PM25.MC.M3,"PM2.5 air pollution, mean annual exposure (micrograms per cubic meter)",,,,,,,,,,,,,,,,,,,,,,,,,,,,,,,48.8001,49.7182,49.0691,50.6202,51.2254,47.2328,47.3649,51.1457,49.2924,47.2662,50.3585,49.3162,52.0285,48.2907,50.2267,46.3104,50.4977,49.7399,50.6502,49.8295,47.9351,46.247,47.0206,45.2019,46.3823,48.3225,47.532,47.1883,46.254,44.7051,47.5568,47.7724,45.6363,46.2435,,
PYF,French Polynesia,NY.GDP.MKTP.KD.ZG,GDP growth (annual %),,,,,,,,,,,,,,,,,,,,,,,,,,,,,,,4.1279,3.1713,-3.4385,0.061,3.9099,-0.2685,-0.3998,3.0044,2.7402,2.6108,-0.3824,1.9298,4.0094,0.1479,-0.736,3.3477,5.3862,5.5601,-0.6637,-0.4125,-2.3003,0.5677,-2.4127,-1.044,2.0254,1.2475,-4.2542,4.1983,-2.4449,-2.1298,-2.8247,-1.3807,-1.9695,-1.9085,,
PYF,French Polynesia,SL.UEM.TOTL.NE.ZS,"Unemployment, total (% of total labor force) (national estimate)",,,,,,,,,,,,,,,,,,,,,,,,,,,,,,,6.3971,7.6942,7.7453,8.7514,7.8724,7.3809,7.0289,7.5811,7.8536,7.3776,7.6597,8.5779,7.4372,6.6858,8.066,7.7864,6.7747,7.843,7.1303,7.8499,8.5829,7.5407,8.1709,7.015,6.8695,8.6379,7.7831,7.9476,8.2052,7.3653,8.0418,7.966,6.9818,8.3857,,
QAT,Qatar,EG.FEC.RNEW.ZS,Renewable energy consumption (% of total final energy consumption),,,,,,,,,,,,,,,,,,,,,,,,,,,,,,,9.085,4.0538,7.1718,6.4591,9.9079,4.4,14.5761,7.1723,9.1481,10.5963,7.5793,7.8914,7.2656,6.6503,9.115,8.4507,7.8525,8.1193,10.3237,7.7261,8.9773,11.4186,10.2657,7.8221,10.0235,11.0953,12.3498,9.0105,9.5542,9.4309,9.6802,11.9313,12.4602,13.5231,,
QAT,Qatar,EG.ELC.ACCS.ZS,Access to electricity (% of population),,,,,,,,,,,,,,,,,,,,,,,,,,,,,,,94.3565,93.5552,95.465,95.3067,95.4774,94.6527,95.7728,95.2245,96.815,96.3355,96.5138,95.9497,98.2511,97.4726,97.999,97.591,97.109,98.2541,98.6322,99.4136,99.1454,99.1047,98.7268,100.0,99.7922,100.0,100.0,100.0,100.0,100.0,100.0,100.0,100.0,100.0,,
QAT,Qatar,CC.EST,Control of Corruption: Estimate,,,,,,,,,,,,,,,,,,,,,,,,,,,,,,,-2.1447,-1.9711,-1.6902,-1.8537,-1.7267,-1.9873,-1.9662,-1.7952,-1.8364,-1.9226,-2.0627,-1.7724,-1.61,-2.0999,-1.7428,-1.9674,-1.9513,-1.8789,-2.0559,-1.9157,-2.1046,-1.8541,-1.6432,-1.988,-1.9315,-1.9256,-1.7929,-1.8626,-1.8008,-1.972,-1.8592,-2.3154,-1.8311,-2.0574,,
QAT,Qatar,EN.ATM.PM25.MC.M3,"PM2.5 air pollution, mean annual exposure (micrograms per cubic meter)",,,,,,,,,,,,,,,,,,,,,,,,,,,,,,,53.5125,55.0418,51.5398,55.398,53.4974,55.7836,52.1696,50.7247,53.3205,54.1645,54.2103,51.4207,50.607,52.4954,53.6586,53.5026,55.0821,52.0837,49.7966,54.2789,52.6967,52.7472,53.3945,54.0594,52.0494,53.7687,52.7521,50.8605,51.414,52.609,50.5407,52.8536,51.6812,51.9363,,
QAT,Qatar,NY.GDP.MKTP.KD.ZG,GDP growth (annual %),,,,,,,,,,,,,,,,,,,,,,,,,,,,,,,4.3345,1.6247,0.9118,0.5268,0.3966,1.514,4.1416,-0.7962,-0.9854,3.9458,-0.6821,1.2735,-0.7462,-3.4655,1.2288,3.5212,0.5781,-2.9709,1.0059,-1.1566,-5.8155,0.531,2.0275,3.6775,5.1254,2.3606,3.0672,-2.4782,4.7878,3.9016,-0.1845,2.4374,2.1859,4.4088,,
QAT,Qatar,SL.UEM.TOTL.NE.ZS,"Unemployment, total (% of total labor force) (national estimate)",,,,,,,,,,,,,,,,,,,,,,,,,,,,,,,12.3455,12.0479,12.176,12.8694,11.4611,10.9225,12.8682,12.5584,12.4303,11.7683,11.5661,12.1038,12.6019,12.1281,12.8711,11.944,12.1614,12.7726,12.2326,12.2574,12.0993,12.0066,12.5981,12.6629,12.5346,12.1129,12.3203,13.219,11.7105,13.364,12.4709,12.331,12.8977,11.3874,,
ROU,Romania,EG.FEC.RNEW.ZS,Renewable energy consumption (% of total final energy consumption),,,,,,,,,,,,,,,,,,,,,,,,,,,,,,,59.8743,60.9791,59.5896,53.3591,59.242,61.1556,61.0991,55.3475,60.3463,62.0548,58.6726,55.8582,60.5709,61.1713,58.9352,56.9822,61.4774,58.126,60.6083,63.08,56.796,62.0792,60.0005,60.2023,61.7423,59.3209,58.6636,57.5952,63.7772,60.7203,62.7535,60.7936,59.5901,63.3683,,
ROU,Romania,EG.ELC.ACCS.ZS,Access to electricity (% of population),,,,,,,,,,,,,,,,,,,,,,,,,,,,,,,89.1956,88.9937,89.6747,88.9148,90.7817,91.2171,91.0407,90.3856,90.9807,92.4383,92.4582,93.2783,91.3088,91.487,92.5407,93.0087,92.8194,92.8715,94.4471,93.6106,92.961,93.3035,94.6309,97.0853,94.1525,94.9313,97.3571,95.2958,96.2976,97.6839,95.672,96.4358,96.5457,95.9689,,
ROU,Romania,CC.EST,Control of Corruption: Estimate,,,,,,,,,,,,,,,,,,,,,,,,,,,,,,,-1.2796,-1.5381,-1.573,-1.5212,-1.3564,-1.4543,-1.5629,-1.4188,-1.3704,-1.4707,-1.4961,-1.346,-1.4894,-1.2749,-1.5588,-1.5616,-1.5763,-1.4966,-1.4676,-1.627,-1.4563,-1.4001,-1.6438,-1.5304,-1.3998,-1.5986,-1.5058,-1.3373,-1.2525,-1.4151,-1.4882,-1.5281,-1.3586,-1.3319,,
ROU,Romania,EN.ATM.PM25.MC.M3,"PM2.5 air pollution, mean annual exposure (micrograms per cubic meter)",,,,,,,,,,,,,,,,,,,,,,,,,,,,,,,4.2,7.2203,4.8641,4.4053,5.3842,7.0221,5.9188,5.7981,5.8233,5.9161,4.9634,6.0025,3.9851,5.8712,6.1001,5.7834,5.7812,5.2719,6.2548,2.0,5.6153,7.2178,3.2418,2.9941,5.9441,2.5445,2.8546,4.0296,2.4962,4.9272,2.3484,3.9956,3.8014,5.7905,,
ROU,Romania,NY.GDP.MKTP.KD.ZG,GDP growth (annual %),,,,,,,,,,,,,,,,,,,,,,,,,,,,,,,3.0292,-1.2078,-3.0452,2.2109,-1.5175,-0.7232,-2.5336,1.8135,-1.5002,0.0284,0.0672,0.5749,1.7701,-0.4911,-1.7376,-4.5329,0.3726,-0.2765,-1.6602,0.2724,2.2559,2.8957,-3.7219,-0.7862,2.5185,4.1061,-1.9272,3.5618,-3.2593,2.9867,-0.5884,4.023,-1.0441,-0.6587,,
ROU,Romania,SL.UEM.TOTL.NE.ZS,"Unemployment, total (% of total labor force) (national estimate)",,,,,,,,,,,,,,,,,,,,,,,,,,,,,,,18.2336,17.5318,17.4191,18.5554,18.7945,18.6041,17.6733,18.5404,17.8052,18.5041,18.866,18.4841,19.0346,18.2253,18.192,18.334,17.629,18.0988,18.1428,18.1583,18.4345,17.5602,17.7275,18.8664,17.2967,18.6085,18.1135,18.3804,19.0794,18.2347,18.613,18.3296,18.2456,18.1837,,
RUS,Russian Federation,EG.FEC.RNEW.ZS,Renewable energy consumption (% of total final energy consumption),,,,,,,,,,,,,,,,,,,,,,,,,,,,,,,76.3133,73.598,72.9472,75.5102,75.8968,72.0129,75.7902,73.5075,77.3649,72.6538,80.2614,75.8848,74.9813,76.2953,78.1237,78.9421,76.7626,74.5838,75.1866,78.334,79.8859,80.2962,78.5474,80.2958,82.3359,81.0419,80.6553,77.3481,81.0364,80.1837,80.7125,82.0834,80.4283,79.6561,,
RUS,Russian Federation,EG.ELC.ACCS.ZS,Access to electricity (% of population),,,,,,,,,,,,,,,,,,,,,,,,,,,,,,,72.976,73.8446,74.5021,74.8039,75.027,75.8495,76.0241,75.5322,75.154,76.3885,78.1289,76.8388,76.5951,77.5105,77.8084,78.0496,78.9302,78.3907,79.3922,78.766,80.0419,80.0472,80.0693,80.2132,81.6731,80.9431,79.6524,80.7786,80.6201,82.7334,82.333,83.2074,81.2239,82.9632,,
RUS,Russian Federation,CC.EST,Control of Corruption: Estimate,,,,,,,,,,,,,,,,,,,,,,,,,,,,,,,0.3388,0.3115,0.4549,0.6841,0.3835,0.5006,0.6452,0.6042,0.7685,0.503,0.4496,0.3712,0.4584,0.3702,0.287,0.7382,0.5085,0.8136,0.4019,0.4511,0.4095,0.4257,0.6074,0.5705,0.6076,0.6637,0.6355,0.3816,0.4397,0.5172,0.9499,0.5953,0.5154,0.5834,,
RUS,Russian Federation,EN.ATM.PM25.MC.M3,"PM2.5 air pollution, mean annual exposure (micrograms per cubic meter)",,,,,,,,,,,,,,,,,,,,,,,,,,,,,,,60.6234,61.8418,62.8001,61.2446,60.0733,61.0113,60.5688,58.9324,60.0308,58.7189,58.8729,58.9367,61.9983,62.7219,58.104,62.6984,58.5582,61.2884,60.476,60.9619,58.1795,57.1296,58.5638,60.3284,62.5435,57.9835,59.2999,58.2445,59.2623,56.3119,61.3752,59.0842,60.3439,58.5398,,
RUS,Russian Federation,NY.GDP.MKTP.KD.ZG,GDP growth (annual %),,,,,,,,,,,,,,,,,,,,,,,,,,,,,,,0.7657,3.1114,0.6185,0.7084,-1.6957,-1.0469,-2.2429,-1.5559,3.4172,4.8107,-2.829,1.2771,-0.5051,3.7816,0.6263,0.2705,-1.5728,-3.5403,2.1915,1.1716,1.2328,-1.2091,-0.0753,2.2668,2.7445,-2.657,-1.2942,-3.1855,0.7923,2.5,-0.4076,-1.368,-0.5491,6.055,,
RUS,Russian Federation,SL.UEM.TOTL.NE.ZS,"Unemployment, total (% of total labor force) (national estimate)",,,,,,,,,,,,,,,,,,,,,,,,,,,,,,,19.141,18.9105,18.705,18.5386,18.0917,18.0142,18.261,18.0681,18.2411,18.4941,18.5324,18.2348,18.7926,18.4505,18.6524,18.1727,18.8914,18.2776,19.3493,18.4325,18.4977,18.8418,18.9509,19.0048,19.4328,18.8759,18.5115,18.2802,18.4781,19.287,17.8515,18.1355,18.4355,18.1288,,
RWA,Rwanda,EG.FEC.RNEW.ZS,Renewable energy consumption (% of total final energy consumption),,,,,,,,,,,,,,,,,,,,,,,,,,,,,,,37.6841,42.2641,38.2055,39.7749,35.7852,37.0468,41.267,42.8877,40.1445,39.2396,40.994,34.9568,40.7599,38.3594,42.1898,36.367,39.6449,40.9697,39.6781,40.6007,43.3105,41.6026,39.9405,43.8324,42.6036,42.8366,40.6166,37.4564,40.8894,40.8359,41.775,41.4679,43.527,45.2134,,
RWA,Rwanda,EG.ELC.ACCS.ZS,Access to electricity (% of population),,,,,,,,,,,,,,,,,,,,,,,,,,,,,,,60.7649,60.8238,59.6859,60.7011,62.1561,59.8862,62.4826,60.8571,62.139,62.4842,62.5559,64.4368,62.6633,61.8424,63.6892,63.518,64.3478,64.8597,64.3771,65.0031,65.0194,66.5875,65.1076,65.1043,66.6086,65.4107,66.7177,66.5183,66.8229,69.1038,68.3913,68.4713,68.3285,67.6008,,
RWA,Rwanda,CC.EST,Control of Corruption: Estimate,,,,,,,,,,,,,,,,,,,,,,,,,,,,,,,0.126,0.1646,0.1185,0.106,0.0469,0.1274,0.0315,0.179,-0.1473,0.2576,-0.0628,-0.0335,0.1437,0.1594,0.344,0.1301,0.0897,0.1175,0.2854,0.3855,0.0724,0.1597,0.0857,0.0833,0.3201,-0.0165,-0.1855,0.1327,0.2387,0.121,0.1549,0.1849,0.1079,0.1613,,
RWA,Rwanda,EN.ATM.PM25.MC.M3,"PM2.5 air pollution, mean annual exposure (micrograms per cubic meter)",,,,,,,,,,,,,,,,,,,,,,,,,,,,,,,9.8015,5.9742,9.0029,6.3929,8.6148,7.8492,10.0631,8.7987,9.0619,7.9849,9.7704,5.7161,6.6889,9.8816,7.2186,4.5734,9.8911,9.2475,8.6186,7.6137,9.8832,9.2,9.5539,8.1954,7.2563,6.3934,5.0087,7.5852,7.6301,6.1474,7.5126,6.0138,7.7332,5.0289,,
RWA,Rwanda,NY.GDP.MKTP.KD.ZG,GDP growth (annual %),,,,,,,,,,,,,,,,,,,,,,,,,,,,,,,-2.3895,-0.3532,2.3202,-2.6487,2.8725,-3.8582,-0.3686,-3.2844,-6.2765,1.1644,-0.1963,-3.2445,-1.0433,1.3528,-0.6721,-0.2484,-0.7479,-1.2075,-1.2401,-1.3135,-1.6346,-2.295,-0.701,-1.3515,-2.431,2.1633,3.3299,0.248,0.4145,-1.4831,2.9159,4.5937,-0.1612,-1.0553,,
RWA,Rwanda,SL.UEM.TOTL.NE.ZS,"Unemployment, total (% of total labor force) (national estimate)",,,,,,,,,,,,,,,,,,,,,,,,,,,,,,,15.7173,15.611,15.2965,15.7822,16.0157,15.1537,16.8176,14.7801,15.1207,15.6636,16.67,15.2653,15.0137,15.8212,15.4223,15.8792,15.5112,15.118,16.721,14.0694,16.4567,16.0132,15.1738,16.4828,14.8609,16.0506,14.5052,14.9736,14.9724,15.1712,15.5524,15.1336,14.5284,15.7783,,
SAU,Saudi Arabia,EG.FEC.RNEW.ZS,Renewable energy consumption (% of total final energy consumption),,,,,,,,,,,,,,,,,,,,,,,,,,,,,,,11.7218,12.5917,12.2677,13.9824,12.0729,14.3989,10.9725,11.2366,15.576,15.6852,14.2714,11.4957,11.4846,16.23,16.2692,13.7467,18.7077,15.0917,12.1095,13.9226,14.6348,14.9467,17.4239,13.1613,12.5609,16.5785,14.5099,20.5209,17.7103,14.9231,18.5496,17.7347,17.6913,16.3294,,
SAU,Saudi Arabia,EG.ELC.ACCS.ZS,Access to electricity (% of population),,,,,,,,,,,,,,,,,,,,,,,,,,,,,,,74.5412,72.7725,75.7586,72.206,74.8512,74.1783,75.3042,75.8956,75.2475,74.2353,76.8705,78.624,76.9239,78.2224,78.9084,76.4349,77.8391,77.4338,78.0599,80.3165,79.3838,80.0859,79.6698,78.9864,80.7474,81.4569,80.9588,81.3462,80.217,82.0204,82.7817,82.2786,80.7675,83.7634,,
SAU,Saudi Arabia,CC.EST,Control of Corruption: Estimate,,,,,,,,,,,,,,,,,,,,,,,,,,,,,,,-1.3866,-1.2267,-1.1589,-1.1437,-1.4893,-1.2592,-1.2671,-1.1006,-1.2182,-1.0995,-1.2085,-1.2822,-1.25,-1.0904,-1.4289,-1.1645,-1.3486,-1.3744,-1.1504,-1.3792,-1.228,-1.3319,-1.5561,-1.2159,-1.2581,-1.5025,-1.3571,-1.4901,-1.1855,-1.1067,-1.1713,-1.1546,-1.3354,-1.2076,,
SAU,Saudi Arabia,EN.ATM.PM25.MC.M3,"PM2.5 air pollution, mean annual exposure (micrograms per cubic meter)",,,,,,,,,,,,,,,,,,,,,,,,,,,,,,,38.0765,38.2881,39.3663,39.6134,37.1855,35.5787,37.329,37.2012,37.877,38.6196,34.4183,36.2038,35.6843,38.9265,36.6576,36.1208,37.6176,35.8406,36.6273,39.2912,39.1696,35.7991,36.0566,35.3216,33.2813,37.6444,39.6421,35.265,34.6249,35.3609,35.8177,33.9068,34.8424,36.9725,,
SAU,Saudi Arabia,NY.GDP.MKTP.KD.ZG,GDP growth (annual %),,,,,,,,,,,,,,,,,,,,,,,,,,,,,,,1.1176,3.9751,1.711,-1.9232,-0.6409,1.4202,-2.0074,-2.3317,-2.1814,2.0886,-0.1165,3.7552,-1.4419,-5.3444,0.4724,4.918,0.8855,-2.6311,-3.2616,3.7939,-1.2195,4.6536,2.4344,-1.1248,3.717,-1.5106,-2.8192,-1.3677,2.721,3.644,-0.1909,-3.8717,-3.0928,-1.87,,
SAU,Saudi Arabia,SL.UEM.TOTL.NE.ZS,"Unemployment, total (% of total labor force) (national estimate)",,,,,,,,,,,,,,,,,,,,,,,,,,,,,,,8.3994,9.1792,10.0155,9.4443,8.4823,8.6992,8.7968,9.241,9.8321,8.8127,9.8158,10.0984,8.8715,8.8586,8.8661,9.0777,8.8673,9.4885,8.272,8.7791,9.211,9.4815,10.1441,8.4019,8.7204,7.9132,8.4915,8.162,8.7858,8.9323,9.2812,8.8971,9.2814,9.1035,,
SDN,Sudan,EG.FEC.RNEW.ZS,Renewable energy consumption (% of total final energy consumption),,,,,,,,,,,,,,,,,,,,,,,,,,,,,,,60.457,59.3011,63.991,66.2667,68.1944,65.1446,66.3387,64.4966,64.3277,64.0957,63.8121,65.3878,63.2825,64.1788,62.2677,65.7235,63.0055,65.1412,66.2247,66.5455,67.0667,65.2471,66.7958,65.0004,62.1819,67.3343,67.0206,68.6003,66.6731,63.6673,66.8404,68.9468,68.2757,67.1802,,
SDN,Sudan,EG.ELC.ACCS.ZS,Access to electricity (% of population),,,,,,,,,,,,,,,,,,,,,,,,,,,,,,,52.9821,53.7421,55.1947,53.7308,55.0583,55.5936,56.7329,56.5545,57.0832,56.8044,56.1366,56.572,56.5668,58.0355,57.2578,57.7477,58.3309,59.876,59.3386,58.4446,59.4344,60.884,60.3051,58.7843,59.5807,59.7694,61.9655,62.0679,60.8129,61.0456,61.8487,62.1226,61.5431,62.3636,,
SDN,Sudan,CC.EST,Control of Corruption: Estimate,,,,,,,,,,,,,,,,,,,,,,,,,,,,,,,0.1576,0.4847,0.1208,0.1195,0.3842,0.1836,0.2719,0.3396,0.4131,0.3055,0.5455,0.332,0.4749,0.3654,0.5878,0.459,0.3372,0.4075,0.3007,0.2995,0.1756,0.235,0.5793,0.1875,0.2534,0.3208,0.3248,0.3781,0.2757,0.3855,0.4691,0.484,0.2999,0.4054,,
SDN,Sudan,EN.ATM.PM25.MC.M3,"PM2.5 air pollution, mean annual exposure (micrograms per cubic meter)",,,,,,,,,,,,,,,,,,,,,,,,,,,,,,,43.7451,44.3017,43.5437,45.1557,43.8555,42.7832,44.4053,42.3114,46.8151,43.908,46.1423,43.8462,42.7119,46.1876,44.4773,47.0946,43.4845,43.4369,45.5315,45.4619,44.0944,48.7872,43.2834,41.7201,42.0405,43.0522,45.6624,43.0248,45.5734,43.7959,44.6893,43.565,43.4732,43.9534,,
SDN,Sudan,NY.GDP.MKTP.KD.ZG,GDP growth (annual %),,,,,,,,,,,,,,,,,,,,,,,,,,,,,,,1.0697,1.0972,3.3604,7.3393,-1.3654,-2.5864,1.8272,5.0636,2.615,-0.4368,2.6843,-1.8459,4.0588,1.7138,2.2814,3.5545,3.0007,1.1334,5.0706,4.4789,-1.9492,1.9109,-0.2142,-0.6836,3.8244,1.4384,2.1296,0.8123,3.412,4.1824,7.9122,2.0341,-1.1345,1.2268,,
SDN,Sudan,SL.UEM.TOTL.NE.ZS,"Unemployment, total (% of total labor force) (national estimate)",,,,,,,,,,,,,,,,,,,,,,,,,,,,,,,19.3496,18.5398,18.185,18.5502,18.6594,18.3848,19.0348,18.8866,19.321,18.7032,19.2051,18.68,18.3613,18.6546,18.117,19.8202,18.9974,18.5284,18.7373,17.7009,19.6433,19.5944,18.9799,19.0858,18.2923,18.3286,18.0775,18.8456,19.4566,18.7345,19.1,19.4155,18.1141,19.8489,,
SEN,Senegal,EG.FEC.RNEW.ZS,Renewable energy consumption (% of total final energy consumption),,,,,,,,,,,,,,,,,,,,,,,,,,,,,,,65.9204,64.7836,65.754,65.9979,64.791,67.2123,63.6004,65.5794,67.4491,59.5734,65.9817,66.705,61.9889,66.1194,64.1184,66.6494,65.8158,64.2631,68.5251,65.619,67.1457,69.3839,65.0724,67.0719,66.2151,66.8114,71.8179,68.5693,68.433,69.0039,68.9663,64.6041,72.9993,65.627,,
SEN,Senegal,EG.ELC.ACCS.ZS,Access to electricity (% of population),,,,,,,,,,,,,,,,,,,,,,,,,,,,,,,50.3572,49.7155,49.6157,49.4767,52.0553,50.7047,50.4853,50.2929,50.447,51.2616,50.7266,52.2648,51.4546,53.0251,53.2572,52.6768,53.4354,53.7254,52.3013,55.1065,53.7665,54.7776,55.05,52.7295,54.4456,55.8934,55.5209,56.2723,56.045,57.2046,56.5624,57.8604,56.1871,57.119,,
SEN,Senegal,CC.EST,Control of Corruption: Estimate,,,,,,,,,,,,,,,,,,,,,,,,,,,,,,,-2.4153,-2.2974,-2.3775,-2.3716,-2.4287,-2.3994,-2.3453,-2.5,-2.5,-2.337,-2.5,-2.3673,-2.3893,-2.279,-2.4247,-2.1557,-2.2423,-2.5,-2.3782,-2.1608,-2.4278,-2.3504,-2.1756,-2.409,-2.2093,-2.4533,-2.5,-2.1967,-2.2914,-2.2835,-2.4752,-2.4657,-2.206,-2.3149,,
SEN,Senegal,EN.ATM.PM25.MC.M3,"PM2.5 air pollution, mean annual exposure (micrograms per cubic meter)",,,,,,,,,,,,,,,,,,,,,,,,,,,,,,,27.1163,27.5438,29.3952,28.138,26.2605,24.7872,27.6945,25.3465,24.8789,28.5461,27.8011,26.991,24.4748,28.9363,27.7157,25.6368,25.2395,26.0502,25.1348,29.0902,25.1142,24.0106,27.9151,24.5989,26.5521,26.3055,25.1246,23.6729,24.9802,23.2177,24.8569,25.9716,27.3091,23.0207,,
SEN,Senegal,NY.GDP.MKTP.KD.ZG,GDP growth (annual %),,,,,,,,,,,,,,,,,,,,,,,,,,,,,,,1.5517,0.8658,2.8622,-1.6267,-0.1438,-2.0522,-1.4179,0.5268,6.3551,3.0469,2.3403,5.5451,3.1368,3.3718,0.9953,0.5845,-1.1,0.6751,1.4765,3.0396,2.086,1.2652,-0.1013,3.1757,0.9334,3.0623,-2.6053,3.0189,4.0451,3.7267,1.686,4.4661,-1.0045,1.9548,,
SEN,Senegal,SL.UEM.TOTL.NE.ZS,"Unemployment, total (% of total labor force) (national estimate)",,,,,,,,,,,,,,,,,,,,,,,,,,,,,,,3.7775,4.3924,2.864,3.3452,4.7479,2.659,4.2815,3.5241,4.0016,4.5811,4.0208,4.5915,3.6281,3.6942,4.2677,3.6545,4.1729,4.4661,4.3084,3.0848,3.7035,4.0152,3.7523,3.9139,4.0218,3.611,3.7775,3.2837,3.6353,3.1109,3.9325,3.7776,3.4163,4.7669,,
SGP,Singapore,EG.FEC.RNEW.ZS,Renewable energy consumption (% of total final energy consumption),,,,,,,,,,,,,,,,,,,,,,,,,,,,,,,44.2185,45.4324,43.732,44.3306,45.9581,44.7948,45.6159,47.3729,44.8732,43.395,43.1568,49.2362,48.3716,47.9709,45.9372,44.2931,46.5447,47.0726,45.1462,44.62,44.2487,49.1741,45.5986,48.7781,47.5137,49.6386,49.2809,48.2954,49.1702,48.8386,47.9786,51.3195,48.6632,49.4856,,
SGP,Singapore,EG.ELC.ACCS.ZS,Access to electricity (% of population),,,,,,,,,,,,,,,,,,,,,,,,,,,,,,,72.6627,74.264,73.8063,74.1633,74.1231,74.9456,73.6896,76.0907,75.7639,75.671,75.0562,76.8912,76.2873,78.0897,77.6838,78.7725,77.9044,78.907,78.665,78.184,78.9446,78.3776,80.9498,79.4641,79.8158,80.3568,79.4252,81.6019,79.9745,80.0436,81.1616,80.5213,83.0443,81.8602,,
SGP,Singapore,CC.EST,Control of Corruption: Estimate,,,,,,,,,,,,,,,,,,,,,,,,,,,,,,,-1.2153,-0.8048,-0.7624,-0.8794,-0.9915,-0.8412,-0.8866,-0.9458,-0.9564,-0.81,-0.7204,-0.7734,-1.0361,-0.7549,-0.7361,-0.6615,-0.9428,-0.8356,-0.7607,-0.8921,-0.7626,-0.8317,-0.9304,-0.9201,-0.6789,-0.9484,-0.9689,-0.7875,-0.8324,-0.9862,-0.8911,-0.9268,-0.9058,-0.5258,,
SGP,Singapore,EN.ATM.PM25.MC.M3,"PM2.5 air pollution, mean annual exposure (micrograms per cubic meter)",,,,,,,,,,,,,,,,,,,,,,,,,,,,,,,70.0737,69.1257,73.4002,71.6199,71.2948,68.8779,71.8348,71.1919,70.1082,67.2331,69.6977,72.2424,69.8981,68.9228,69.0649,69.0887,68.0481,69.1057,71.2516,71.0017,67.796,70.7614,69.9092,69.6375,69.2554,67.132,67.8392,69.6169,66.4772,66.6464,68.5868,66.8632,69.2034,66.7562,,
SGP,Singapore,NY.GDP.MKTP.KD.ZG,GDP growth (annual %),,,,,,,,,,,,,,,,,,,,,,,,,,,,,,,0.5906,0.7999,-1.2255,-0.6194,-1.7203,-0.0668,-2.4245,-0.5791,1.8509,-2.8622,-1.238,1.2753,-5.2144,4.6187,2.5928,-3.8661,-5.2808,0.0537,-2.8209,2.3834,0.9647,0.2881,-1.4459,3.9797,1.8633,1.4876,2.9798,-2.5675,3.1915,-0.6818,0.8165,-0.4115,-4.715,2.3731,,
SGP,Singapore,SL.UEM.TOTL.NE.ZS,"Unemployment, total (% of total labor force) (national estimate)",,,,,,,,,,,,,,,,,,,,,,,,,,,,,,,3.3651,3.7941,4.0509,3.3005,3.727,4.3998,4.104,4.1453,3.8198,4.3004,4.1147,3.4569,4.1769,3.6564,4.7262,4.0816,5.5381,4.7608,4.2122,4.5671,3.2324,4.7585,3.8672,4.3222,3.9135,3.9667,4.1868,4.3158,4.2639,4.2763,3.4645,5.4434,4.3933,4.4961,,
SLB,Solomon Islands,EG.FEC.RNEW.ZS,Renewable energy consumption (% of total final energy consumption),,,,,,,,,,,,,,,,,,,,,,,,,,,,,,,62.5751,61.6568,63.8572,64.2837,66.4587,68.1603,67.1091,60.772,63.5343,65.2767,63.9545,64.8174,60.7648,67.0335,61.6042,62.3601,63.6258,65.61,62.7096,63.9843,68.553,66.1804,67.4222,64.2326,66.7474,66.7334,65.5646,67.2029,63.6708,68.4823,66.9561,67.3907,69.7586,69.0692,,
SLB,Solomon Islands,EG.ELC.ACCS.ZS,Access to electricity (% of population),,,,,,,,,,,,,,,,,,,,,,,,,,,,,,,66.9523,66.5637,68.7699,66.8848,68.7104,67.179,69.4412,69.7654,67.6768,69.8164,70.0001,70.5194,70.4991,69.6871,70.5331,72.2887,70.3207,71.7152,72.6279,71.1643,71.0735,71.4441,73.0229,71.9373,73.0986,74.554,73.6659,73.3347,74.3073,74.402,75.0691,76.2523,75.5244,77.084,,
SLB,Solomon Islands,CC.EST,Control of Corruption: Estimate,,,,,,,,,,,,,,,,,,,,,,,,,,,,,,,0.9966,0.8499,1.2166,0.927,0.8154,1.2209,0.854,0.8493,0.8758,0.9618,1.0537,0.6242,1.0532,0.8755,0.8925,1.1478,0.9676,0.9957,0.9362,1.0336,1.1362,0.645,1.0722,1.1277,1.0021,0.8607,0.8037,1.2254,0.8334,1.1241,0.9889,1.1875,0.9038,0.7491,,
SLB,Solomon Islands,EN.ATM.PM25.MC.M3,"PM2.5 air pollution, mean annual exposure (micrograms per cubic meter)",,,,,,,,,,,,,,,,,,,,,,,,,,,,,,,41.9636,39.6507,45.8159,42.6646,42.8075,42.7285,40.4399,41.2023,41.4859,44.1562,39.4247,39.9874,40.4559,39.9099,38.6519,36.7033,37.9401,42.2489,40.508,41.6936,39.4866,40.1328,42.6201,42.4494,41.4533,40.264,40.6573,40.3563,39.4699,39.0338,41.2439,37.5369,41.6314,38.9072,,
SLB,Solomon Islands,NY.GDP.MKTP.KD.ZG,GDP growth (annual %),,,,,,,,,,,,,,,,,,,,,,,,,,,,,,,-2.6763,-0.755,-1.5772,-0.8304,-0.8761,-0.9754,-0.1611,0.4469,2.5185,-0.0036,1.4239,0.6276,1.9603,0.7255,-1.0082,-1.6867,1.1344,3.7923,0.036,-1.1433,-0.0316,-0.7947,-1.0586,-3.0002,-0.0022,1.1983,-2.096,-1.587,-1.7613,-2.8579,-1.7802,0.1142,-2.7463,0.265,,
SLB,Solomon Islands,SL.UEM.TOTL.NE.ZS,"Unemployment, total (% of total labor force) (national estimate)",,,,,,,,,,,,,,,,,,,,,,,,,,,,,,,16.573,16.4602,17.1133,16.6047,16.6897,17.5737,16.4647,17.7077,16.7508,16.3567,16.6478,16.9591,17.552,17.3242,16.9567,17.5547,15.9842,17.0495,17.0797,17.0858,16.1197,16.4163,16.8415,17.4821,17.8824,16.5925,16.2698,17.3326,18.2319,17.4782,16.5504,18.3553,17.2681,16.5292,,
SLE,Sierra Leone,EG.FEC.RNEW.ZS,Renewable energy consumption (% of total final energy consumption),,,,,,,,,,,,,,,,,,,,,,,,,,,,,,,72.8219,67.3633,68.0111,70.8565,69.5035,69.7773,69.9307,72.2322,65.5045,70.8723,69.8729,69.0983,69.243,65.6291,69.4564,73.7842,73.0174,71.1205,68.8308,73.447,74.573,74.1717,70.3158,70.6735,75.8651,70.2847,73.8097,69.4478,72.5526,74.4736,73.3933,74.6511,71.3009,72.2633,,
SLE,Sierra Leone,EG.ELC.ACCS.ZS,Access to electricity (% of population),,,,,,,,,,,,,,,,,,,,,,,,,,,,,,,80.5407,80.9628,80.8311,81.6629,79.8295,81.0323,83.1134,82.932,82.6622,82.281,83.4831,83.2486,81.9413,84.2019,82.9624,84.513,82.8625,85.6845,84.4354,84.0178,84.6045,85.1358,85.6507,86.9598,86.2114,84.6685,85.6715,89.1113,87.2636,88.1659,87.4086,87.1016,87.7702,88.5079,,
SLE,Sierra Leone,CC.EST,Control of Corruption: Estimate,,,,,,,,,,,,,,,,,,,,,,,,,,,,,,,-1.1945,-0.9091,-1.2132,-1.2659,-1.0422,-1.0274,-1.1357,-1.2115,-1.3674,-0.9928,-1.035,-1.1921,-1.1321,-1.1665,-0.9438,-1.2638,-1.2137,-1.2253,-1.1021,-1.1325,-1.1153,-1.2449,-0.9611,-1.1938,-0.9968,-0.7626,-1.2441,-1.0982,-1.1551,-0.8956,-1.173,-1.1094,-1.1121,-1.1513,,
SLE,Sierra Leone,EN.ATM.PM25.MC.M3,"PM2.5 air pollution, mean annual exposure (micrograms per cubic meter)",,,,,,,,,,,,,,,,,,,,,,,,,,,,,,,56.3028,55.2297,55.7324,55.25,53.9428,54.3662,55.5227,55.4366,56.3971,57.2385,53.588,54.4919,53.9195,52.4686,54.8964,55.1364,52.2741,53.2479,53.0215,51.387,53.515,51.7717,53.6481,53.7333,53.8391,53.8316,55.386,51.7966,51.7919,53.8324,52.5716,54.3776,53.4521,55.4068,,
SLE,Sierra Leone,NY.GDP.MKTP.KD.ZG,GDP growth (annual %),,,,,,,,,,,,,,,,,,,,,,,,,,,,,,,0.8961,-2.5807,1.976,0.9452,2.4606,2.7809,-0.212,-1.3981,0.7595,-4.8286,1.3261,0.1058,3.2786,-3.8402,1.1402,5.0649,2.8129,3.5761,1.9737,-3.0295,1.5407,2.1456,-1.5712,0.808,-6.1283,0.2891,0.0334,4.63,-0.3837,0.4585,0.9263,-0.3514,2.9239,-3.8566,,
SLE,Sierra Leone,SL.UEM.TOTL.NE.ZS,"Unemployment, total (% of total labor force) (national estimate)",,,,,,,,,,,,,,,,,,,,,,,,,,,,,,,5.1252,4.551,5.2077,3.1833,3.3388,4.4109,4.8099,4.2794,4.8488,5.0476,4.8899,4.6085,4.6047,4.2495,4.5292,4.0448,4.1645,4.8141,4.3255,4.1881,4.7815,4.7468,4.4492,4.4824,4.7649,5.0414,4.6574,3.9609,4.4462,4.3533,4.0304,4.8059,4.8443,4.92,,
SLV,El Salvador,EG.FEC.RNEW.ZS,Renewable energy consumption (% of total final energy consumption),,,,,,,,,,,,,,,,,,,,,,,,,,,,,,,76.4033,78.85,78.6725,79.4499,79.2445,79.11,79.0196,81.6488,77.8615,79.3887,82.0478,78.413,78.6649,81.803,77.6373,81.9563,79.8058,81.7551,78.6436,83.6052,78.9506,82.985,79.3342,85.4517,81.8423,86.0368,80.6473,81.5498,85.0065,79.8827,81.4866,84.0252,81.1475,84.3787,,
SLV,El Salvador,EG.ELC.ACCS.ZS,Access to electricity (% of population),,,,,,,,,,,,,,,,,,,,,,,,,,,,,,,44.0295,42.9323,45.1674,43.6333,45.5102,45.246,45.0292,44.7589,46.1566,45.4452,47.3596,47.6388,48.2068,47.3679,47.0698,47.4057,47.5971,48.3416,48.7425,49.6285,48.9093,48.0206,49.0673,50.8879,48.6479,50.7345,50.0808,49.9364,51.2097,52.392,51.6656,51.4332,50.8564,52.0641,,
SLV,El Salvador,CC.EST,Control of Corruption: Estimate,,,,,,,,,,,,,,,,,,,,,,,,,,,,,,,2.0913,2.214,2.2436,1.9679,2.4178,2.1026,2.2289,2.3152,2.4082,2.1561,1.9501,2.3806,2.1012,2.2943,2.3018,1.8609,2.0574,2.1959,1.9411,2.0906,2.2659,2.2406,2.2875,2.3051,2.0494,2.097,2.3426,2.4341,2.1351,2.2823,2.348,2.2797,2.2213,2.1743,,
SLV,El Salvador,EN.ATM.PM25.MC.M3,"PM2.5 air pollution, mean annual exposure (micrograms per cubic meter)",,,,,,,,,,,,,,,,,,,,,,,,,,,,,,,45.8884,42.9748,43.3339,43.157,41.3719,42.5867,41.9471,41.8403,42.7459,40.817,40.3033,42.7846,41.1531,41.353,38.8973,43.1551,42.4165,42.6126,42.0515,39.1166,41.654,40.3168,39.7062,41.8206,43.4783,43.1505,41.7637,40.7051,40.3472,39.2337,40.1059,41.7933,43.0852,39.0458,,
SLV,El Salvador,NY.GDP.MKTP.KD.ZG,GDP growth (annual %),,,,,,,,,,,,,,,,,,,,,,,,,,,,,,,-4.6544,-0.9941,2.593,5.5138,3.6082,3.5463,-1.7908,-1.7204,-2.9764,-1.3306,2.6183,4.3943,1.1969,-0.3047,-2.3337,0.0518,0.8409,-3.3246,2.6368,-0.7267,2.4866,0.3058,1.0761,-1.4218,-0.5284,1.9382,0.0044,-2.4293,0.612,1.2973,3.7653,3.2145,0.1715,-1.0352,,
SLV,El Salvador,SL.UEM.TOTL.NE.ZS,"Unemployment, total (% of total labor force) (national estimate)",,,,,,,,,,,,,,,,,,,,,,,,,,,,,,,12.0982,11.9504,12.4654,12.7331,12.8322,12.0062,11.9563,12.0021,11.2463,11.6109,12.195,12.402,12.4579,11.8221,11.9668,12.0776,12.0218,12.5563,11.5582,11.6377,12.0631,11.5295,11.2621,11.4656,12.091,12.5276,12.538,13.0063,12.2631,12.3304,12.0871,12.1114,13.2526,12.343,,
SMR,San Marino,EG.FEC.RNEW.ZS,Renewable energy consumption (% of total final energy consumption),,,,,,,,,,,,,,,,,,,,,,,,,,,,,,,75.5322,72.6954,75.9565,76.6023,77.6563,76.8458,75.4822,75.5468,75.8915,76.4,78.871,78.6309,78.1415,80.8441,71.6232,76.1655,77.2131,76.0412,75.6762,74.2513,77.213,79.7737,79.6835,76.7814,78.8762,81.3009,75.6955,78.568,79.6087,79.2057,81.0369,76.49,77.624,81.1497,,
SMR,San Marino,EG.ELC.ACCS.ZS,Access to electricity (% of population),,,,,,,,,,,,,,,,,,,,,,,,,,,,,,,81.2328,83.494,83.4545,83.9382,83.2192,84.2525,83.1568,84.013,84.6237,84.1256,85.2691,84.4293,85.8095,87.2381,85.0893,86.3266,85.3002,86.1783,87.6562,87.0001,88.1885,88.1293,88.043,87.5211,89.143,89.0879,87.8722,88.573,87.3794,88.7521,89.8439,89.4999,89.9293,91.9571,,
SMR,San Marino,CC.EST,Control of Corruption: Estimate,,,,,,,,,,,,,,,,,,,,,,,,,,,,,,,1.6563,1.4494,1.628,1.6786,1.607,1.5687,1.6646,1.6251,1.3872,1.5101,1.4666,1.6711,1.4632,1.4425,1.656,1.564,1.7862,1.4293,1.4705,1.6674,1.3793,1.6912,1.3879,1.606,1.3116,1.5382,1.3685,1.764,1.4042,1.4333,1.5971,1.4607,1.6168,1.4475,,
SMR,San Marino,EN.ATM.PM25.MC.M3,"PM2.5 air pollution, mean annual exposure (micrograms per cubic meter)",,,,,,,,,,,,,,,,,,,,,,,,,,,,,,,59.8147,60.8752,59.0112,61.3511,61.9925,61.4261,61.4815,57.5493,59.6641,59.936,62.3783,59.2446,56.584,58.4506,58.8848,56.5619,61.1696,57.2822,60.2256,57.838,61.6571,58.9024,58.5179,59.949,57.5656,59.8599,58.1941,57.9447,58.6252,57.0421,58.3102,59.0258,54.9735,59.9935,,
SMR,San Marino,NY.GDP.MKTP.KD.ZG,GDP growth (annual %),,,,,,,,,,,,,,,,,,,,,,,,,,,,,,,4.6552,-2.0212,-2.4108,4.72,4.5265,4.1728,-0.9521,7.1869,0.7277,3.2139,3.2447,6.5976,2.9282,3.6548,2.4224,-0.3763,-3.1814,2.6967,-0.9157,3.4907,2.9871,2.9263,-0.0171,5.2066,3.8022,-0.339,7.7866,2.0883,-0.7205,0.7194,-1.157,6.0138,5.3164,4.4639,,
SMR,San Marino,SL.UEM.TOTL.NE.ZS,"Unemployment, total (% of total labor force) (national estimate)",,,,,,,,,,,,,,,,,,,,,,,,,,,,,,,17.7119,18.0605,17.3153,17.6477,17.0304,17.3596,17.6614,15.8958,17.1265,17.5188,17.3976,17.2101,17.7309,17.0825,16.8254,18.0282,17.9577,17.1368,17.402,17.8593,17.4583,17.7014,17.6741,17.2767,17.6943,16.9539,17.6335,17.3993,17.256,16.813,17.5022,17.4556,17.0165,16.6379,,
SOM,"Somalia, Fed. Rep.",EG.FEC.RNEW.ZS,Renewable energy consumption (% of total final energy consumption),,,,,,,,,,,,,,,,,,,,,,,,,,,,,,,21.6845,24.6153,25.8864,29.1234,25.4831,22.4727,25.4596,28.5262,24.8078,28.5606,26.8249,27.9172,30.4912,23.2489,28.8664,27.034,25.4751,27.3222,31.0554,30.4933,23.972,26.5838,30.1592,28.38,28.5374,25.5868,27.3825,26.307,25.8668,26.808,27.6172,28.1012,28.0892,31.9644,,
SOM,"Somalia, Fed. Rep.",EG.ELC.ACCS.ZS,Access to electricity (% of population),,,,,,,,,,,,,,,,,,,,,,,,,,,,,,,66.0869,68.2036,66.9254,67.914,68.1895,67.3443,68.0502,68.1603,69.1106,68.9595,68.7139,69.6579,70.0843,71.5427,70.3671,70.5706,71.1553,70.3031,69.9322,71.3129,72.6703,73.0495,70.8091,73.0955,71.0648,73.43,73.6321,72.1834,74.6127,75.4577,74.2626,74.6754,75.9959,74.1616,,
SOM,"Somalia, Fed. Rep.",CC.EST,Control of Corruption: Estimate,,,,,,,,,,,,,,,,,,,,,,,,,,,,,,,-1.5261,-1.4947,-1.3895,-1.3898,-1.4603,-1.43,-1.4587,-1.453,-1.4862,-1.4852,-1.6341,-1.4208,-1.6286,-1.3039,-1.4611,-1.4083,-1.4387,-1.4232,-1.2423,-1.5561,-1.5888,-1.3796,-1.4535,-1.3508,-1.308,-1.5267,-1.3215,-1.5166,-1.385,-1.5424,-1.3781,-1.3965,-1.5263,-1.557,,
SOM,"Somalia, Fed. Rep.",EN.ATM.PM25.MC.M3,"PM2.5 air pollution, mean annual exposure (micrograms per cubic meter)",,,,,,,,,,,,,,,,,,,,,,,,,,,,,,,90.0777,88.1923,90.3098,87.8967,90.5851,87.1292,90.6809,88.6533,88.9115,86.7257,89.2456,89.2177,87.5051,84.7108,86.1618,86.0816,88.3458,86.8942,86.8434,86.5823,89.5557,87.3398,87.4884,86.1827,86.9873,85.4882,87.3874,85.072,87.8281,85.5294,87.9744,89.3327,86.3934,88.2792,,
SOM,"Somalia, Fed. Rep.",NY.GDP.MKTP.KD.ZG,GDP growth (annual %),,,,,,,,,,,,,,,,,,,,,,,,,,,,,,,5.6269,0.1663,4.0256,5.0013,5.2426,4.1938,4.1615,3.761,4.0812,0.6891,3.1577,0.1158,2.5042,2.2713,2.1116,1.1182,4.4215,2.9531,2.6972,0.2293,3.0036,6.6121,6.6503,4.682,3.0104,5.1457,2.0799,3.0001,1.892,6.0192,5.6983,3.6616,8.0764,4.7796,,
SOM,"Somalia, Fed. Rep.",SL.UEM.TOTL.NE.ZS,"Unemployment, total (% of total labor force) (national estimate)",,,,,,,,,,,,,,,,,,,,,,,,,,,,,,,3.8484,3.7948,3.0391,3.2231,3.6429,3.6471,3.9651,3.3363,3.7056,3.7145,3.7344,3.6785,2.9683,2.5396,3.1994,3.4047,3.081,3.6424,4.2153,4.0333,3.9034,4.1629,3.2079,3.4419,3.9777,3.433,3.4603,4.6015,3.718,4.5521,2.7586,3.3548,3.8747,3.7171,,
SRB,Serbia,EG.FEC.RNEW.ZS,Renewable energy consumption (% of total final energy consumption),,,,,,,,,,,,,,,,,,,,,,,,,,,,,,,57.3349,61.1369,66.692,62.3898,63.2549,60.9081,62.8326,62.4714,64.8836,64.97,63.761,63.2379,59.8878,59.9681,63.7098,65.4453,66.5095,62.2165,61.1275,66.1619,62.8166,61.4419,63.7587,63.8738,67.6864,66.9273,63.8712,68.2919,65.8961,67.9177,68.6004,65.5708,67.3887,65.5825,,
SRB,Serbia,EG.ELC.ACCS.ZS,Access to electricity (% of population),,,,,,,,,,,,,,,,,,,,,,,,,,,,,,,95.8852,95.4634,96.4094,97.1109,96.5789,96.3164,96.5797,94.5255,96.5709,98.1372,98.417,97.3035,98.2728,98.2397,99.1928,100.0,99.7079,98.855,99.5784,100.0,99.0142,99.8991,100.0,100.0,100.0,100.0,100.0,100.0,100.0,100.0,100.0,100.0,100.0,100.0,,
SRB,Serbia,CC.EST,Control of Corruption: Estimate,,,,,,,,,,,,,,,,,,,,,,,,,,,,,,,-1.5313,-1.6233,-1.4957,-1.7529,-1.8066,-1.6008,-1.3506,-1.4521,-1.6941,-1.5352,-1.6734,-1.546,-1.5366,-1.4859,-1.785,-1.749,-1.6062,-1.721,-1.7303,-1.5645,-1.707,-1.3262,-1.6611,-1.6296,-1.5614,-1.7781,-1.5361,-1.5561,-1.639,-1.5643,-1.5457,-1.4249,-1.2971,-1.7245,,
SRB,Serbia,EN.ATM.PM25.MC.M3,"PM2.5 air pollution, mean annual exposure (micrograms per cubic meter)",,,,,,,,,,,,,,,,,,,,,,,,,,,,,,,51.3293,53.3495,49.997,54.0095,53.125,53.4263,52.34,53.0979,53.3437,52.8554,50.4577,52.6534,55.0963,52.5967,52.3609,54.4154,50.8769,53.2499,51.0401,53.3852,52.8724,50.9769,51.1164,52.9021,48.5722,50.6125,52.126,50.6532,51.2376,47.8936,49.5936,51.8145,49.5888,48.6817,,
SRB,Serbia,NY.GDP.MKTP.KD.ZG,GDP growth (annual %),,,,,,,,,,,,,,,,,,,,,,,,,,,,,,,6.2737,4.9089,0.8984,3.966,0.9798,3.2385,4.0597,1.5985,5.4755,5.8631,4.2786,4.6547,-0.0124,7.0252,3.3914,1.2816,3.9843,5.4834,4.9006,0.908,5.5138,3.468,4.8727,1.6158,6.2345,4.0765,6.5918,-0.2175,0.1161,3.0196,7.2888,8.5267,1.3986,3.7523,,
SRB,Serbia,SL.UEM.TOTL.NE.ZS,"Unemployment, total (% of total labor force) (national estimate)",,,,,,,,,,,,,,,,,,,,,,,,,,,,,,,3.6547,3.9362,4.0196,3.0199,3.6094,2.5728,3.9825,3.4078,2.9744,3.7434,3.3921,4.2078,3.1308,4.6886,4.0044,4.2209,3.0627,4.4713,2.9708,3.4722,4.2294,3.8305,2.9575,4.1448,3.7471,3.369,2.8061,3.7945,3.4954,3.6552,2.7845,3.3678,3.8172,4.5153,,
SSD,South Sudan,EG.FEC.RNEW.ZS,Renewable energy consumption (% of total final energy consumption),,,,,,,,,,,,,,,,,,,,,,,,,,,,,,,60.3831,63.8302,62.6683,61.7112,59.3689,59.6027,62.9287,60.7906,60.7629,61.7824,61.966,64.2452,61.5826,64.3461,63.773,59.6956,63.7826,58.0081,61.7032,64.5698,63.7723,60.4078,61.8553,59.0258,61.7085,65.7017,63.5788,65.1835,65.0209,65.2088,67.3399,65.0378,67.415,60.7889,,
SSD,South Sudan,EG.ELC.ACCS.ZS,Access to electricity (% of population),,,,,,,,,,,,,,,,,,,,,,,,,,,,,,,55.2168,53.5456,53.9693,54.514,56.1948,54.8662,55.303,55.3083,56.532,57.1726,58.1911,58.9975,57.8478,57.8702,56.8538,59.6051,58.5,58.3464,59.1377,58.5686,57.4575,60.0351,60.9017,60.5232,60.322,60.5883,60.9655,61.191,61.2791,61.598,63.0717,62.4555,62.4118,63.1051,,
SSD,South Sudan,CC.EST,Control of Corruption: Estimate,,,,,,,,,,,,,,,,,,,,,,,,,,,,,,,2.2011,2.2355,2.0312,2.0643,2.0244,2.214,2.2081,1.9692,2.1689,2.2866,2.0937,2.1597,2.2096,1.9635,2.1402,2.2746,2.0508,2.2219,2.1252,2.041,2.1104,2.0588,2.0154,2.0915,2.1302,2.1021,2.0901,2.1491,2.1857,1.9847,2.0917,1.8852,2.1025,2.14,,
SSD,South Sudan,EN.ATM.PM25.MC.M3,"PM2.5 air pollution, mean annual exposure (micrograms per cubic meter)",,,,,,,,,,,,,,,,,,,,,,,,,,,,,,,88.3946,87.6911,88.2022,87.3978,86.2067,85.466,86.6654,85.8305,86.7204,86.0821,87.3686,86.7334,87.2512,87.1635,86.1504,86.1624,87.0124,89.8489,84.6163,86.0826,84.1464,85.8286,84.7689,85.5201,85.8529,84.8059,82.7843,87.5183,86.5589,85.0241,83.7979,85.1875,85.5214,86.055,,
SSD,South Sudan,NY.GDP.MKTP.KD.ZG,GDP growth (annual %),,,,,,,,,,,,,,,,,,,,,,,,,,,,,,,5.9048,6.3759,-0.603,2.9876,6.232,1.4401,6.7974,8.2751,6.7273,5.4032,2.6304,4.4533,0.384,1.7964,1.9722,3.9041,2.7688,4.4032,5.9438,1.9749,4.1207,2.7093,4.2246,5.4646,6.0523,5.425,4.7842,0.1987,1.046,1.6888,4.6457,0.5217,4.593,4.4104,,
SSD,South Sudan,SL.UEM.TOTL.NE.ZS,"Unemployment, total (% of total labor force) (national estimate)",,,,,,,,,,,,,,,,,,,,,,,,,,,,,,,10.0938,10.5178,11.5836,11.4103,10.6364,10.5442,9.8365,11.7973,11.0822,12.0035,10.9658,11.2029,11.5073,11.8811,11.3122,11.0628,11.0756,10.5387,10.8707,11.0873,11.7526,10.8466,11.593,11.0207,11.6834,11.4,11.3662,11.5511,11.4782,11.5935,12.1275,11.8701,11.2949,10.8408,,
STP,Sao Tome and Principe,EG.FEC.RNEW.ZS,Renewable energy consumption (% of total final energy consumption),,,,,,,,,,,,,,,,,,,,,,,,,,,,,,,74.6962,70.261,75.9214,72.2933,76.8084,78.674,71.9615,74.9128,73.0346,71.8568,75.2508,76.8837,77.2722,76.2213,72.7349,76.4602,73.3783,73.6594,74.6698,78.913,78.0539,77.7586,75.5382,76.6379,74.8232,80.442,82.2579,79.1266,79.6269,77.9955,75.2245,76.9255,77.8326,78.1429,,
STP,Sao Tome and Principe,EG.ELC.ACCS.ZS,Access to electricity (% of population),,,,,,,,,,,,,,,,,,,,,,,,,,,,,,,89.4034,90.1839,89.7156,92.3799,89.8034,91.8556,91.1862,92.0159,92.3022,92.2713,91.489,92.3801,93.031,93.2309,92.5772,94.6787,91.9009,93.9456,93.6587,94.7914,95.7091,94.0201,97.2786,95.8072,96.2011,94.9939,96.3585,97.4231,97.0636,97.2579,97.3542,96.5433,96.7887,99.0812,,
STP,Sao Tome and Principe,CC.EST,Control of Corruption: Estimate,,,,,,,,,,,,,,,,,,,,,,,,,,,,,,,-0.7986,-0.7809,-1.0032,-0.9234,-0.7567,-1.0519,-0.7689,-0.9749,-1.0071,-0.9083,-1.0385,-1.1321,-0.8954,-0.8404,-0.7587,-0.8317,-0.6686,-0.7412,-0.8159,-0.8483,-0.7569,-1.1701,-0.9621,-1.1275,-0.8249,-0.9936,-0.5421,-0.9666,-0.8917,-0.9528,-0.9632,-1.0541,-1.0581,-1.166,,
STP,Sao Tome and Principe,EN.ATM.PM25.MC.M3,"PM2.5 air pollution, mean annual exposure (micrograms per cubic meter)",,,,,,,,,,,,,,,,,,,,,,,,,,,,,,,76.276,74.7408,78.1983,73.3516,77.3523,77.4162,76.8934,75.25,74.3105,76.6519,73.4706,74.9839,74.4322,73.0807,74.7549,75.3706,72.7816,74.788,70.6743,72.3641,73.1718,74.3138,75.0018,73.742,74.3877,73.2169,73.9849,73.8257,72.4543,72.6047,73.958,75.6959,74.708,71.1241,,
STP,Sao Tome and Principe,NY.GDP.MKTP.KD.ZG,GDP growth (annual %),,,,,,,,,,,,,,,,,,,,,,,,,,,,,,,-3.1474,-1.6725,-0.0862,-0.2128,2.7672,2.9043,-0.3193,-0.9027,0.9584,2.3245,1.0476,-1.4123,-1.8641,-3.11,0.1503,1.2243,1.5036,2.5459,3.3673,-3.7709,0.6784,0.7647,-0.5183,-2.4043,3.2781,-1.805,-5.8149,-0.2833,-0.9281,4.3108,0.8908,-1.0966,-0.8256,-0.8545,,
STP,Sao Tome and Principe,SL.UEM.TOTL.NE.ZS,"Unemployment, total (% of total labor force) (national estimate)",,,,,,,,,,,,,,,,,,,,,,,,,,,,,,,14.2452,13.4743,12.433,13.0144,13.1248,12.5828,12.2451,13.4344,12.7343,13.761,13.1407,12.8995,11.9282,13.7477,13.2834,12.9125,12.6914,13.9361,12.6045,12.9523,13.4215,13.862,13.0284,12.7692,13.0832,13.5888,13.7013,12.449,13.1941,12.4195,13.5787,13.3478,12.676,13.9037,,
SUR,Suriname,EG.FEC.RNEW.ZS,Renewable energy consumption (% of total final energy consumption),,,,,,,,,,,,,,,,,,,,,,,,,,,,,,,24.0707,24.0011,23.3425,23.8346,23.2377,22.6683,26.759,23.4652,23.5479,24.4921,27.7497,27.313,24.411,27.8043,25.7169,23.9639,24.8484,28.6972,30.2664,26.8903,25.2676,26.3009,25.1758,25.6172,25.5706,26.992,27.5421,27.1544,27.1581,29.2717,27.4423,27.7207,27.8476,31.4373,,
SUR,Suriname,EG.ELC.ACCS.ZS,Access to electricity (% of population),,,,,,,,,,,,,,,,,,,,,,,,,,,,,,,42.4439,43.5639,42.7381,43.8668,44.2738,44.9543,44.0294,43.6957,44.2097,45.8585,47.0022,46.2544,44.8271,46.7274,45.5818,46.3075,46.9866,47.3711,47.3892,47.106,48.6848,47.6648,49.3405,47.4993,49.0093,48.1059,48.6696,49.1764,51.0533,51.1333,51.0362,50.6135,50.9873,52.1,,
SUR,Suriname,CC.EST,Control of Corruption: Estimate,,,,,,,,,,,,,,,,,,,,,,,,,,,,,,,-2.0311,-2.1131,-1.9368,-2.0175,-2.0861,-2.1703,-2.1811,-2.1556,-2.0604,-2.0149,-2.2885,-2.3488,-2.2294,-2.1642,-1.9717,-2.1489,-2.0847,-2.0651,-2.2381,-1.94,-2.195,-1.9281,-2.1304,-2.1557,-2.2485,-2.0916,-1.8447,-2.0656,-2.0828,-2.1952,-2.0442,-2.0963,-2.1228,-2.0559,,
SUR,Suriname,EN.ATM.PM25.MC.M3,"PM2.5 air pollution, mean annual exposure (micrograms per cubic meter)",,,,,,,,,,,,,,,,,,,,,,,,,,,,,,,61.4608,63.9538,62.229,63.9879,62.7782,62.8008,61.7044,65.298,62.5279,62.5282,65.6805,64.1565,60.1726,65.2226,65.5364,65.3161,63.9068,61.172,62.6707,60.4919,61.2855,60.8382,61.484,62.5905,61.5972,61.4528,61.6682,64.2738,65.1902,61.1885,62.2887,60.4426,62.776,60.8299,,
SUR,Suriname,NY.GDP.MKTP.KD.ZG,GDP growth (annual %),,,,,,,,,,,,,,,,,,,,,,,,,,,,,,,-0.7483,6.0334,-2.3607,-5.1026,2.8665,0.1104,-0.5856,7.8586,2.855,0.8832,-0.7404,2.1439,-3.3027,-0.2608,0.9367,1.5632,0.6734,-0.7036,3.3311,-3.0997,0.3346,-0.2654,3.559,-0.1178,2.1236,1.8621,-3.5584,0.8653,-3.3274,1.9077,-0.7964,3.9961,0.5775,-0.8957,,
SUR,Suriname,SL.UEM.TOTL.NE.ZS,"Unemployment, total (% of total labor force) (national estimate)",,,,,,,,,,,,,,,,,,,,,,,,,,,,,,,15.921,14.8851,15.7684,15.5548,15.1383,14.653,15.9419,15.5713,14.9351,15.4433,15.8241,15.377,15.4402,15.837,16.0897,15.2612,14.6523,14.6697,14.9755,14.8536,14.4798,16.2449,15.5851,15.0591,15.3048,14.4278,15.8997,14.3462,15.576,14.4018,15.114,15.9424,14.5041,15.2467,,
SVK,Slovak Republic,EG.FEC.RNEW.ZS,Renewable energy consumption (% of total final energy consumption),,,,,,,,,,,,,,,,,,,,,,,,,,,,,,,11.484,11.3068,10.6689,11.67,9.6069,14.8441,7.9073,13.6026,11.8075,12.8127,13.3176,12.9898,10.4065,11.606,9.4253,11.8815,13.2735,13.9928,13.7114,9.5683,12.1042,12.054,10.9082,12.0066,13.8311,16.8061,12.2224,12.0208,13.2296,15.2534,17.1759,14.7055,12.1367,12.7123,,
SVK,Slovak Republic,EG.ELC.ACCS.ZS,Access to electricity (% of population),,,,,,,,,,,,,,,,,,,,,,,,,,,,,,,55.6445,56.5401,57.4465,55.298,56.6057,55.92,56.275,56.4572,57.2265,57.038,59.9769,57.8761,59.2841,58.2162,60.7805,59.5151,60.1634,59.271,60.775,60.5118,60.1907,59.88,60.8038,60.9854,62.1891,61.5581,60.4566,62.7608,63.5284,61.411,64.4377,64.3612,62.9892,62.8501,,
SVK,Slovak Republic,CC.EST,Control of Corruption: Estimate,,,,,,,,,,,,,,,,,,,,,,,,,,,,,,,0.3238,0.0331,0.1173,0.0396,0.1982,0.3733,0.2424,0.3196,0.1552,0.2091,0.0503,0.1858,0.1079,0.1782,0.17,0.1597,0.4504,0.4096,0.3674,0.4129,0.3678,0.1948,0.1825,0.2257,0.1722,0.0727,0.233,0.0095,0.214,0.0781,0.1877,0.2204,0.1551,0.0006,,
SVK,Slovak Republic,EN.ATM.PM25.MC.M3,"PM2.5 air pollution, mean annual exposure (micrograms per cubic meter)",,,,,,,,,,,,,,,,,,,,,,,,,,,,,,,70.4294,72.8188,71.2153,72.8127,71.906,71.5147,72.2529,70.6391,72.1721,70.8622,75.2159,69.6306,70.7156,70.6961,69.0637,72.1002,70.2884,67.2818,71.8142,69.7372,70.4541,71.5467,69.9044,69.8121,73.9885,66.9809,68.2025,68.4134,72.655,68.9245,70.1718,69.0204,70.5563,69.5524,,
SVK,Slovak Republic,NY.GDP.MKTP.KD.ZG,GDP growth (annual %),,,,,,,,,,,,,,,,,,,,,,,,,,,,,,,1.5671,4.1525,2.0351,-0.9033,1.7146,6.981,2.3468,1.3142,-2.492,2.7454,3.115,1.7162,1.2196,8.0157,3.073,4.0345,1.1016,0.6054,2.5146,0.603,0.8083,2.0924,-0.3476,1.4854,1.1346,3.352,-0.5939,-4.0654,0.1578,1.9276,3.3447,-0.7977,2.2896,3.7723,,
SVK,Slovak Republic,SL.UEM.TOTL.NE.ZS,"Unemployment, total (% of total labor force) (national estimate)",,,,,,,,,,,,,,,,,,,,,,,,,,,,,,,14.0158,13.2448,13.2985,13.8577,14.4528,13.6472,13.5575,12.9553,13.458,13.2825,13.6538,12.8837,13.4759,13.1357,14.1103,13.2106,13.354,13.7812,13.4133,14.8199,14.1054,13.6488,13.8242,12.4624,14.256,13.8961,13.6036,13.9231,13.9841,13.432,13.8302,14.1645,13.8676,13.5139,,
SVN,Slovenia,EG.FEC.RNEW.ZS,Renewable energy consumption (% of total final energy consumption),,,,,,,,,,,,,,,,,,,,,,,,,,,,,,,76.4715,78.7927,77.7462,74.0021,77.6516,77.5365,79.1064,76.9939,76.3395,74.4919,75.989,79.9441,78.0741,77.6286,80.5695,80.3074,76.8067,80.8302,75.2611,79.6473,79.5608,81.3278,79.9402,78.8391,79.1471,85.0147,79.9435,81.1224,76.0359,78.5735,81.4158,77.2992,81.777,79.378,,
SVN,Slovenia,EG.ELC.ACCS.ZS,Access to electricity (% of population),,,,,,,,,,,,,,,,,,,,,,,,,,,,,,,74.204,74.698,76.7531,76.0478,75.3028,76.9014,77.1949,76.4761,77.7984,78.0865,78.2122,77.2421,77.0879,76.9268,78.0067,78.4869,78.802,79.2433,80.9175,79.5094,79.9921,78.827,82.3135,79.7284,80.4656,81.8377,81.7281,83.0957,82.6071,82.2161,83.3664,83.7102,82.503,84.0515,,
SVN,Slovenia,CC.EST,Control of Corruption: Estimate,,,,,,,,,,,,,,,,,,,,,,,,,,,,,,,-1.3619,-1.3476,-1.3181,-1.3809,-1.3874,-1.217,-1.5187,-1.4626,-1.2542,-1.344,-1.2162,-1.2923,-1.4952,-1.3277,-1.2711,-1.3071,-1.3914,-1.3681,-1.4024,-1.4942,-1.5107,-1.2884,-1.4398,-1.2661,-1.4066,-1.4928,-1.3842,-1.0839,-1.3467,-1.2577,-1.3149,-1.5038,-1.1613,-1.3649,,
SVN,Slovenia,EN.ATM.PM25.MC.M3,"PM2.5 air pollution, mean annual exposure (micrograms per cubic meter)",,,,,,,,,,,,,,,,,,,,,,,,,,,,,,,5.1083,6.2257,6.6047,7.9583,5.7329,10.6046,5.1883,7.4321,3.4731,6.1685,6.8249,4.5147,8.3626,6.6858,5.4776,6.5096,4.9041,7.5911,7.157,6.1142,6.3916,3.1783,7.5145,5.085,6.6916,6.1988,6.5086,3.3424,3.4533,8.1265,2.3951,2.9477,4.5789,4.5015,,
SVN,Slovenia,NY.GDP.MKTP.KD.ZG,GDP growth (annual %),,,,,,,,,,,,,,,,,,,,,,,,,,,,,,,2.0654,4.9556,5.6707,3.37,2.7442,3.3598,2.172,-0.8301,4.1678,5.33,3.0306,-2.2473,1.9862,5.6798,-0.1802,5.1552,2.3019,3.3685,1.7007,0.5765,7.0011,5.455,5.0272,5.6868,4.6722,5.7758,1.7557,6.8597,6.6365,4.3666,2.6955,0.3566,3.9871,7.6277,,
SVN,Slovenia,SL.UEM.TOTL.NE.ZS,"Unemployment, total (% of total labor force) (national estimate)",,,,,,,,,,,,,,,,,,,,,,,,,,,,,,,2.7812,3.8706,3.1259,3.1685,2.7739,2.9853,3.685,3.7471,3.4795,3.1112,2.8098,3.3925,3.1791,3.4672,3.201,3.2137,3.4411,3.5377,3.9735,3.1931,3.6343,4.2634,3.6476,3.9437,3.0513,3.0014,3.2819,3.3351,3.897,2.9967,3.3173,3.899,3.4694,3.3562,,
SWE,Sweden,EG.FEC.RNEW.ZS,Renewable energy consumption (% of total final energy consumption),,,,,,,,,,,,,,,,,,,,,,,,,,,,,,,75.4531,72.871,72.9886,72.2497,75.9895,77.5638,77.4073,78.3134,79.0846,76.6154,76.3469,79.5781,75.3741,74.5691,76.3984,76.3146,77.4728,75.8261,78.4156,76.6879,80.4325,75.737,77.9972,77.7563,79.0379,80.5795,79.4086,78.769,80.5586,81.0122,80.0145,80.4013,81.0694,76.6383,,
SWE,Sweden,EG.ELC.ACCS.ZS,Access to electricity (% of population),,,,,,,,,,,,,,,,,,,,,,,,,,,,,,,69.1003,69.9319,69.6476,69.9004,70.6808,70.949,71.2546,70.4971,70.2467,72.2744,71.287,71.4817,71.6595,73.5517,73.0505,73.4049,73.9326,73.597,74.6911,73.1735,73.5124,73.7183,75.2182,75.536,75.0028,75.445,76.8954,75.5754,76.6173,76.0823,77.7577,77.6337,76.2618,77.4223,,
SWE,Sweden,CC.EST,Control of Corruption: Estimate,,,,,,,,,,,,,,,,,,,,,,,,,,,,,,,1.9459,2.3034,2.441,1.9337,2.0241,2.2154,2.1931,2.146,1.9868,2.2342,2.3018,2.5,2.3522,2.0395,2.1939,2.2664,2.1127,2.2889,2.2797,2.3438,2.2916,2.2296,2.1188,2.0402,2.2216,2.1469,2.1585,2.33,2.3596,2.0471,2.1701,2.1434,2.2331,1.9234,,
SWE,Sweden,EN.ATM.PM25.MC.M3,"PM2.5 air pollution, mean annual exposure (micrograms per cubic meter)",,,,,,,,,,,,,,,,,,,,,,,,,,,,,,,70.7053,72.6403,73.9157,72.7695,73.5838,72.7925,74.331,74.5654,71.1159,73.502,72.8588,75.7736,70.7398,71.6815,70.2282,70.2372,72.1949,71.8449,72.2688,72.1562,70.9431,70.8528,69.6804,70.0048,70.8914,71.1921,71.8828,71.6499,72.9922,69.1175,70.1477,69.0886,72.2525,69.5029,,
SWE,Sweden,NY.GDP.MKTP.KD.ZG,GDP growth (annual %),,,,,,,,,,,,,,,,,,,,,,,,,,,,,,,6.8783,7.6227,5.0243,4.7234,4.0873,3.1979,2.8972,3.6222,8.5516,1.3861,4.5022,5.769,3.2798,5.0309,0.2292,7.3033,6.8186,3.7446,1.7911,5.9729,1.1204,1.4791,3.8567,7.7858,5.5922,2.3732,-0.2145,4.0945,4.6193,3.8088,8.5067,3.6609,-1.7146,2.9729,,
SWE,Sweden,SL.UEM.TOTL.NE.ZS,"Unemployment, total (% of total labor force) (national estimate)",,,,,,,,,,,,,,,,,,,,,,,,,,,,,,,9.1894,9.1555,8.8738,8.791,7.9623,9.005,8.7928,9.0867,9.2077,9.5826,8.4843,8.3151,8.6751,8.5943,8.5494,9.6846,9.0363,9.9483,8.9606,8.3762,8.558,9.4743,8.3952,9.241,8.7837,8.4972,9.6554,8.6678,8.5483,8.9227,8.708,10.0696,9.4923,8.6668,,
SWZ,Eswatini,EG.FEC.RNEW.ZS,Renewable energy consumption (% of total final energy consumption),,,,,,,,,,,,,,,,,,,,,,,,,,,,,,,65.4244,62.4862,66.9499,65.3309,67.1511,63.1925,67.2216,70.8224,67.6833,66.1757,67.8341,67.8966,72.5587,67.6594,66.0685,68.668,69.1661,70.0497,70.5866,73.1361,68.1837,68.152,65.9668,71.1484,68.2004,71.9086,69.2918,73.877,67.708,72.7709,72.6827,72.0782,68.9405,72.3874,,
SWZ,Eswatini,EG.ELC.ACCS.ZS,Access to electricity (% of population),,,,,,,,,,,,,,,,,,,,,,,,,,,,,,,61.227,59.9113,62.8721,61.599,63.3105,62.3214,63.4114,62.1879,63.2971,63.4907,63.3666,63.1801,61.6721,63.6989,65.1859,63.7593,64.175,64.2276,65.7926,65.1608,67.1018,66.9632,66.7856,67.1187,66.5152,66.7654,68.1943,68.6062,68.6873,67.999,68.3125,68.1301,69.7401,67.8063,,
SWZ,Eswatini,CC.EST,Control of Corruption: Estimate,,,,,,,,,,,,,,,,,,,,,,,,,,,,,,,-0.3651,-0.3412,-0.3577,0.0622,-0.0062,-0.2445,-0.1133,0.0753,-0.0406,0.1531,-0.1143,-0.1792,-0.2304,-0.0978,0.0117,-0.0887,-0.1436,0.0502,-0.0372,-0.1142,-0.1926,-0.1312,-0.0439,-0.1943,-0.2487,-0.1582,-0.1065,0.063,-0.2398,-0.0734,-0.1339,-0.128,0.0841,-0.0909,,
SWZ,Eswatini,EN.ATM.PM25.MC.M3,"PM2.5 air pollution, mean annual exposure (micrograms per cubic meter)",,,,,,,,,,,,,,,,,,,,,,,,,,,,,,,56.9676,59.5911,59.4008,56.5962,56.2286,58.5537,57.8085,57.0721,59.2824,56.7295,58.1703,59.2199,56.8693,54.5543,56.6134,57.4219,58.5625,56.1962,59.4826,54.8697,56.9842,56.2992,58.5986,54.2875,57.0564,55.9716,58.5517,54.9351,56.7209,54.7607,56.2201,55.3039,55.2001,52.7168,,
SWZ,Eswatini,NY.GDP.MKTP.KD.ZG,GDP growth (annual %),,,,,,,,,,,,,,,,,,,,,,,,,,,,,,,4.468,0.7259,0.6398,-0.4567,0.7914,4.6827,4.5595,5.0908,0.8641,3.9685,1.8931,5.8184,4.4966,1.7903,6.033,4.6999,-0.036,-0.7473,0.0623,7.5545,0.8929,8.1219,0.7633,0.4969,5.6314,5.7454,4.8211,5.1218,1.4275,5.5141,4.0315,2.5184,3.6681,6.0832,,
SWZ,Eswatini,SL.UEM.TOTL.NE.ZS,"Unemployment, total (% of total labor force) (national estimate)",,,,,,,,,,,,,,,,,,,,,,,,,,,,,,,19.9253,18.6505,20.175,20.1367,19.5399,19.7878,19.7858,18.7397,19.5286,19.5479,19.6501,19.4665,20.0608,19.3249,20.1845,20.0373,20.4096,20.5963,20.5996,19.1366,19.9015,19.3705,21.3696,20.0365,20.4376,19.9471,18.4117,19.3376,19.3866,19.5344,19.9092,19.9801,18.4158,19.611,,
SYC,Seychelles,EG.FEC.RNEW.ZS,Renewable energy consumption (% of total final energy consumption),,,,,,,,,,,,,,,,,,,,,,,,,,,,,,,65.4901,69.3739,67.9464,66.5457,67.5092,63.8378,68.6846,66.7208,66.0471,70.4403,68.509,66.781,67.0531,69.1437,69.1382,68.7707,66.4552,66.9009,67.6652,68.9196,69.3793,69.2919,69.5334,73.6744,71.7604,72.5883,71.2904,70.6567,71.4818,71.2635,72.5778,69.1616,72.7114,71.746,,
SYC,Seychelles,EG.ELC.ACCS.ZS,Access to electricity (% of population),,,,,,,,,,,,,,,,,,,,,,,,,,,,,,,60.7092,62.4734,61.6099,62.4768,63.0275,62.1992,63.6118,63.9596,64.7589,64.0418,64.8744,64.8285,64.8202,64.0684,65.5656,66.5005,65.4079,66.2306,66.5985,67.7868,67.1789,67.6353,67.6479,67.511,67.2473,68.1768,68.9695,69.0033,70.3385,70.1615,70.6473,68.279,71.4183,70.6183,,
SYC,Seychelles,CC.EST,Control of Corruption: Estimate,,,,,,,,,,,,,,,,,,,,,,,,,,,,,,,-0.3441,-0.2857,-0.3907,-0.5217,-0.2195,-0.4854,-0.5115,-0.4213,-0.4395,-0.3928,-0.405,-0.2316,-0.3381,-0.4962,-0.4797,-0.4398,-0.4393,-0.455,-0.5254,-0.3584,-0.4479,-0.5074,-0.335,-0.2915,-0.4227,-0.1794,-0.1274,-0.3336,-0.4495,-0.3609,-0.5401,-0.4978,-0.5951,-0.4686,,
SYC,Seychelles,EN.ATM.PM25.MC.M3,"PM2.5 air pollution, mean annual exposure (micrograms per cubic meter)",,,,,,,,,,,,,,,,,,,,,,,,,,,,,,,65.8457,68.5506,66.4108,67.8694,68.4964,69.0515,66.6844,67.6005,67.5682,68.8826,68.0698,68.7695,64.2375,65.6581,68.1222,67.3655,66.2269,65.6234,67.4375,63.2051,67.2828,66.1505,65.2012,66.6082,65.1954,65.738,65.5451,66.6513,65.6933,62.5108,63.2064,63.5882,65.8193,65.8898,,
SYC,Seychelles,NY.GDP.MKTP.KD.ZG,GDP growth (annual %),,,,,,,,,,,,,,,,,,,,,,,,,,,,,,,4.7504,-1.9616,3.8476,-4.2702,0.6189,1.1875,1.1785,-0.1995,0.8692,-2.5136,2.7374,1.199,1.4801,-0.123,-0.2455,1.8863,4.5494,-2.9096,-3.0357,1.24,-0.256,0.8848,0.515,2.1295,-0.1409,-2.446,-1.4001,0.1734,-2.5629,0.4824,0.7264,-0.32,1.0976,-3.4612,,
SYC,Seychelles,SL.UEM.TOTL.NE.ZS,"Unemployment, total (% of total labor force) (national estimate)",,,,,,,,,,,,,,,,,,,,,,,,,,,,,,,4.4015,4.3067,5.318,6.0311,4.4377,4.7604,4.5313,4.9887,4.5739,5.0194,5.2106,4.2661,5.0138,3.981,4.7498,4.7162,4.7635,4.722,4.6306,4.7452,4.9971,5.0112,4.9357,4.5913,5.4182,5.6407,4.2339,4.9602,4.644,5.3409,4.8718,4.9046,5.1255,4.7293,,
SYR,Syrian Arab Republic,EG.FEC.RNEW.ZS,Renewable energy consumption (% of total final energy consumption),,,,,,,,,,,,,,,,,,,,,,,,,,,,,,,36.7247,34.5393,35.533,33.3787,33.7241,35.743,35.6921,31.9224,34.825,35.6674,34.6092,35.7776,34.9938,30.8263,32.848,37.5697,35.281,36.2992,36.0625,34.5692,35.4356,37.1777,37.5318,41.1966,36.0143,40.4611,35.5489,38.397,37.9255,37.468,37.8585,36.7745,39.9776,36.6345,,
SYR,Syrian Arab Republic,EG.ELC.ACCS.ZS,Access to electricity (% of population),,,,,,,,,,,,,,,,,,,,,,,,,,,,,,,53.9246,54.5252,55.2779,55.198,55.1285,54.4103,54.5419,54.5097,54.6831,55.9194,55.5886,57.3799,56.2074,56.9959,56.9588,56.2974,58.5421,58.4769,58.819,58.8965,58.0629,58.3285,59.5321,60.6549,59.9793,60.7033,59.7498,61.2988,60.335,61.1127,60.8776,62.1319,62.3927,60.7391,,
SYR,Syrian Arab Republic,CC.EST,Control of Corruption: Estimate,,,,,,,,,,,,,,,,,,,,,,,,,,,,,,,-0.8594,-0.7333,-1.0611,-1.0337,-0.8697,-1.0104,-1.0189,-0.7908,-1.181,-1.1131,-0.9683,-1.2128,-1.0632,-1.0643,-0.903,-0.9353,-1.2204,-1.1016,-1.1013,-1.0444,-1.1502,-0.9643,-1.1018,-0.9478,-1.0188,-1.1352,-0.8519,-0.8483,-0.9836,-1.0472,-1.1452,-0.8899,-0.9197,-1.1161,,
SYR,Syrian Arab Republic,EN.ATM.PM25.MC.M3,"PM2.5 air pollution, mean annual exposure (micrograms per cubic meter)",,,,,,,,,,,,,,,,,,,,,,,,,,,,,,,23.8264,25.462,22.9335,23.6781,22.9758,22.9442,23.2966,25.6557,21.5848,24.7869,24.4436,25.4292,24.2822,23.2484,22.5137,25.1423,24.3221,22.757,24.78,22.6678,23.2552,22.2699,23.8974,21.5254,22.4888,21.8748,23.1722,23.2794,20.9604,23.1463,20.2416,25.6646,21.5294,23.7905,,
SYR,Syrian Arab Republic,NY.GDP.MKTP.KD.ZG,GDP growth (annual %),,,,,,,,,,,,,,,,,,,,,,,,,,,,,,,0.1923,0.2939,-3.2258,1.798,-0.189,0.8648,-0.5374,0.0145,-2.5285,-0.6928,-1.3603,-2.0745,0.0257,0.5979,0.3163,-0.5662,0.7172,0.2948,-0.0668,0.1048,2.6469,-3.3233,-1.1071,0.5349,-4.2674,3.1459,0.3265,2.0817,2.4888,0.7206,-5.8921,0.0587,0.2191,-3.0277,,
SYR,Syrian Arab Republic,SL.UEM.TOTL.NE.ZS,"Unemployment, total (% of total labor force) (national estimate)",,,,,,,,,,,,,,,,,,,,,,,,,,,,,,,2.409,3.5347,2.6793,4.3346,3.4354,3.9796,3.3194,3.6796,3.3305,3.8066,2.2847,3.7479,3.6382,3.2268,3.0993,3.1543,3.4452,3.9109,3.0368,2.453,4.5461,3.6396,3.1083,3.8983,3.7707,3.55,3.0653,3.6375,3.8486,2.4438,3.4161,3.4529,3.4369,3.3269,,
TCA,Turks and Caicos Islands,EG.FEC.RNEW.ZS,Renewable energy consumption (% of total final energy consumption),,,,,,,,,,,,,,,,,,,,,,,,,,,,,,,86.3899,83.7452,84.3122,85.0991,84.2617,81.9958,85.3461,85.5187,84.4875,85.1032,79.1581,88.0846,87.6199,83.2921,84.7669,89.1648,84.1081,87.5247,85.7338,87.6881,87.1181,86.6013,88.0948,86.4817,84.0493,85.9123,85.8221,84.8596,88.9566,88.0223,89.2257,89.7093,90.3307,89.7816,,
TCA,Turks and Caicos Islands,EG.ELC.ACCS.ZS,Access to electricity (% of population),,,,,,,,,,,,,,,,,,,,,,,,,,,,,,,62.0216,63.5189,63.4827,65.3073,63.8116,64.3616,64.2294,64.5944,64.7904,64.7076,65.4471,66.0527,65.4696,66.7237,66.8767,65.851,66.0343,67.4138,66.8352,66.7187,69.1788,67.2822,67.0864,67.9283,68.9906,69.1141,70.815,68.9405,69.9942,70.958,69.778,71.1182,69.3395,72.4623,,
TCA,Turks and Caicos Islands,CC.EST,Control of Corruption: Estimate,,,,,,,,,,,,,,,,,,,,,,,,,,,,,,,-0.459,-0.66,-0.4788,-0.4208,-0.733,-0.6504,-0.4168,-0.5703,-0.526,-0.5699,-0.4714,-0.5168,-0.5656,-0.8306,-0.5016,-0.4909,-0.7271,-0.719,-0.5163,-0.555,-0.8153,-0.677,-0.5407,-0.4972,-0.6485,-0.5961,-0.6839,-0.4195,-0.5574,-0.6585,-0.7171,-0.7304,-0.361,-0.5992,,
TCA,Turks and Caicos Islands,EN.ATM.PM25.MC.M3,"PM2.5 air pollution, mean annual exposure (micrograms per cubic meter)",,,,,,,,,,,,,,,,,,,,,,,,,,,,,,,62.1707,62.3702,61.6647,62.3695,62.5024,62.3925,60.3961,63.5487,61.3006,61.062,60.9143,60.3113,62.2117,63.0725,60.5655,58.8053,59.9493,60.7376,59.4829,60.3519,60.3427,61.0668,58.8276,61.8002,63.3414,62.9137,59.814,61.613,61.3554,60.3847,60.6355,61.3146,61.5351,58.9125,,
TCA,Turks and Caicos Islands,NY.GDP.MKTP.KD.ZG,GDP growth (annual %),,,,,,,,,,,,,,,,,,,,,,,,,,,,,,,2.3514,4.6483,2.6876,4.3233,-5.9767,1.9714,1.1428,3.0499,-2.3319,-0.7832,2.7335,-2.167,1.0879,0.4398,-0.0077,1.9139,-2.3066,-1.4681,0.134,-2.5208,3.5594,-1.5148,2.448,-1.7066,2.2426,-3.54,4.0037,3.32,-0.8993,-1.582,1.6266,-3.3331,0.569,-1.5368,,
TCA,Turks and Caicos Islands,SL.UEM.TOTL.NE.ZS,"Unemployment, total (% of total labor force) (national estimate)",,,,,,,,,,,,,,,,,,,,,,,,,,,,,,,19.0222,18.8274,18.7502,20.0017,19.5396,18.4094,18.7114,19.5781,19.6337,18.4568,19.4986,19.2819,18.1785,18.9477,19.0813,19.1736,18.489,18.7678,18.8379,18.8815,18.8898,19.083,19.3042,20.0365,19.5848,19.8078,18.909,18.6474,19.5501,19.1412,19.5145,18.7082,19.4736,19.0617,,
TCD,Chad,EG.FEC.RNEW.ZS,Renewable energy consumption (% of total final energy consumption),,,,,,,,,,,,,,,,,,,,,,,,,,,,,,,66.9858,67.3241,69.1885,69.9059,67.7748,69.3462,69.4892,70.4343,71.0814,72.88,68.4773,72.4776,69.9417,67.668,68.7066,71.0895,71.7551,68.4251,69.0798,69.6914,69.1809,67.2974,66.769,70.594,72.0118,72.9688,69.0829,69.2669,71.0517,72.2643,74.4252,73.993,71.9719,73.5779,,
TCD,Chad,EG.ELC.ACCS.ZS,Access to electricity (% of population),,,,,,,,,,,,,,,,,,,,,,,,,,,,,,,40.1369,41.1212,41.2618,42.6852,42.2066,41.4451,41.7033,42.2952,41.5601,42.8777,43.1968,43.9349,44.3014,44.1408,43.0077,43.5849,44.3276,45.5835,45.8065,45.3622,47.6995,47.311,47.3037,47.1222,47.1785,47.3702,45.8677,46.7207,47.634,48.164,48.2121,48.7795,47.1291,49.4662,,
TCD,Chad,CC.EST,Control of Corruption: Estimate,,,,,,,,,,,,,,,,,,,,,,,,,,,,,,,-0.4046,-0.4346,-0.3008,-0.5376,-0.4405,-0.378,-0.5145,-0.6525,-0.5505,-0.4199,-0.442,-0.4143,-0.4912,-0.5696,-0.3957,-0.4321,-0.3356,-0.5018,-0.6546,-0.7246,-0.4603,-0.3967,-0.44,-0.4799,-0.6031,-0.6388,-0.368,-0.4394,-0.4557,-0.5971,-0.528,-0.4067,-0.3779,-0.4318,,
TCD,Chad,EN.ATM.PM25.MC.M3,"PM2.5 air pollution, mean annual exposure (micrograms per cubic meter)",,,,,,,,,,,,,,,,,,,,,,,,,,,,,,,81.7939,78.7818,81.4954,79.8104,79.5673,80.7238,78.3089,78.6713,77.2497,80.4079,79.4283,80.4917,79.0724,80.3396,77.4841,80.0059,77.8483,78.3689,79.3776,81.6968,79.3551,79.4166,77.147,78.1206,77.6613,79.8366,77.4262,79.5579,75.5326,79.5032,76.033,78.5259,75.8686,78.0126,,
TCD,Chad,NY.GDP.MKTP.KD.ZG,GDP growth (annual %),,,,,,,,,,,,,,,,,,,,,,,,,,,,,,,1.3448,6.3425,5.8644,2.2496,5.1965,6.1199,1.443,1.1663,1.073,0.7188,1.0611,6.0633,5.1459,-0.4887,2.4759,0.8567,5.9051,2.6272,-0.1098,4.1767,5.2675,1.367,3.089,1.4953,6.8614,2.6729,1.9467,3.623,3.2324,5.4725,6.7914,6.8104,2.7965,4.5141,,
TCD,Chad,SL.UEM.TOTL.NE.ZS,"Unemployment, total (% of total labor force) (national estimate)",,,,,,,,,,,,,,,,,,,,,,,,,,,,,,,11.6901,11.7093,10.5079,11.2419,11.1574,11.409,11.5676,10.4253,10.6005,11.3996,11.0198,9.8322,10.1127,11.2771,11.3654,10.2711,11.4954,10.8473,10.4346,10.6657,10.3345,10.6379,10.0114,10.9089,11.2394,10.2721,10.9543,10.5435,11.2802,9.7886,11.3018,10.0369,10.8409,10.5914,,
TGO,Togo,EG.FEC.RNEW.ZS,Renewable energy consumption (% of total final energy consumption),,,,,,,,,,,,,,,,,,,,,,,,,,,,,,,53.3515,51.1641,57.6932,51.9498,52.2576,58.4126,55.6183,52.6144,55.0153,54.9515,52.1976,54.2064,55.8201,58.5557,55.7953,56.0956,54.8426,58.8147,58.5776,58.5016,57.2966,54.0258,59.5463,57.6376,57.0557,58.7198,58.4213,55.9845,57.6313,54.6147,58.745,61.3832,55.2817,59.2802,,
TGO,Togo,EG.ELC.ACCS.ZS,Access to electricity (% of population),,,,,,,,,,,,,,,,,,,,,,,,,,,,,,,46.392,46.7603,45.7603,45.7254,46.3876,48.0599,45.9896,46.6344,47.4902,47.3267,48.3239,49.7388,47.8942,48.9901,49.3506,49.3395,48.5945,49.5969,49.8493,51.114,51.1929,49.8657,51.0475,51.207,53.421,52.3411,51.4953,51.9858,52.5544,53.3971,53.7451,53.7676,53.6894,53.9984,,
TGO,Togo,CC.EST,Control of Corruption: Estimate,,,,,,,,,,,,,,,,,,,,,,,,,,,,,,,2.4404,2.2419,2.4485,2.3866,2.2575,2.5,2.4932,2.4574,2.4113,2.5,2.3164,2.4183,2.3416,2.5,2.3566,2.5,2.4439,2.5,2.5,2.5,2.3436,2.5,2.2323,2.461,2.3903,2.2873,2.3486,2.379,2.4323,2.3929,2.4654,2.3562,2.3986,2.4212,,
TGO,Togo,EN.ATM.PM25.MC.M3,"PM2.5 air pollution, mean annual exposure (micrograms per cubic meter)",,,,,,,,,,,,,,,,,,,,,,,,,,,,,,,24.9652,25.8854,25.8126,24.8083,25.0175,24.7599,23.7401,25.483,22.6804,20.8999,22.3299,25.9168,23.2889,24.0633,23.1612,24.3346,23.5182,23.2292,24.1728,22.4736,23.6502,22.75,22.771,21.6242,22.4482,21.8802,24.307,20.006,23.786,19.7557,23.0979,20.9555,22.9816,21.8701,,
TGO,Togo,NY.GDP.MKTP.KD.ZG,GDP growth (annual %),,,,,,,,,,,,,,,,,,,,,,,,,,,,,,,0.1614,7.1388,5.6839,5.0002,2.1414,5.77,0.5342,-1.8268,-0.1635,1.4373,1.8552,2.6552,2.7662,2.1177,-1.5485,4.2226,3.0806,2.0014,7.2373,3.1369,3.8886,5.7319,0.0176,3.6858,5.7237,3.514,0.4839,2.5361,4.2148,-1.5249,0.3606,8.6761,4.9538,7.451,,
TGO,Togo,SL.UEM.TOTL.NE.ZS,"Unemployment, total (% of total labor force) (national estimate)",,,,,,,,,,,,,,,,,,,,,,,,,,,,,,,14.4772,14.241,13.8895,14.2346,14.769,14.4568,14.1274,13.9578,14.2932,13.778,14.2932,13.695,13.867,13.5301,13.8241,13.7021,14.89,13.5967,14.2364,13.5706,14.0674,14.189,13.1184,13.3451,13.5667,13.3924,14.086,14.1653,13.5125,14.1061,13.832,13.9943,13.7298,14.2878,,
THA,Thailand,EG.FEC.RNEW.ZS,Renewable energy consumption (% of total final energy consumption),,,,,,,,,,,,,,,,,,,,,,,,,,,,,,,56.8888,55.3176,56.7057,51.2633,52.8675,55.4994,57.5355,55.9698,52.7665,54.0996,55.7858,54.9396,53.8214,54.9884,55.6901,53.6991,57.988,55.2897,56.1738,58.539,56.3689,58.7297,54.8605,57.9349,58.8976,55.7092,57.1622,57.3536,58.2382,58.9185,56.2965,58.1488,61.6016,60.6767,,
THA,Thailand,EG.ELC.ACCS.ZS,Access to electricity (% of population),,,,,,,,,,,,,,,,,,,,,,,,,,,,,,,68.9598,68.4205,70.5278,69.8986,69.3547,69.7511,69.4577,70.3895,70.7992,71.1368,70.6802,69.8958,71.5182,72.1402,71.0419,72.0021,73.3979,71.612,72.5978,74.2645,73.4509,73.1539,73.8191,74.7355,74.1619,75.0528,75.0127,75.3284,75.854,75.3389,75.0691,76.4543,76.2188,76.2163,,
THA,Thailand,CC.EST,Control of Corruption: Estimate,,,,,,,,,,,,,,,,,,,,,,,,,,,,,,,-1.2835,-1.1934,-1.3652,-1.3456,-1.4885,-1.3734,-1.3201,-1.3491,-1.3901,-1.2595,-1.3397,-1.036,-1.3217,-1.6762,-1.4801,-1.2828,-1.4238,-1.4164,-1.4954,-1.4039,-1.3234,-1.3004,-1.469,-1.25,-1.4896,-1.2941,-1.3062,-1.4588,-1.473,-1.3008,-1.4138,-1.3695,-1.2642,-1.2892,,
THA,Thailand,EN.ATM.PM25.MC.M3,"PM2.5 air pollution, mean annual exposure (micrograms per cubic meter)",,,,,,,,,,,,,,,,,,,,,,,,,,,,,,,18.631,19.8445,18.4428,21.0698,21.9897,18.3372,19.4781,20.8211,19.4012,20.1271,19.2823,17.5397,19.2233,20.6558,19.3563,21.2404,16.0676,19.2135,17.5929,17.1714,20.4065,17.9424,17.7176,18.6802,14.8561,20.0372,20.7815,19.2176,18.3829,17.36,15.9921,19.316,18.8194,18.0401,,
THA,Thailand,NY.GDP.MKTP.KD.ZG,GDP growth (annual %),,,,,,,,,,,,,,,,,,,,,,,,,,,,,,,1.3263,1.2437,-0.8227,6.7451,-0.2219,-0.5746,3.2937,0.4192,0.4447,4.0286,2.1887,2.3157,-3.0521,1.4935,-2.0218,-0.6453,0.9313,0.4017,2.1277,2.4189,2.6063,-2.8683,6.3988,0.4307,3.5245,-5.7936,-0.1711,-3.1595,-1.6612,0.6186,-0.3447,3.7772,4.9147,-1.9249,,
THA,Thailand,SL.UEM.TOTL.NE.ZS,"Unemployment, total (% of total labor force) (national estimate)",,,,,,,,,,,,,,,,,,,,,,,,,,,,,,,5.9256,5.6539,6.7474,6.249,6.1856,6.3257,6.0139,5.7412,6.195,6.0359,6.343,5.3535,6.2626,5.8248,6.2451,6.622,5.8913,6.7678,5.2991,6.9414,6.7887,5.7262,5.7303,5.422,6.6301,6.0042,5.9676,5.608,7.0754,5.6831,6.1815,6.2774,5.9701,5.869,,
TJK,Tajikistan,EG.FEC.RNEW.ZS,Renewable energy consumption (% of total final energy consumption),,,,,,,,,,,,,,,,,,,,,,,,,,,,,,,66.6282,68.6474,66.9726,71.0678,66.4127,69.625,64.754,66.8629,66.9342,66.5089,69.4337,68.7964,64.6091,73.3078,69.8188,69.6191,72.387,71.8945,69.4704,66.3117,71.4955,68.5911,73.1453,69.2644,70.063,68.4304,68.7422,71.1986,71.1622,70.765,75.9728,73.2241,72.1872,66.8021,,
TJK,Tajikistan,EG.ELC.ACCS.ZS,Access to electricity (% of population),,,,,,,,,,,,,,,,,,,,,,,,,,,,,,,58.4188,60.4038,58.1078,57.8597,58.8888,57.863,59.6278,60.7083,59.2214,59.4972,60.1944,60.1072,59.5483,60.7,60.7885,62.6014,62.6824,63.126,62.8995,62.6728,62.0586,64.069,63.5364,62.5097,63.027,62.9971,62.6165,64.819,63.7678,64.4034,65.2892,65.3578,65.1874,67.2233,,
TJK,Tajikistan,CC.EST,Control of Corruption: Estimate,,,,,,,,,,,,,,,,,,,,,,,,,,,,,,,-2.394,-2.3888,-2.1558,-2.2859,-2.2906,-2.3403,-2.1702,-2.1837,-2.1965,-2.2807,-2.3009,-2.2304,-2.0948,-2.0226,-2.0774,-2.1501,-2.0929,-2.3526,-2.2964,-2.1479,-2.225,-2.1703,-2.0933,-2.1119,-2.3417,-2.2094,-2.3213,-2.3041,-2.4161,-2.1948,-2.425,-2.1635,-2.0478,-2.1471,,
TJK,Tajikistan,EN.ATM.PM25.MC.M3,"PM2.5 air pollution, mean annual exposure (micrograms per cubic meter)",,,,,,,,,,,,,,,,,,,,,,,,,,,,,,,87.4516,89.5954,87.7049,85.8396,87.2414,89.9133,85.2548,84.7435,87.6561,86.3176,85.7757,84.605,83.4886,84.1491,88.6761,86.1604,83.1502,87.7899,87.786,87.6976,85.1399,85.2905,85.8202,87.6353,84.6214,84.2421,86.3372,87.0276,85.0545,86.0594,85.1424,84.5169,83.5698,83.0029,,
TJK,Tajikistan,NY.GDP.MKTP.KD.ZG,GDP growth (annual %),,,,,,,,,,,,,,,,,,,,,,,,,,,,,,,1.9401,1.0369,4.1857,6.5209,3.9871,1.1753,5.6155,4.2192,4.7141,2.1786,6.3105,6.2977,3.0169,5.2732,6.2308,2.3136,3.2739,3.6765,0.7325,4.5812,6.0333,3.1173,4.3267,6.9735,2.4642,4.3777,2.0525,1.9843,4.3318,4.0805,4.8647,3.6674,4.6399,7.6408,,
TJK,Tajikistan,SL.UEM.TOTL.NE.ZS,"Unemployment, total (% of total labor force) (national estimate)",,,,,,,,,,,,,,,,,,,,,,,,,,,,,,,19.3017,18.941,19.0242,18.6223,18.6922,19.018,18.8156,19.1683,19.4053,18.7209,17.7672,19.7889,18.4455,18.8694,19.1355,19.4763,19.6748,18.5899,19.3666,18.8708,20.1434,19.322,18.6831,18.3753,17.4585,19.1091,19.276,19.1445,17.5951,18.1428,19.0122,19.6646,18.744,19.3175,,
TKM,Turkmenistan,EG.FEC.RNEW.ZS,Renewable energy consumption (% of total final energy consumption),,,,,,,,,,,,,,,,,,,,,,,,,,,,,,,82.5238,85.1569,84.3433,87.4178,84.113,88.6967,84.8772,83.5029,83.72,84.6978,86.8338,85.0227,84.7517,88.3222,80.2702,85.9829,84.3241,85.4055,87.7801,87.0322,87.0015,90.1216,87.8654,91.6547,89.617,86.4092,92.3608,89.1988,92.5361,88.4104,89.6371,90.1069,89.0564,92.0865,,
TKM,Turkmenistan,EG.ELC.ACCS.ZS,Access to electricity (% of population),,,,,,,,,,,,,,,,,,,,,,,,,,,,,,,47.8493,44.7185,47.455,46.3376,45.2289,47.9668,48.2186,48.5973,48.6,49.2532,48.3208,49.2639,49.8617,50.6356,49.8383,49.8822,50.259,49.5983,51.4189,49.8873,51.616,51.6209,50.5624,50.858,51.6202,52.278,53.9876,52.9646,53.7404,54.5665,54.6617,54.0475,53.7388,54.9523,,
TKM,Turkmenistan,CC.EST,Control of Corruption: Estimate,,,,,,,,,,,,,,,,,,,,,,,,,,,,,,,-0.6011,-0.301,-0.4147,-0.4937,-0.4573,-0.4974,-0.563,-0.459,-0.5479,-0.2864,-0.6019,-0.4577,-0.6127,-0.614,-0.7331,-0.4694,-0.5827,-0.3888,-0.4692,-0.501,-0.688,-0.4486,-0.5982,-0.6907,-0.4671,-0.6698,-0.7697,-0.3631,-0.5861,-0.7281,-0.6343,-0.6053,-0.3815,-0.7183,,
TKM,Turkmenistan,EN.ATM.PM25.MC.M3,"PM2.5 air pollution, mean annual exposure (micrograms per cubic meter)",,,,,,,,,,,,,,,,,,,,,,,,,,,,,,,67.4419,70.8409,68.6157,69.5522,68.3939,72.0811,67.0357,69.3134,71.0647,68.1678,67.5196,69.7209,69.9964,67.2104,70.5236,68.3271,68.9334,70.3227,69.1634,67.9299,66.8429,71.833,66.5067,68.0875,68.2953,68.2862,70.5623,67.3616,67.0677,69.4587,66.8464,68.2843,67.1819,68.1917,,
TKM,Turkmenistan,NY.GDP.MKTP.KD.ZG,GDP growth (annual %),,,,,,,,,,,,,,,,,,,,,,,,,,,,,,,4.4457,1.6243,-1.9779,-1.5527,-1.9689,2.4041,-3.2495,2.2321,2.9665,4.7727,3.893,4.8868,3.6669,1.8232,2.3671,0.503,3.2023,-1.3284,5.2972,0.2406,3.0167,3.4358,5.5389,-1.5708,1.8184,4.0067,7.0101,2.535,1.1462,7.6996,4.6385,6.0662,-0.3918,3.9349,,
TKM,Turkmenistan,SL.UEM.TOTL.NE.ZS,"Unemployment, total (% of total labor force) (national estimate)",,,,,,,,,,,,,,,,,,,,,,,,,,,,,,,5.0746,4.9637,5.9072,5.9422,5.3752,6.3322,5.4317,5.4812,5.5982,5.4948,6.2549,5.0954,5.2391,5.0205,6.558,5.454,5.232,5.4726,6.0408,5.9481,5.3286,5.4164,4.8885,5.6856,6.2574,5.3253,5.9341,5.3252,5.0684,5.9564,6.7901,5.8879,5.4093,5.4415,,
TLS,Timor-Leste,EG.FEC.RNEW.ZS,Renewable energy consumption (% of total final energy consumption),,,,,,,,,,,,,,,,,,,,,,,,,,,,,,,74.085,71.0306,69.0348,70.5922,71.2969,71.9551,74.1907,73.8684,71.8631,71.5337,72.5586,70.7002,74.0267,71.8097,73.3485,75.9432,73.7723,73.2781,71.9319,72.9605,70.9945,74.4831,69.2979,75.6535,75.33,74.213,73.1006,74.2841,70.9186,76.2643,74.439,77.9471,75.8506,75.6795,,
TLS,Timor-Leste,EG.ELC.ACCS.ZS,Access to electricity (% of population),,,,,,,,,,,,,,,,,,,,,,,,,,,,,,,49.9094,49.0582,49.7278,50.445,50.3466,50.3774,50.8627,51.3739,53.4436,51.5783,51.5467,52.2165,53.7899,54.0971,54.6479,53.3874,54.1019,52.9986,53.8059,53.4466,54.9672,54.8694,55.2696,54.6617,56.2692,53.913,55.887,56.2533,54.9714,57.1459,56.95,57.7875,59.1885,58.0983,,
TLS,Timor-Leste,CC.EST,Control of Corruption: Estimate,,,,,,,,,,,,,,,,,,,,,,,,,,,,,,,-1.2642,-1.2152,-1.3219,-1.4848,-1.5777,-1.336,-1.4289,-1.2269,-1.4379,-1.3826,-1.52,-1.4222,-1.4941,-1.4831,-1.3872,-1.4537,-1.0654,-1.2806,-1.2508,-1.3942,-1.3682,-1.4325,-1.066,-1.394,-1.4534,-1.4714,-1.3407,-1.2104,-1.2505,-1.4717,-1.4746,-1.2314,-1.1287,-1.3983,,
TLS,Timor-Leste,EN.ATM.PM25.MC.M3,"PM2.5 air pollution, mean annual exposure (micrograms per cubic meter)",,,,,,,,,,,,,,,,,,,,,,,,,,,,,,,52.4528,48.3637,49.2175,48.8884,50.9411,49.9744,50.52,51.9115,49.0231,50.0638,47.8359,51.5085,51.3274,50.1457,49.7027,48.6791,47.2695,49.7411,50.3371,52.1519,48.4525,49.3681,50.5544,50.5196,47.7891,48.2241,47.7751,47.1301,50.6103,48.4169,48.1315,48.5344,48.1635,47.6714,,
TLS,Timor-Leste,NY.GDP.MKTP.KD.ZG,GDP growth (annual %),,,,,,,,,,,,,,,,,,,,,,,,,,,,,,,0.2643,6.0814,0.7425,-0.1581,1.9668,7.562,0.1143,3.9423,1.5524,2.7802,4.4737,-2.131,-0.0726,4.4383,2.4119,2.6979,3.9467,-0.0558,4.8059,4.2177,2.764,3.3386,5.0807,0.6836,3.8216,6.5291,3.7698,1.6122,7.9637,2.7453,5.6647,1.1144,4.8377,0.8022,,
TLS,Timor-Leste,SL.UEM.TOTL.NE.ZS,"Unemployment, total (% of total labor force) (national estimate)",,,,,,,,,,,,,,,,,,,,,,,,,,,,,,,13.0232,12.5581,13.812,12.7509,12.3075,12.909,13.13,12.8482,12.4548,13.3801,13.4911,12.0375,12.423,12.7818,12.596,13.1244,13.7812,12.671,13.6498,12.1273,13.0894,12.5641,13.1002,11.9831,12.2188,13.0991,12.5465,12.6999,13.7796,12.9303,13.3122,12.4818,12.1909,12.8211,,
TON,Tonga,EG.FEC.RNEW.ZS,Renewable energy consumption (% of total final energy consumption),,,,,,,,,,,,,,,,,,,,,,,,,,,,,,,9.338,11.0718,13.0945,12.5464,13.588,14.2696,10.8275,11.4851,9.1618,12.9279,15.2925,16.9515,14.4999,17.0154,15.1866,14.7838,13.4964,10.0986,17.4653,15.0625,18.0955,13.5697,20.4766,15.2714,14.5346,15.6399,16.5599,16.2291,15.4883,13.0621,15.2103,19.1178,15.3595,13.835,,
TON,Tonga,EG.ELC.ACCS.ZS,Access to electricity (% of population),,,,,,,,,,,,,,,,,,,,,,,,,,,,,,,91.1906,92.214,91.9276,92.5611,92.3962,94.0928,93.9276,95.5593,93.7296,94.0571,95.4818,95.0978,94.2818,95.7301,95.8522,94.3499,95.5139,96.4372,97.692,97.3434,96.5837,96.7184,98.1731,95.8439,97.3889,99.4124,98.7724,98.178,98.0733,99.9567,99.5972,99.61,100.0,100.0,,
TON,Tonga,CC.EST,Control of Corruption: Estimate,,,,,,,,,,,,,,,,,,,,,,,,,,,,,,,-1.1615,-1.3309,-1.2952,-1.0822,-1.1049,-1.1261,-1.2424,-1.0802,-1.2165,-1.0158,-1.2616,-1.235,-1.1902,-1.0703,-1.1762,-1.1675,-1.219,-1.1398,-1.1805,-1.2661,-1.1567,-1.1539,-0.89,-1.2453,-1.2727,-1.1385,-1.2911,-1.3008,-1.3444,-1.2649,-1.262,-1.326,-1.202,-1.4559,,
TON,Tonga,EN.ATM.PM25.MC.M3,"PM2.5 air pollution, mean annual exposure (micrograms per cubic meter)",,,,,,,,,,,,,,,,,,,,,,,,,,,,,,,16.7464,15.0936,15.2341,16.6491,16.2464,14.6639,16.2065,17.7721,13.8505,16.4194,13.5391,16.8919,13.9809,13.8436,16.6126,15.8911,13.7101,14.8398,13.5038,12.0997,14.6927,13.7941,12.83,16.1258,12.7207,14.2247,15.5486,13.4647,12.6675,14.1354,14.2923,14.8436,16.2556,12.6828,,
TON,Tonga,NY.GDP.MKTP.KD.ZG,GDP growth (annual %),,,,,,,,,,,,,,,,,,,,,,,,,,,,,,,3.989,0.3263,5.1653,3.9587,3.0526,1.9542,2.6283,4.0902,1.0839,2.7316,3.5411,-0.3497,0.8711,1.8494,7.4199,1.4226,3.3599,0.898,1.5584,-0.1032,5.1751,0.1855,5.7669,4.6691,3.3109,5.8494,11.2574,4.6932,0.6992,7.2219,3.9646,8.7772,2.2342,6.7042,,
TON,Tonga,SL.UEM.TOTL.NE.ZS,"Unemployment, total (% of total labor force) (national estimate)",,,,,,,,,,,,,,,,,,,,,,,,,,,,,,,19.246,20.5744,19.1053,20.7469,19.466,19.6696,20.0962,18.8522,19.7306,19.0997,19.3216,19.2876,19.5323,19.5112,18.9585,19.3085,18.0789,19.7412,20.093,19.3414,18.4431,19.6175,18.8642,19.3372,19.5888,19.5193,19.7865,19.3193,19.3328,19.6145,19.2104,18.9021,19.4721,18.6816,,
TTO,Trinidad and Tobago,EG.FEC.RNEW.ZS,Renewable energy consumption (% of total final energy consumption),,,,,,,,,,,,,,,,,,,,,,,,,,,,,,,73.8084,71.3647,73.1606,73.3935,72.6018,76.9213,76.9062,77.6482,74.7945,74.453,77.0774,75.877,76.0172,70.8326,77.5832,77.4682,76.3594,78.1519,77.8736,75.4268,76.5306,75.1046,80.1947,79.3746,75.9424,78.958,78.4274,76.6483,78.4189,80.037,80.35,83.2842,78.9588,78.4446,,
TTO,Trinidad and Tobago,EG.ELC.ACCS.ZS,Access to electricity (% of population),,,,,,,,,,,,,,,,,,,,,,,,,,,,,,,88.0683,87.7222,87.6506,87.6279,85.8764,89.4564,87.8082,88.6647,89.8525,89.6113,91.838,89.1612,92.4095,91.973,91.8458,92.52,91.9422,90.5059,92.5304,91.184,92.1959,92.8061,92.3897,94.1254,93.4475,94.196,94.111,94.4695,93.9091,93.9293,94.9955,94.5957,96.7334,94.7674,,
TTO,Trinidad and Tobago,CC.EST,Control of Corruption: Estimate,,,,,,,,,,,,,,,,,,,,,,,,,,,,,,,1.0567,0.8125,0.7845,0.7114,0.855,0.7517,0.8123,0.8772,0.8565,0.925,0.8408,0.6621,0.5266,0.8015,0.8033,1.0073,0.7623,0.8211,0.8695,0.8378,0.8775,0.678,0.659,0.7425,0.5153,0.7715,0.6971,0.8149,0.7444,0.6544,0.9335,0.7861,0.8798,0.7982,,
TTO,Trinidad and Tobago,EN.ATM.PM25.MC.M3,"PM2.5 air pollution, mean annual exposure (micrograms per cubic meter)",,,,,,,,,,,,,,,,,,,,,,,,,,,,,,,52.5189,49.7014,53.58,52.9009,51.4746,51.8549,52.8468,50.7049,48.8083,50.573,51.2515,50.8942,52.8392,49.343,49.4529,49.0358,51.186,48.1738,51.4985,48.9035,49.0632,52.7982,51.9117,50.1617,47.9363,52.8445,49.4484,50.0342,50.9508,46.5585,48.4628,49.2408,49.459,47.2275,,
TTO,Trinidad and Tobago,NY.GDP.MKTP.KD.ZG,GDP growth (annual %),,,,,,,,,,,,,,,,,,,,,,,,,,,,,,,0.7073,-0.0242,4.0597,2.3922,-0.7817,-0.5987,2.4277,0.6005,-3.5364,5.1259,-2.5832,6.0889,0.9613,-1.6972,-6.0261,1.8334,-3.9843,0.7847,4.7255,-2.9528,1.7366,-2.1376,2.7243,0.056,-0.1562,2.9097,1.4547,-2.1203,4.3592,-3.9481,0.5807,-2.1657,-3.8266,-2.944,,
TTO,Trinidad and Tobago,SL.UEM.TOTL.NE.ZS,"Unemployment, total (% of total labor force) (national estimate)",,,,,,,,,,,,,,,,,,,,,,,,,,,,,,,9.9191,10.1186,10.4732,10.6817,10.0825,9.7221,10.4632,9.6364,9.1459,10.4132,10.6057,9.5328,10.9241,10.2352,10.1607,9.6854,10.4523,9.1815,9.7738,9.5771,9.2892,10.3752,10.1143,10.3461,9.8046,10.4362,9.9823,9.7076,9.6243,8.9523,10.5259,10.4692,11.4074,9.7764,,
TUN,Tunisia,EG.FEC.RNEW.ZS,Renewable energy consumption (% of total final energy consumption),,,,,,,,,,,,,,,,,,,,,,,,,,,,,,,33.4815,31.5622,37.035,36.7247,38.5186,33.7318,37.1478,34.821,38.7025,37.2375,33.2037,36.2027,32.7189,34.4385,34.7095,35.7832,36.6897,37.6942,37.7442,37.6174,38.4799,35.4655,38.2614,41.134,38.0835,39.5544,39.5183,40.5896,39.5894,40.8558,40.3297,40.7797,40.4993,37.7515,,
TUN,Tunisia,EG.ELC.ACCS.ZS,Access to electricity (% of population),,,,,,,,,,,,,,,,,,,,,,,,,,,,,,,50.9474,51.8514,53.6253,52.4967,53.1316,51.5602,53.539,53.7027,51.7453,54.3667,53.0632,54.0537,55.6796,55.26,55.0252,55.2067,55.5496,56.2627,55.4235,57.5335,55.9659,55.7523,58.1769,57.2845,57.9404,58.6577,57.8084,58.7437,59.4026,60.4486,58.9751,59.2636,60.3347,60.3009,,
TUN,Tunisia,CC.EST,Control of Corruption: Estimate,,,,,,,,,,,,,,,,,,,,,,,,,,,,,,,1.1007,1.3082,0.9152,0.9465,0.9166,1.2613,1.1789,0.9526,1.1023,1.1138,0.852,1.1397,0.9758,1.2019,0.9795,1.1434,1.2724,1.234,1.178,1.1073,0.9371,1.0644,1.09,1.0814,0.9331,1.1692,0.9754,1.3026,1.1349,1.2346,1.2321,1.3665,1.1389,1.0703,,
TUN,Tunisia,EN.ATM.PM25.MC.M3,"PM2.5 air pollution, mean annual exposure (micrograms per cubic meter)",,,,,,,,,,,,,,,,,,,,,,,,,,,,,,,46.5933,49.3136,45.0091,45.5923,47.1849,46.5202,48.1209,44.5814,46.409,46.1489,44.7411,47.5874,46.0518,45.9083,44.7924,45.3946,44.337,47.0851,47.2587,48.1495,46.2005,44.9606,44.686,46.0454,45.5307,44.8881,44.6763,46.7462,44.2617,46.8495,45.0226,44.1176,43.4115,44.2777,,
TUN,Tunisia,NY.GDP.MKTP.KD.ZG,GDP growth (annual %),,,,,,,,,,,,,,,,,,,,,,,,,,,,,,,1.1231,-1.0778,1.9905,-1.2027,-0.4473,-3.352,1.2634,-0.8032,3.8119,1.6267,0.076,2.9276,0.8775,2.3854,-2.2912,1.0177,1.1215,-3.9971,3.6313,-3.0361,-3.3827,-7.257,1.0493,-4.243,-1.4276,1.9594,0.3448,-1.6945,-4.112,-0.4043,2.0029,1.6168,4.3317,-1.7689,,
TUN,Tunisia,SL.UEM.TOTL.NE.ZS,"Unemployment, total (% of total labor force) (national estimate)",,,,,,,,,,,,,,,,,,,,,,,,,,,,,,,6.0846,6.8981,6.8488,6.7407,6.3699,5.4164,6.2398,7.0216,6.8851,7.2257,6.9157,7.1111,7.1255,6.7534,6.7569,5.2887,6.4148,6.4364,6.6887,6.2779,7.2119,6.3024,7.2943,6.2625,6.4412,6.4032,6.495,7.3324,6.5796,6.5923,6.3722,6.6132,6.8513,6.6355,,
TUR,Turkiye,EG.FEC.RNEW.ZS,Renewable energy consumption (% of total final energy consumption),,,,,,,,,,,,,,,,,,,,,,,,,,,,,,,59.3601,61.8428,60.508,57.8089,60.0902,59.334,61.6028,60.9166,63.1213,59.5306,60.7759,59.1825,61.3771,58.5375,62.4037,61.7998,62.3711,63.787,62.8103,59.9571,61.549,62.6503,62.3045,62.6988,66.5036,63.6114,64.3252,59.6931,65.3527,69.7146,66.852,63.4303,69.0228,64.6657,,
TUR,Turkiye,EG.ELC.ACCS.ZS,Access to electricity (% of population),,,,,,,,,,,,,,,,,,,,,,,,,,,,,,,40.1937,39.9846,40.2139,38.9,41.5785,40.9609,41.2981,41.9172,41.6168,42.4096,43.411,43.0224,42.8257,43.0997,43.609,43.0328,44.1148,44.7462,44.5185,44.3592,44.7188,45.7202,44.5684,45.0453,44.663,46.2257,47.138,47.7637,48.1874,46.6461,47.6485,47.3767,49.2666,49.2413,,
TUR,Turkiye,CC.EST,Control of Corruption: Estimate,,,,,,,,,,,,,,,,,,,,,,,,,,,,,,,1.7762,1.6817,1.3423,1.584,1.5338,1.5825,1.9815,1.6006,1.6287,1.6456,2.0679,1.7485,1.8753,1.7771,1.5179,1.94,1.8042,1.7414,1.9672,1.7144,1.7387,1.7146,1.8852,1.8537,1.7895,1.6298,1.7116,1.6298,1.8953,1.5671,1.9474,1.9106,1.6458,1.7061,,
TUR,Turkiye,EN.ATM.PM25.MC.M3,"PM2.5 air pollution, mean annual exposure (micrograms per cubic meter)",,,,,,,,,,,,,,,,,,,,,,,,,,,,,,,46.0188,47.6528,49.0461,48.6259,46.1181,48.5697,48.3652,46.2442,46.4333,48.68,47.875,48.0446,50.0055,46.8684,46.456,47.9244,48.7892,44.8104,45.3447,44.0396,46.0016,46.7413,43.9041,46.9481,44.4875,44.2853,46.7024,43.9897,42.7422,45.8829,44.4899,46.4045,45.7769,41.825,,
TUR,Turkiye,NY.GDP.MKTP.KD.ZG,GDP growth (annual %),,,,,,,,,,,,,,,,,,,,,,,,,,,,,,,4.9515,6.412,4.2466,4.3473,1.0435,0.4709,2.1938,3.9624,3.8995,0.5682,0.3147,-2.0627,3.2799,0.6882,0.91,5.9823,3.1586,2.4699,3.7381,5.2142,-2.3811,0.2486,1.0823,-0.7832,0.9996,-2.2152,3.9681,0.3689,2.165,1.7909,3.0562,-4.4896,2.7883,0.9749,,
TUR,Turkiye,SL.UEM.TOTL.NE.ZS,"Unemployment, total (% of total labor force) (national estimate)",,,,,,,,,,,,,,,,,,,,,,,,,,,,,,,13.2744,12.4812,13.2778,13.7202,13.1658,12.7123,12.7342,13.3591,13.3558,13.2492,13.0522,13.1724,13.0385,12.8805,13.4497,13.226,13.7162,13.6294,13.2097,13.3686,12.5923,13.0321,13.2423,12.2796,13.2856,12.5913,12.6461,12.8062,13.0557,12.4069,13.4993,13.1596,14.0334,13.221,,
TUV,Tuvalu,EG.FEC.RNEW.ZS,Renewable energy consumption (% of total final energy consumption),,,,,,,,,,,,,,,,,,,,,,,,,,,,,,,72.1161,69.4167,68.9109,72.6628,69.3879,73.0082,75.2875,73.916,73.3154,72.8635,71.7066,72.3954,71.6436,70.2937,73.1453,75.4403,70.7969,76.3215,76.1088,74.6185,74.7846,73.752,74.3585,73.4973,74.6378,75.0041,78.637,76.1557,74.7557,75.1267,74.048,74.5276,77.5959,74.9365,,
TUV,Tuvalu,EG.ELC.ACCS.ZS,Access to electricity (% of population),,,,,,,,,,,,,,,,,,,,,,,,,,,,,,,57.1136,57.3836,57.5243,59.2593,58.7218,58.6317,59.131,59.5314,59.0098,58.7459,61.1784,61.148,60.9098,61.593,62.6391,60.9293,60.7116,62.3868,60.9341,62.388,62.3689,63.3967,62.7218,64.3174,63.0101,64.4222,63.5745,64.7964,63.7959,64.8383,66.1653,65.4496,66.5541,65.8366,,
TUV,Tuvalu,CC.EST,Control of Corruption: Estimate,,,,,,,,,,,,,,,,,,,,,,,,,,,,,,,0.8295,0.9107,0.9643,0.6614,0.9528,0.7773,0.7475,0.9547,1.0507,0.916,0.7274,0.8096,0.8399,0.9136,0.8815,0.9495,1.0101,0.9315,0.9979,0.8577,1.2856,0.9565,0.9722,1.101,0.9007,0.8126,1.0469,1.0539,0.9085,1.1012,0.8801,1.002,1.0719,0.9019,,
TUV,Tuvalu,EN.ATM.PM25.MC.M3,"PM2.5 air pollution, mean annual exposure (micrograms per cubic meter)",,,,,,,,,,,,,,,,,,,,,,,,,,,,,,,53.7724,54.5462,52.3779,51.626,54.7667,53.1474,51.8488,52.6684,53.21,50.0133,53.3612,52.8199,54.6099,51.7187,54.0329,51.8202,52.016,52.1486,54.7871,49.708,52.2298,51.4706,51.2844,52.1217,52.8262,51.8847,52.86,50.5508,50.7744,49.2659,53.6616,50.3271,50.0814,51.3572,,
TUV,Tuvalu,NY.GDP.MKTP.KD.ZG,GDP growth (annual %),,,,,,,,,,,,,,,,,,,,,,,,,,,,,,,3.4693,-1.0286,3.6683,-0.0566,4.2782,-0.6506,2.5402,0.8084,-2.1143,-2.8383,-1.1558,3.183,-4.1563,1.5365,1.3189,-3.5041,-1.2906,-1.2953,0.8334,4.3675,3.389,-0.1991,-1.3719,-3.1943,-0.2449,-1.5453,0.6113,0.706,-0.4873,-0.435,-1.0329,-0.5796,4.2914,1.9961,,
TUV,Tuvalu,SL.UEM.TOTL.NE.ZS,"Unemployment, total (% of total labor force) (national estimate)",,,,,,,,,,,,,,,,,,,,,,,,,,,,,,,18.2024,18.4427,18.3985,18.6491,18.2309,18.0393,17.6413,17.5246,18.3778,17.8812,17.2568,16.8902,19.0105,17.4437,17.5936,18.5507,17.3324,18.2024,18.8477,18.9936,17.713,17.9307,17.7385,17.9277,18.5858,17.2371,18.2607,17.839,18.621,18.5944,17.7331,17.8813,18.3831,18.4284,,
TZA,Tanzania,EG.FEC.RNEW.ZS,Renewable energy consumption (% of total final energy consumption),,,,,,,,,,,,,,,,,,,,,,,,,,,,,,,63.8491,70.7232,72.387,69.7553,71.2944,72.1016,70.1373,71.4725,70.0195,70.0397,68.971,70.7901,74.3678,68.9391,72.1278,71.686,74.1437,74.6699,69.6455,70.4957,70.7549,70.9757,71.2972,72.9382,70.6913,71.1225,71.1129,73.8293,72.8665,72.6615,71.6103,70.236,76.8571,73.1666,,
TZA,Tanzania,EG.ELC.ACCS.ZS,Access to electricity (% of population),,,,,,,,,,,,,,,,,,,,,,,,,,,,,,,79.9678,78.6676,79.7628,79.3442,78.9262,78.5712,78.5179,80.4451,80.0114,80.5426,80.9511,80.8341,80.4219,81.8595,81.1408,81.6218,82.3733,82.0022,80.8451,83.3818,83.8033,81.5845,82.4647,85.1685,83.985,84.0522,83.9583,83.7248,84.6438,85.8289,85.2868,86.0376,87.2119,85.585,,
TZA,Tanzania,CC.EST,Control of Corruption: Estimate,,,,,,,,,,,,,,,,,,,,,,,,,,,,,,,1.7893,1.8734,1.641,1.7743,1.9776,1.7121,1.8811,1.736,1.9689,1.5555,1.7607,1.5754,1.6688,1.6681,1.7209,1.6103,1.7443,1.8082,1.5691,1.6767,2.0578,1.7924,1.5348,1.5849,1.78,1.765,1.6824,2.0161,2.0672,1.7212,1.8577,1.8637,1.8796,1.6761,,
TZA,Tanzania,EN.ATM.PM25.MC.M3,"PM2.5 air pollution, mean annual exposure (micrograms per cubic meter)",,,,,,,,,,,,,,,,,,,,,,,,,,,,,,,81.6292,78.5371,79.193,78.4831,78.1905,78.7376,76.4612,75.2033,77.7599,76.6794,78.7413,78.4907,77.7802,79.9024,77.5907,75.3328,77.1045,79.1165,74.4536,77.059,77.9832,81.0184,78.7724,77.0789,77.5811,73.8735,75.0654,77.5364,76.7218,76.8331,76.3712,76.2324,76.3144,74.496,,
TZA,Tanzania,NY.GDP.MKTP.KD.ZG,GDP growth (annual %),,,,,,,,,,,,,,,,,,,,,,,,,,,,,,,2.1153,-0.4226,1.1386,5.6774,2.2358,4.1772,2.9759,1.7254,0.1662,1.6875,3.1456,4.138,2.9935,4.3113,-1.1128,4.8543,-0.133,5.1464,3.9436,-1.9878,4.53,5.1754,5.8323,0.7661,3.1362,4.4238,4.5285,3.7114,1.621,5.1575,5.1722,2.3019,0.7287,0.8679,,
TZA,Tanzania,SL.UEM.TOTL.NE.ZS,"Unemployment, total (% of total labor force) (national estimate)",,,,,,,,,,,,,,,,,,,,,,,,,,,,,,,17.9116,17.7046,17.2192,17.1296,16.3451,17.187,16.6337,17.3087,17.8219,16.739,17.3485,17.7281,17.3394,16.9672,17.2344,17.7079,17.3605,17.2275,17.8073,17.4867,16.6278,17.5449,17.704,16.6106,16.0949,16.7083,17.178,17.7341,16.7838,17.5068,15.783,17.3194,17.0259,18.2785,,
UGA,Uganda,EG.FEC.RNEW.ZS,Renewable energy consumption (% of total final energy consumption),,,,,,,,,,,,,,,,,,,,,,,,,,,,,,,57.0135,60.9187,57.3013,60.1483,57.9954,66.1493,60.9866,61.4257,61.9122,59.8832,64.4082,63.7281,64.4336,60.3118,65.1683,65.0874,62.7329,65.1378,64.0431,60.4597,63.4321,62.9847,64.2686,66.29,61.115,63.6606,63.054,63.2899,63.3515,65.2841,66.3441,66.1444,65.9691,66.9912,,
UGA,Uganda,EG.ELC.ACCS.ZS,Access to electricity (% of population),,,,,,,,,,,,,,,,,,,,,,,,,,,,,,,81.1134,79.5679,80.5261,80.7305,81.6314,80.9076,80.0337,81.2031,81.4101,82.1113,81.0104,82.9722,82.2133,83.1307,82.9569,83.0572,83.3962,83.9967,85.2761,82.3452,84.6412,84.4943,84.5675,83.0685,85.6733,85.3592,85.0416,85.9931,85.9749,85.0652,86.7797,87.4232,86.7698,87.6685,,
UGA,Uganda,CC.EST,Control of Corruption: Estimate,,,,,,,,,,,,,,,,,,,,,,,,,,,,,,,0.606,0.7185,0.5806,0.6892,0.5555,0.8291,0.5406,0.5109,0.581,0.5057,0.4432,0.6804,0.2255,0.507,0.432,0.6101,0.3304,0.6588,0.6718,0.3971,0.6159,0.655,0.7059,0.4168,0.3999,0.7734,0.4944,0.5298,0.669,0.4528,0.5612,0.7001,0.4225,0.5331,,
UGA,Uganda,EN.ATM.PM25.MC.M3,"PM2.5 air pollution, mean annual exposure (micrograms per cubic meter)",,,,,,,,,,,,,,,,,,,,,,,,,,,,,,,67.2908,67.74,70.5994,70.8485,69.0477,69.3792,69.2582,67.4124,68.6981,66.318,66.7431,67.9707,66.4295,66.0318,66.7931,69.5004,70.0366,67.5721,68.4142,66.6157,64.2824,65.9606,66.7584,67.3524,66.9095,66.5584,66.039,67.3367,64.6951,67.864,65.7014,69.6016,65.9479,65.6207,,
UGA,Uganda,NY.GDP.MKTP.KD.ZG,GDP growth (annual %),,,,,,,,,,,,,,,,,,,,,,,,,,,,,,,-1.193,-0.9618,1.7318,0.108,2.6814,1.3748,0.2925,1.1461,3.2046,1.8555,0.9151,1.2706,-2.668,6.643,1.534,1.7835,0.142,-5.5302,-0.4496,0.4036,-1.8434,-1.8652,-0.6344,2.1425,3.3531,0.6411,-1.2047,-0.6922,0.4626,0.7588,1.3011,-0.8847,1.537,1.3393,,
UGA,Uganda,SL.UEM.TOTL.NE.ZS,"Unemployment, total (% of total labor force) (national estimate)",,,,,,,,,,,,,,,,,,,,,,,,,,,,,,,17.7773,17.1151,17.5323,18.7586,17.128,18.6336,17.1105,17.5882,17.7874,18.866,17.9879,17.8678,17.5071,18.2358,17.7184,17.8603,17.7956,18.3347,18.3557,17.5296,17.6612,17.6119,18.0665,18.4282,18.0731,16.8795,18.3547,17.3003,17.6172,18.074,17.9329,18.4112,17.6694,17.4915,,
UKR,Ukraine,EG.FEC.RNEW.ZS,Renewable energy consumption (% of total final energy consumption),,,,,,,,,,,,,,,,,,,,,,,,,,,,,,,74.1242,76.8515,76.3068,75.3718,77.9994,77.7872,77.2244,73.4415,77.514,75.6928,75.4576,75.0324,76.204,75.446,77.187,76.6516,77.5886,78.404,76.8588,76.1229,73.7347,79.4388,78.205,77.8451,80.6913,75.9204,78.76,76.8694,80.2595,74.6452,80.8555,80.9228,77.7015,79.8302,,
UKR,Ukraine,EG.ELC.ACCS.ZS,Access to electricity (% of population),,,,,,,,,,,,,,,,,,,,,,,,,,,,,,,36.1799,37.4932,38.0573,36.8471,36.8637,39.0282,39.954,39.0466,39.3558,38.8854,39.5451,39.9317,39.755,41.231,40.5425,40.8956,40.7715,41.1028,42.376,41.7678,42.0365,42.2968,42.1095,41.5247,44.1591,44.0057,44.4003,42.7931,45.057,45.7246,45.2369,45.9693,45.5394,44.4738,,
UKR,Ukraine,CC.EST,Control of Corruption: Estimate,,,,,,,,,,,,,,,,,,,,,,,,,,,,,,,1.69,1.5066,1.5574,1.667,1.6509,1.6847,1.414,1.6106,1.695,1.7189,1.7267,1.6592,1.5836,1.6893,1.5931,1.7372,1.6804,1.6217,1.5368,1.7634,1.6962,1.8814,1.6922,1.7023,1.4533,1.6663,1.5911,1.7283,1.6692,1.7473,1.885,1.5333,1.7427,1.7111,,
UKR,Ukraine,EN.ATM.PM25.MC.M3,"PM2.5 air pollution, mean annual exposure (micrograms per cubic meter)",,,,,,,,,,,,,,,,,,,,,,,,,,,,,,,18.9229,16.932,16.6961,16.9911,17.0158,17.7355,14.2449,14.8054,17.9169,12.2959,15.0268,15.2983,14.7286,17.2854,15.5478,14.173,13.7223,15.0167,16.2629,14.6416,14.1523,13.231,14.755,14.5918,12.9476,15.4936,16.433,13.8674,14.1671,11.9765,14.6597,14.1702,12.9048,12.1987,,
UKR,Ukraine,NY.GDP.MKTP.KD.ZG,GDP growth (annual %),,,,,,,,,,,,,,,,,,,,,,,,,,,,,,,5.627,1.965,-1.2861,3.1469,1.5822,1.1553,3.4544,-5.5239,-3.5096,4.4561,0.6857,-0.0589,-2.3364,1.4927,1.8012,4.6101,1.9391,0.251,2.0222,3.7818,3.2361,2.5616,1.6945,-0.4453,-1.574,-1.9695,1.993,2.2537,3.7438,2.4124,3.6352,0.6817,2.9351,-1.4956,,
UKR,Ukraine,SL.UEM.TOTL.NE.ZS,"Unemployment, total (% of total labor force) (national estimate)",,,,,,,,,,,,,,,,,,,,,,,,,,,,,,,15.6095,14.7239,15.6554,16.252,15.6747,16.0006,15.7762,15.3544,15.5463,16.2295,15.998,15.3308,14.9459,15.7431,15.3487,15.5509,14.9124,16.16,15.5912,15.667,15.2232,15.5009,15.7009,15.333,15.5317,16.3328,14.7646,15.7319,15.2469,16.3079,15.5493,15.1161,15.5318,15.8145,,
URY,Uruguay,EG.FEC.RNEW.ZS,Renewable energy consumption (% of total final energy consumption),,,,,,,,,,,,,,,,,,,,,,,,,,,,,,,23.412,13.7912,15.7626,20.9212,15.4429,18.6301,17.7941,17.6299,18.7164,18.5454,21.4749,22.1674,20.5134,19.3386,20.4777,21.7208,22.2642,21.1509,23.6161,19.4778,23.1407,22.4195,19.9408,21.7762,22.0637,21.3267,21.4549,18.8611,20.6823,21.734,21.2157,20.7995,24.783,22.6029,,
URY,Uruguay,EG.ELC.ACCS.ZS,Access to electricity (% of population),,,,,,,,,,,,,,,,,,,,,,,,,,,,,,,89.9012,88.5961,89.5,88.7514,88.6385,89.6281,90.7043,89.8466,90.5253,90.6239,90.5895,90.8804,90.3691,91.409,92.1905,92.1544,92.3152,92.9979,92.8238,92.929,93.756,93.5271,93.4786,94.2925,94.1397,94.1926,94.7922,95.0515,94.285,95.6844,97.1451,95.1342,95.7658,98.6419,,
URY,Uruguay,CC.EST,Control of Corruption: Estimate,,,,,,,,,,,,,,,,,,,,,,,,,,,,,,,1.562,1.815,1.6332,1.6679,1.6449,1.7118,1.4711,1.683,1.6123,1.4371,1.7952,1.4078,1.9185,1.7347,1.4974,1.8212,1.5706,1.5761,1.4446,1.557,1.5711,1.7588,1.8007,1.5118,1.6931,1.4398,1.6936,1.9201,1.4471,1.5389,1.7479,1.7621,1.5477,1.8375,,
URY,Uruguay,EN.ATM.PM25.MC.M3,"PM2.5 air pollution, mean annual exposure (micrograms per cubic meter)",,,,,,,,,,,,,,,,,,,,,,,,,,,,,,,46.9114,50.565,48.6777,49.8016,48.371,48.7202,48.72,49.2919,47.4455,46.0649,47.2163,46.2535,46.2716,49.5769,47.9488,47.7999,48.4637,47.701,49.4954,43.4728,45.0384,45.4037,44.3112,46.4641,46.4547,49.0978,47.4104,45.2135,46.6363,43.0743,45.9481,45.7879,44.2216,45.193,,
URY,Uruguay,NY.GDP.MKTP.KD.ZG,GDP growth (annual %),,,,,,,,,,,,,,,,,,,,,,,,,,,,,,,-2.2026,-2.8026,1.215,2.1135,0.8037,-1.5665,-2.1276,-1.4888,-1.0213,-2.6515,2.1633,-0.9769,1.4409,-3.9711,-2.1921,1.6772,1.7126,-3.4776,0.2864,0.352,-2.2418,0.4212,-4.4224,-2.7885,1.0261,-0.3975,-0.2677,-0.909,0.871,0.9915,1.5075,-0.1571,-1.4423,-1.8638,,
URY,Uruguay,SL.UEM.TOTL.NE.ZS,"Unemployment, total (% of total labor force) (national estimate)",,,,,,,,,,,,,,,,,,,,,,,,,,,,,,,7.3512,7.6783,7.5765,8.6804,7.3562,8.3983,7.7458,7.7764,8.0802,7.1704,7.4797,7.2591,7.6895,7.4251,8.5382,7.588,6.6904,7.7124,8.2834,8.6948,7.7649,7.6212,7.8724,8.0872,7.3152,7.7574,7.8549,7.9025,7.8074,7.4118,8.049,7.8574,7.8561,7.3384,,
USA,United States,EG.FEC.RNEW.ZS,Renewable energy consumption (% of total final energy consumption),,,,,,,,,,,,,,,,,,,,,,,,,,,,,,,55.6345,52.6083,57.887,52.4456,56.4786,51.2878,50.7375,54.2946,51.0348,57.1636,55.8105,58.8062,55.8198,56.7905,55.9178,54.8563,55.9406,54.4962,57.829,56.5885,57.1537,63.1516,56.8481,58.4317,57.8459,60.4193,58.7311,57.8613,63.1392,56.9848,58.4665,60.8371,57.5179,60.8354,,
USA,United States,EG.ELC.ACCS.ZS,Access to electricity (% of population),,,,,,,,,,,,,,,,,,,,,,,,,,,,,,,98.3935,99.8297,100.0,99.455,98.9767,99.7139,100.0,100.0,100.0,100.0,100.0,100.0,100.0,100.0,100.0,100.0,100.0,100.0,100.0,100.0,100.0,100.0,100.0,100.0,100.0,100.0,100.0,100.0,100.0,100.0,100.0,100.0,100.0,100.0,,
USA,United States,CC.EST,Control of Corruption: Estimate,,,,,,,,,,,,,,,,,,,,,,,,,,,,,,,0.7817,0.4718,0.486,0.6831,0.5573,0.6917,0.8753,0.6405,0.8544,0.698,0.7738,0.3767,0.7354,0.717,0.6159,0.8865,0.5999,0.466,0.7529,0.4882,0.6683,0.8199,0.7189,0.6294,0.6169,0.8109,0.5127,0.7521,0.9223,0.7243,0.6305,0.6399,0.6014,0.5809,,
USA,United States,EN.ATM.PM25.MC.M3,"PM2.5 air pollution, mean annual exposure (micrograms per cubic meter)",,,,,,,,,,,,,,,,,,,,,,,,,,,,,,,27.26,28.0225,29.3395,23.9085,23.1047,29.1284,26.689,26.6876,27.1952,26.083,29.246,26.941,25.4519,25.506,25.748,24.7176,28.3375,25.9092,23.8876,26.1711,27.6419,26.9945,24.1836,23.5797,27.3043,22.6468,25.5597,24.0705,26.8138,23.1812,23.4886,25.5288,25.7166,26.4827,,
USA,United States,NY.GDP.MKTP.KD.ZG,GDP growth (annual %),,,,,,,,,,,,,,,,,,,,,,,,,,,,,,,3.5353,3.2267,4.9758,-1.0735,0.1539,-0.864,-4.3612,4.4584,5.9272,3.743,3.3032,2.5654,2.4909,6.5911,6.226,0.8904,5.125,5.4266,3.979,3.322,3.2362,-1.352,-1.5737,4.3113,-0.3979,-1.1202,-2.8357,1.1638,3.2889,3.4903,4.4795,1.3743,2.6212,4.4676,,
USA,United States,SL.UEM.TOTL.NE.ZS,"Unemployment, total (% of total labor force) (national estimate)",,,,,,,,,,,,,,,,,,,,,,,,,,,,,,,12.4117,11.8873,12.3296,11.1876,12.1798,11.8706,12.939,11.6911,12.2381,11.9653,11.9006,12.3684,11.9706,13.1057,11.1925,12.4953,12.1374,12.1546,12.3308,12.6786,12.3123,12.6804,12.203,11.6627,12.1352,12.7562,11.9744,11.6383,12.4895,12.3481,11.7943,12.0632,12.0889,12.1829,,
UZB,Uzbekistan,EG.FEC.RNEW.ZS,Renewable energy consumption (% of total final energy consumption),,,,,,,,,,,,,,,,,,,,,,,,,,,,,,,68.6808,66.7272,69.0841,66.7707,71.3202,71.5133,66.5748,65.9866,70.544,69.2534,69.991,67.7281,68.9227,68.648,70.096,67.1462,69.589,67.4261,69.0565,70.0429,71.4025,71.7183,72.2095,67.8721,73.5158,69.848,70.144,71.9751,70.9136,72.4613,72.9824,70.5113,71.8202,72.0294,,
UZB,Uzbekistan,EG.ELC.ACCS.ZS,Access to electricity (% of population),,,,,,,,,,,,,,,,,,,,,,,,,,,,,,,42.7204,41.8316,42.0468,41.8864,42.2261,42.1233,42.8913,44.9786,44.5065,45.2256,43.6936,43.1456,45.2068,46.6866,45.0655,45.7852,44.6981,46.2263,46.3538,45.0293,46.1239,46.3104,46.19,47.1239,48.3608,47.6972,49.3725,48.4135,49.2147,49.6017,50.6808,49.1309,50.3076,49.4464,,
UZB,Uzbekistan,CC.EST,Control of Corruption: Estimate,,,,,,,,,,,,,,,,,,,,,,,,,,,,,,,1.5118,1.1804,1.3512,1.4923,1.1616,1.3766,1.186,1.5845,1.0782,1.1231,1.1706,1.1744,1.3676,1.5211,1.4438,1.3332,1.3063,1.2324,1.3521,1.2801,1.3279,1.2162,1.1609,1.3082,1.3055,1.2336,1.2132,1.3721,1.3597,1.5303,1.4709,1.1619,1.2822,1.1414,,
UZB,Uzbekistan,EN.ATM.PM25.MC.M3,"PM2.5 air pollution, mean annual exposure (micrograms per cubic meter)",,,,,,,,,,,,,,,,,,,,,,,,,,,,,,,48.2488,54.2209,53.0681,49.823,52.5527,52.6952,47.647,51.7236,49.6302,50.8623,54.7225,52.5057,49.8553,52.1002,47.0045,50.563,50.5189,50.7062,48.8049,50.0606,50.6916,45.8432,48.7734,47.8127,50.0809,51.0744,48.0099,47.2146,48.9434,46.9578,48.268,48.0298,49.3178,48.8405,,
UZB,Uzbekistan,NY.GDP.MKTP.KD.ZG,GDP growth (annual %),,,,,,,,,,,,,,,,,,,,,,,,,,,,,,,4.237,7.9256,4.5078,2.7889,3.0955,1.9227,1.2869,0.3601,6.669,2.0377,4.6233,3.0838,3.7604,6.718,4.2751,1.5268,2.4232,5.9833,5.0414,6.1395,3.2372,0.3434,5.1001,4.4655,4.531,0.3791,2.2329,1.4875,4.8319,4.9179,3.7247,6.2524,7.5602,4.7161,,
UZB,Uzbekistan,SL.UEM.TOTL.NE.ZS,"Unemployment, total (% of total labor force) (national estimate)",,,,,,,,,,,,,,,,,,,,,,,,,,,,,,,9.1474,8.5411,8.4491,9.3167,8.3745,9.1604,9.6716,9.1386,8.7714,8.1417,8.8935,9.3164,8.7223,9.3226,8.9943,8.9575,8.6534,8.0838,8.5993,8.5953,9.0995,8.8042,9.3534,8.9525,8.5597,8.4044,8.5101,8.8922,8.6254,8.2736,9.3152,8.888,8.9492,8.4005,,
VCT,St. Vincent and the Grenadines,EG.FEC.RNEW.ZS,Renewable energy consumption (% of total final energy consumption),,,,,,,,,,,,,,,,,,,,,,,,,,,,,,,53.5266,55.4353,51.8533,57.6194,54.8017,55.8243,57.3636,56.2105,54.473,59.9712,54.0446,52.7867,59.159,54.6409,60.2153,58.6135,58.5758,57.0217,56.659,57.7072,56.8553,61.1751,57.4243,60.0724,61.2202,57.5974,60.2629,57.872,59.4627,59.0425,58.7189,60.5753,57.9815,62.4182,,
VCT,St. Vincent and the Grenadines,EG.ELC.ACCS.ZS,Access to electricity (% of population),,,,,,,,,,,,,,,,,,,,,,,,,,,,,,,94.7166,94.8182,95.88,96.0338,96.8663,96.8997,95.7799,98.1211,97.36,98.025,99.8436,99.361,98.7503,97.7334,97.9968,100.0,99.2604,99.6971,99.1655,100.0,100.0,100.0,100.0,100.0,100.0,100.0,100.0,100.0,100.0,100.0,100.0,100.0,100.0,100.0,,
VCT,St. Vincent and the Grenadines,CC.EST,Control of Corruption: Estimate,,,,,,,,,,,,,,,,,,,,,,,,,,,,,,,-2.011,-2.0828,-1.7022,-2.1083,-1.9451,-1.9806,-2.1105,-2.0279,-2.1486,-1.7395,-2.0196,-2.0094,-1.754,-2.0863,-1.8321,-1.9163,-2.2249,-2.032,-1.9351,-1.9832,-1.9829,-2.0603,-2.073,-2.0245,-1.7521,-2.0964,-2.0453,-1.984,-2.163,-1.9356,-2.142,-2.1179,-2.1237,-2.1843,,
VCT,St. Vincent and the Grenadines,EN.ATM.PM25.MC.M3,"PM2.5 air pollution, mean annual exposure (micrograms per cubic meter)",,,,,,,,,,,,,,,,,,,,,,,,,,,,,,,86.5669,85.3668,85.888,85.6713,84.0923,84.2201,85.705,86.5621,82.1373,87.7244,81.8909,83.0915,83.8155,83.8733,86.4902,84.9823,84.0037,84.8577,83.743,82.1313,83.7929,83.0858,81.6401,84.7186,82.6627,80.9837,81.1404,83.3069,83.9986,83.0669,82.9938,80.9689,82.2437,81.5293,,
VCT,St. Vincent and the Grenadines,NY.GDP.MKTP.KD.ZG,GDP growth (annual %),,,,,,,,,,,,,,,,,,,,,,,,,,,,,,,2.1081,2.316,0.9456,4.4747,0.0727,-0.6511,0.6325,4.804,3.4434,-1.8626,4.0887,2.4742,1.552,1.9905,-0.7386,3.0286,-0.5734,1.7205,1.7237,4.5203,2.6948,4.3605,-0.3939,2.326,3.9213,5.7012,-0.2525,0.4931,3.8587,6.6245,3.3102,-0.1794,-0.1306,2.9326,,
VCT,St. Vincent and the Grenadines,SL.UEM.TOTL.NE.ZS,"Unemployment, total (% of total labor force) (national estimate)",,,,,,,,,,,,,,,,,,,,,,,,,,,,,,,4.332,4.0426,3.6137,4.7039,3.9789,4.4167,3.2666,4.7538,3.8108,4.8256,4.4596,3.4389,4.276,4.9815,3.8543,4.9824,4.3461,4.8234,4.233,4.0912,5.0718,4.5139,4.0356,4.3652,3.8708,4.2072,4.751,4.0723,3.716,3.6698,4.19,3.7495,3.4369,3.5539,,
VEN,"Venezuela, RB",EG.FEC.RNEW.ZS,Renewable energy consumption (% of total final energy consumption),,,,,,,,,,,,,,,,,,,,,,,,,,,,,,,31.4273,28.9423,29.4926,27.5939,28.5141,28.5996,29.4235,26.8103,32.4564,30.3942,30.9813,32.5558,32.5526,29.8769,32.386,32.5154,32.109,33.7493,33.3761,33.3818,34.8076,32.2844,32.4926,34.1655,32.3202,33.7903,31.8569,28.5681,34.4728,30.3297,32.1789,35.3671,35.5406,36.3776,,
VEN,"Venezuela, RB",EG.ELC.ACCS.ZS,Access to electricity (% of population),,,,,,,,,,,,,,,,,,,,,,,,,,,,,,,79.4154,81.518,81.325,82.5718,83.2123,81.2341,82.5439,83.4473,82.7608,84.6777,83.21,83.541,83.1725,84.4043,82.1166,84.583,86.0464,84.1638,84.2365,86.6742,87.0325,85.1966,87.9174,87.1271,87.8702,86.6477,88.7224,87.5668,87.7816,88.6671,88.2176,87.5646,89.1366,89.0266,,
VEN,"Venezuela, RB",CC.EST,Control of Corruption: Estimate,,,,,,,,,,,,,,,,,,,,,,,,,,,,,,,-2.2554,-2.0144,-1.8762,-2.2735,-2.1396,-2.2111,-1.8886,-2.1042,-2.052,-2.0214,-2.1476,-2.1856,-1.981,-2.0699,-2.2648,-2.2502,-2.21,-2.0241,-1.9864,-1.905,-2.2483,-2.1464,-2.2113,-2.1851,-2.0517,-2.1688,-2.0053,-2.2252,-2.0743,-2.2164,-2.3837,-2.2858,-2.1484,-1.9327,,
VEN,"Venezuela, RB",EN.ATM.PM25.MC.M3,"PM2.5 air pollution, mean annual exposure (micrograms per cubic meter)",,,,,,,,,,,,,,,,,,,,,,,,,,,,,,,53.7951,54.1507,55.059,53.3454,53.4389,54.1927,53.3496,51.25,52.8692,54.6869,54.6535,55.6088,55.4078,52.0942,52.2464,52.2326,52.9764,52.1896,52.7827,51.6562,54.0611,51.3824,51.2281,53.4248,53.6479,52.1468,53.708,53.5197,55.0932,53.2639,54.6453,52.0974,54.0239,53.9756,,
VEN,"Venezuela, RB",NY.GDP.MKTP.KD.ZG,GDP growth (annual %),,,,,,,,,,,,,,,,,,,,,,,,,,,,,,,0.6999,-0.6649,-0.2252,2.0943,-1.8178,-0.0779,4.0495,2.7236,-4.8251,-2.2751,6.4537,4.0054,-0.4008,-2.6646,-2.0673,2.3294,5.9988,5.8396,-2.8827,0.317,-1.0861,1.3988,-2.2712,-0.3081,-1.1117,2.3655,-0.2307,0.1285,2.3338,5.1628,6.3459,2.1965,0.835,4.3471,,
VEN,"Venezuela, RB",SL.UEM.TOTL.NE.ZS,"Unemployment, total (% of total labor force) (national estimate)",,,,,,,,,,,,,,,,,,,,,,,,,,,,,,,14.1391,13.9965,12.7659,14.1597,13.7347,13.1087,13.2196,13.8466,12.2997,13.4928,13.228,13.1771,13.327,12.8159,14.0818,12.4916,13.6402,13.1318,14.5474,13.5669,12.4939,13.829,13.0093,14.048,13.8644,14.2919,13.6491,13.9651,13.5769,13.2607,14.0884,12.9403,13.5374,13.2713,,
VGB,British Virgin Islands,EG.FEC.RNEW.ZS,Renewable energy consumption (% of total final energy consumption),,,,,,,,,,,,,,,,,,,,,,,,,,,,,,,10.3436,6.916,8.1417,9.1972,12.2348,8.3443,8.7576,7.013,7.8934,10.8353,10.2235,10.4056,13.9418,7.2648,15.395,13.2659,10.4078,11.9918,9.9937,12.1478,15.959,10.5168,11.4954,10.5958,11.0671,11.604,10.3696,12.1821,12.9678,12.2031,8.5612,13.0007,13.3648,17.4044,,
VGB,British Virgin Islands,EG.ELC.ACCS.ZS,Access to electricity (% of population),,,,,,,,,,,,,,,,,,,,,,,,,,,,,,,91.6713,92.6484,91.8093,93.4384,91.8943,93.3039,93.8222,93.9548,95.3812,93.4324,95.2809,95.3244,94.6895,96.3713,95.0326,95.4177,95.6455,94.8813,96.7591,96.8842,96.5661,98.3099,96.8001,96.0161,99.1717,98.7088,98.6507,98.1283,98.9236,97.8916,98.9698,98.6769,99.8594,100.0,,
VGB,British Virgin Islands,CC.EST,Control of Corruption: Estimate,,,,,,,,,,,,,,,,,,,,,,,,,,,,,,,2.2417,2.4544,2.3914,2.4495,2.3384,2.4519,2.2839,2.1656,2.193,2.3071,2.1739,2.5,2.3575,2.4778,2.4619,2.3682,2.5,2.5,2.5,2.2588,2.5,2.1576,2.5,2.0607,2.3292,2.5,2.4137,2.19,2.3879,2.4137,2.392,2.3186,2.4701,2.5,,
VGB,British Virgin Islands,EN.ATM.PM25.MC.M3,"PM2.5 air pollution, mean annual exposure (micrograms per cubic meter)",,,,,,,,,,,,,,,,,,,,,,,,,,,,,,,87.1233,89.5541,86.9602,86.3799,89.07,88.9353,85.9445,85.6467,89.3612,86.4806,86.5595,86.0962,88.377,89.5309,86.3396,89.7812,85.2429,85.5704,86.9242,84.6091,86.7449,84.8969,83.2784,82.9009,84.9489,85.981,83.2328,85.4625,85.3868,84.7832,83.5652,85.235,84.5811,86.1872,,
VGB,British Virgin Islands,NY.GDP.MKTP.KD.ZG,GDP growth (annual %),,,,,,,,,,,,,,,,,,,,,,,,,,,,,,,-0.3586,3.1583,-0.3062,2.2807,0.1357,0.5802,2.8638,1.4594,6.5402,5.8213,4.8853,4.8358,3.1991,6.1354,2.1383,8.1719,0.518,0.0514,-0.614,-0.1787,-1.2,3.4087,5.008,2.9588,-0.5898,1.6992,4.9771,2.0186,0.8775,-0.911,1.8166,1.117,2.6575,4.0644,,
VGB,British Virgin Islands,SL.UEM.TOTL.NE.ZS,"Unemployment, total (% of total labor force) (national estimate)",,,,,,,,,,,,,,,,,,,,,,,,,,,,,,,5.0702,5.3039,5.4475,4.5966,6.1545,4.8408,5.4697,4.6435,5.2665,5.2848,6.041,5.0952,5.8612,5.3567,6.1375,4.3214,5.4526,3.875,5.1824,5.722,5.9343,5.5808,5.0662,5.484,6.4697,5.2492,5.692,4.9968,5.7467,5.6645,4.9062,5.6001,5.6239,5.5814,,
VIR,Virgin Islands (U.S.),EG.FEC.RNEW.ZS,Renewable energy consumption (% of total final energy consumption),,,,,,,,,,,,,,,,,,,,,,,,,,,,,,,65.5788,68.2692,64.0912,66.1306,66.4839,68.7538,64.6281,67.1932,65.8764,67.23,67.9456,64.7542,69.9892,68.4667,66.0439,67.2287,71.0494,69.0428,66.4313,66.944,69.9106,70.3006,69.6868,68.5281,70.8804,68.7873,67.8517,72.8843,70.8386,68.4415,70.4296,70.3656,69.7612,71.0782,,
VIR,Virgin Islands (U.S.),EG.ELC.ACCS.ZS,Access to electricity (% of population),,,,,,,,,,,,,,,,,,,,,,,,,,,,,,,35.8553,37.5471,37.0932,36.0606,37.4156,37.3555,35.7058,38.2235,39.4276,38.7619,39.6647,39.3549,39.2331,39.2629,39.0719,41.0888,41.1827,40.6255,39.4787,41.7258,40.8743,41.9633,40.8652,42.4217,42.4931,40.9204,44.3925,43.0876,43.3907,44.2759,44.0576,44.6393,43.6826,44.7344,,
VIR,Virgin Islands (U.S.),CC.EST,Control of Corruption: Estimate,,,,,,,,,,,,,,,,,,,,,,,,,,,,,,,-2.5,-2.4179,-2.216,-2.5,-2.4315,-2.5,-2.3884,-2.3334,-2.3434,-2.4616,-2.5,-2.5,-2.2386,-2.2839,-2.4003,-2.3699,-2.5,-2.2345,-2.4757,-2.3369,-2.5,-2.4108,-2.2396,-2.5,-2.2995,-2.5,-2.4976,-2.3905,-2.2728,-2.4252,-2.3152,-2.2521,-2.4819,-2.5,,
VIR,Virgin Islands (U.S.),EN.ATM.PM25.MC.M3,"PM2.5 air pollution, mean annual exposure (micrograms per cubic meter)",,,,,,,,,,,,,,,,,,,,,,,,,,,,,,,31.9736,34.3365,31.1279,33.7893,31.7931,34.7412,35.395,33.4941,29.397,28.182,31.7986,32.9868,32.2984,30.3815,29.1579,32.7016,34.0148,30.1418,32.3047,34.8913,30.6223,30.5726,31.5865,30.2403,32.5957,29.9009,30.3803,28.1832,29.9135,28.6755,30.626,27.5305,31.4167,28.5601,,
VIR,Virgin Islands (U.S.),NY.GDP.MKTP.KD.ZG,GDP growth (annual %),,,,,,,,,,,,,,,,,,,,,,,,,,,,,,,6.1592,5.1258,3.038,-2.1461,0.1292,-0.5418,-0.2289,5.6409,1.3173,0.0542,-0.1709,0.3693,3.0304,-2.3688,1.9443,2.7578,-2.6395,-1.8449,1.5796,5.3014,4.7057,0.1777,5.2221,0.8998,0.8784,1.9339,3.7976,0.1764,0.7038,-1.4215,2.5765,4.0322,4.1855,-1.7176,,
VIR,Virgin Islands (U.S.),SL.UEM.TOTL.NE.ZS,"Unemployment, total (% of total labor force) (national estimate)",,,,,,,,,,,,,,,,,,,,,,,,,,,,,,,15.9055,16.7197,16.213,16.114,16.1022,16.3677,16.2399,15.8092,16.5375,15.4955,16.758,15.6489,16.3709,16.0145,15.8587,16.7757,16.4684,16.0675,16.9695,16.5868,15.6942,14.9668,16.1504,16.7887,16.4023,16.8839,15.7978,16.0383,16.0505,16.2175,16.4806,16.9131,17.0183,16.9302,,
VNM,Viet Nam,EG.FEC.RNEW.ZS,Renewable energy consumption (% of total final energy consumption),,,,,,,,,,,,,,,,,,,,,,,,,,,,,,,61.0018,59.1292,60.4154,61.4241,60.5338,58.586,59.6389,62.4497,60.3706,61.062,61.0068,59.5292,61.1211,60.698,60.38,59.797,61.8624,63.45,64.6048,59.7253,65.8764,63.3995,60.7096,62.3062,59.5089,60.1701,67.0065,62.315,64.9374,63.7912,64.1992,65.0497,60.2956,67.2507,,
VNM,Viet Nam,EG.ELC.ACCS.ZS,Access to electricity (% of population),,,,,,,,,,,,,,,,,,,,,,,,,,,,,,,63.9047,63.8303,64.8581,64.1568,65.1502,65.1014,66.0525,65.5625,65.1597,66.5235,66.2672,65.2769,67.1418,66.8037,67.7603,67.0496,67.0186,69.1778,69.1582,68.7284,69.3339,69.882,69.4755,68.7669,70.2233,71.0355,70.9582,70.7811,71.4359,71.0551,72.319,72.8114,70.9467,73.1264,,
VNM,Viet Nam,CC.EST,Control of Corruption: Estimate,,,,,,,,,,,,,,,,,,,,,,,,,,,,,,,-0.8634,-1.0688,-1.0138,-1.2095,-1.1923,-1.157,-1.1802,-1.2893,-1.1526,-1.0315,-1.2877,-1.1104,-1.1141,-1.168,-1.0723,-1.0835,-1.1766,-1.0046,-1.0646,-0.943,-1.1398,-1.1705,-1.1569,-0.9905,-1.1497,-1.1424,-0.8965,-1.2932,-1.089,-1.1392,-1.1619,-1.2463,-1.2115,-1.1808,,
VNM,Viet Nam,EN.ATM.PM25.MC.M3,"PM2.5 air pollution, mean annual exposure (micrograms per cubic meter)",,,,,,,,,,,,,,,,,,,,,,,,,,,,,,,90.4992,90.9542,86.9274,87.7132,90.2574,90.304,87.0801,90.507,89.0946,90.1562,87.678,86.7905,88.3326,88.3192,88.1553,87.9703,91.0149,85.8459,87.0483,87.6077,88.1916,89.1421,89.2936,89.5304,88.5578,85.1606,85.179,89.3165,89.1395,88.3896,86.1252,86.7918,86.5973,85.5785,,
VNM,Viet Nam,NY.GDP.MKTP.KD.ZG,GDP growth (annual %),,,,,,,,,,,,,,,,,,,,,,,,,,,,,,,2.0654,6.8065,0.1787,4.6598,-0.7955,-2.4238,3.8866,0.8708,4.5959,5.095,0.7218,4.7754,-0.7723,-0.8117,4.0985,-2.4517,1.4139,4.5419,4.7098,0.3361,3.9409,-1.3895,-0.2506,1.9938,2.3622,-1.2015,6.0735,-3.2758,1.5533,1.9076,-2.9496,4.7281,-0.4334,1.664,,
VNM,Viet Nam,SL.UEM.TOTL.NE.ZS,"Unemployment, total (% of total labor force) (national estimate)",,,,,,,,,,,,,,,,,,,,,,,,,,,,,,,10.8376,9.9465,10.1375,11.4551,10.6407,9.3251,10.5226,10.6571,10.7833,9.6741,10.6589,10.2573,10.7841,10.9267,10.8736,11.3756,11.7689,10.1068,10.4826,11.0451,10.6102,9.3122,10.5773,11.2907,9.9762,10.7838,9.7199,11.1086,10.7944,10.3895,10.4646,9.924,11.1774,10.2739,,
VUT,Vanuatu,EG.FEC.RNEW.ZS,Renewable energy consumption (% of total final energy consumption),,,,,,,,,,,,,,,,,,,,,,,,,,,,,,,19.0905,16.3161,22.7867,21.6592,22.8374,23.221,17.7209,17.3716,23.3422,19.1578,21.2563,18.4985,18.6814,21.6998,16.2502,21.9063,21.5389,19.5796,20.8383,21.3016,21.564,22.6202,19.7599,26.9354,21.2787,21.5785,25.8793,18.4818,26.1584,22.6268,21.5296,20.5006,20.3517,22.3563,,
VUT,Vanuatu,EG.ELC.ACCS.ZS,Access to electricity (% of population),,,,,,,,,,,,,,,,,,,,,,,,,,,,,,,86.885,87.4106,87.3754,87.0045,88.7342,90.0517,89.3583,88.1252,89.0643,89.3656,90.4456,89.1421,88.8907,90.8197,90.4877,89.5256,91.2271,92.3832,90.6076,90.6998,91.6867,92.4569,92.1027,93.3202,92.8712,93.7219,92.586,92.4304,93.3906,92.8355,94.4901,92.7993,94.3004,94.6839,,
VUT,Vanuatu,CC.EST,Control of Corruption: Estimate,,,,,,,,,,,,,,,,,,,,,,,,,,,,,,,0.8428,0.9316,0.9689,1.1207,0.8435,1.0113,1.0351,0.9659,0.9086,0.8317,1.1962,0.9771,0.9305,1.223,0.9951,1.2736,0.7985,0.94,0.804,0.9538,0.9532,0.9134,0.9749,0.9193,0.9552,0.8777,1.1415,0.8354,0.9939,0.8253,0.8682,0.881,0.9526,0.9895,,
VUT,Vanuatu,EN.ATM.PM25.MC.M3,"PM2.5 air pollution, mean annual exposure (micrograms per cubic meter)",,,,,,,,,,,,,,,,,,,,,,,,,,,,,,,22.1053,23.0652,22.1187,21.9725,25.1458,21.2774,23.3974,25.7525,24.9347,23.6835,22.941,23.9904,23.3595,24.8594,22.4448,24.0671,21.9968,25.2457,22.0826,19.817,22.282,23.2323,24.4484,20.4312,19.2288,22.5105,22.3841,19.4888,21.031,21.0183,22.6001,20.6649,20.5522,21.2974,,
VUT,Vanuatu,NY.GDP.MKTP.KD.ZG,GDP growth (annual %),,,,,,,,,,,,,,,,,,,,,,,,,,,,,,,-3.5746,4.6227,2.2059,-1.8838,-2.9234,-2.7297,1.3376,-2.6552,-0.7526,-4.3563,1.2239,1.3176,-0.5907,0.3546,1.8601,0.2874,1.8228,-3.0492,0.8175,0.3543,2.8757,-0.0534,-0.3727,-1.5221,3.5988,-6.0197,1.1486,-0.1802,-0.5883,-0.9526,-0.2689,1.0671,-2.1169,0.2083,,
VUT,Vanuatu,SL.UEM.TOTL.NE.ZS,"Unemployment, total (% of total labor force) (national estimate)",,,,,,,,,,,,,,,,,,,,,,,,,,,,,,,14.7439,14.0916,14.8204,14.7479,14.169,13.9744,14.1624,14.6362,14.5305,15.2654,14.3849,14.1239,14.897,14.0785,14.1731,14.1796,13.0698,14.8519,15.0385,15.0268,15.5112,15.322,14.4015,15.1231,14.5197,14.3555,14.1907,14.4347,14.733,15.3591,14.9328,14.1828,14.0464,14.8528,,
WSM,Samoa,EG.FEC.RNEW.ZS,Renewable energy consumption (% of total final energy consumption),,,,,,,,,,,,,,,,,,,,,,,,,,,,,,,59.1656,59.9658,57.1234,58.7499,59.6726,55.4088,58.8164,60.2196,59.5817,58.5496,64.0808,62.8719,59.1797,58.9314,60.8615,59.4958,62.304,57.3764,59.5795,61.5814,62.3684,57.5491,58.7528,57.4584,59.2145,58.5565,62.3392,61.8689,61.2532,61.7631,64.2494,59.9264,58.3005,63.7319,,
WSM,Samoa,EG.ELC.ACCS.ZS,Access to electricity (% of population),,,,,,,,,,,,,,,,,,,,,,,,,,,,,,,52.4491,52.1971,53.7051,51.9378,53.0758,52.1009,54.4691,55.7708,54.3033,54.3786,56.6895,56.0138,57.6662,56.1405,56.4432,57.6677,56.643,57.2096,55.3248,58.902,58.0746,57.926,58.9877,57.5667,58.3208,59.4545,59.2971,59.8692,59.9613,60.5163,59.2052,61.5344,60.3748,61.0581,,
WSM,Samoa,CC.EST,Control of Corruption: Estimate,,,,,,,,,,,,,,,,,,,,,,,,,,,,,,,2.1822,2.2198,2.2818,2.3425,2.3625,2.3062,2.1828,2.2987,2.2832,2.2614,2.3184,2.1012,2.0111,2.3971,2.2386,2.3042,2.1502,2.4058,2.2963,2.2328,2.2886,2.0453,2.2991,2.4327,2.2922,2.2767,2.2163,2.3842,2.402,2.2025,2.2974,2.2822,2.3025,2.1616,,
WSM,Samoa,EN.ATM.PM25.MC.M3,"PM2.5 air pollution, mean annual exposure (micrograms per cubic meter)",,,,,,,,,,,,,,,,,,,,,,,,,,,,,,,19.5541,18.6077,19.4835,15.9269,15.935,20.529,19.0806,16.0573,18.5021,16.4212,14.4919,13.8095,16.8469,19.1411,19.002,18.5301,17.8049,16.956,18.1279,13.3036,17.7246,14.4784,14.7108,17.0437,17.313,14.9254,16.7292,16.5243,15.1339,15.7507,18.5612,14.9376,14.9093,15.4249,,
WSM,Samoa,NY.GDP.MKTP.KD.ZG,GDP growth (annual %),,,,,,,,,,,,,,,,,,,,,,,,,,,,,,,0.9881,3.4218,5.1186,0.8288,-0.6965,6.3828,1.745,-2.8158,6.1012,4.261,5.4489,5.0311,8.058,-1.1468,-0.5436,0.2148,0.1434,1.7529,0.2208,-1.5284,-0.7406,0.7111,4.3063,0.0072,3.4704,-1.8577,-6.5517,1.1126,-0.0795,-0.7588,-1.0516,-0.3233,-1.0229,-0.7963,,
WSM,Samoa,SL.UEM.TOTL.NE.ZS,"Unemployment, total (% of total labor force) (national estimate)",,,,,,,,,,,,,,,,,,,,,,,,,,,,,,,18.362,17.9768,17.9368,20.272,19.0098,19.8037,18.9527,18.9693,19.1948,19.3615,18.4181,18.8516,19.1939,18.0747,19.6901,19.5728,17.9906,18.602,19.0939,19.4624,19.8045,18.7228,20.2106,19.0171,18.9294,19.3223,19.1969,19.1689,20.0396,19.1652,18.5493,18.6216,19.7778,19.3834,,
YEM,"Yemen, Rep.",EG.FEC.RNEW.ZS,Renewable energy consumption (% of total final energy consumption),,,,,,,,,,,,,,,,,,,,,,,,,,,,,,,35.4655,35.5171,38.9283,40.2612,37.8221,35.9678,37.2278,42.9197,40.7721,41.9283,42.4082,38.9762,39.6321,40.1922,41.5116,43.0072,44.7179,42.7568,42.9214,45.2814,41.1681,44.1062,43.0348,43.2581,41.7491,39.5397,43.1679,43.3264,41.6273,42.7347,41.3144,41.4814,42.4163,40.8713,,
YEM,"Yemen, Rep.",EG.ELC.ACCS.ZS,Access to electricity (% of population),,,,,,,,,,,,,,,,,,,,,,,,,,,,,,,76.0374,77.3252,78.1691,78.9145,77.1841,78.7143,78.2731,78.0643,78.8259,79.6359,78.6055,78.8371,79.1764,79.2528,80.9633,79.6431,80.0341,81.0031,81.1884,80.9263,82.8511,81.2497,81.8673,80.7128,82.2602,81.6958,82.2712,81.6895,82.7902,83.6941,83.8088,83.9224,84.2443,84.3502,,
YEM,"Yemen, Rep.",CC.EST,Control of Corruption: Estimate,,,,,,,,,,,,,,,,,,,,,,,,,,,,,,,-0.5162,-0.5253,-0.479,-0.5361,-0.5641,-0.4186,-0.4397,-0.5159,-0.3686,-0.5021,-0.5314,-0.5203,-0.4922,-0.6221,-0.7369,-0.4783,-0.4119,-0.6321,-0.3833,-0.7096,-0.5791,-0.3073,-0.4693,-0.5483,-0.4818,-0.3685,-0.6854,-0.3539,-0.5708,-0.427,-0.5857,-0.31,-0.5158,-0.6715,,
YEM,"Yemen, Rep.",EN.ATM.PM25.MC.M3,"PM2.5 air pollution, mean annual exposure (micrograms per cubic meter)",,,,,,,,,,,,,,,,,,,,,,,,,,,,,,,29.0134,30.1801,29.9307,28.2085,29.2064,27.2759,28.7148,28.2925,23.3254,26.0874,27.8201,27.6758,27.3047,27.4024,28.9998,27.6395,23.5294,29.8699,24.0085,28.2255,24.3618,28.7635,26.1313,27.0447,23.4091,27.4026,26.8527,27.0743,27.4927,26.2561,25.5922,24.6119,25.0836,27.478,,
YEM,"Yemen, Rep.",NY.GDP.MKTP.KD.ZG,GDP growth (annual %),,,,,,,,,,,,,,,,,,,,,,,,,,,,,,,1.8334,-0.6798,1.4591,5.443,3.1708,5.4391,-1.0733,-3.5285,4.5882,6.4396,-0.3496,5.243,6.9036,3.9169,6.1806,4.4039,3.2706,5.9804,8.7099,2.5333,3.7086,1.4512,4.3159,3.5369,6.824,7.4773,5.8979,6.5448,2.1658,1.5406,5.0199,3.978,8.9259,-0.8762,,
YEM,"Yemen, Rep.",SL.UEM.TOTL.NE.ZS,"Unemployment, total (% of total labor force) (national estimate)",,,,,,,,,,,,,,,,,,,,,,,,,,,,,,,10.2685,10.2602,9.5777,9.4749,9.789,9.1379,10.6873,11.309,9.788,9.639,9.3032,9.4106,9.664,10.5631,11.5552,9.5973,9.5077,9.3747,10.1841,10.1308,10.0091,9.7365,10.6383,10.3408,10.3191,10.1438,9.864,9.6011,10.2186,10.1703,10.2423,9.1765,10.1283,9.8043,,
ZAF,South Africa,EG.FEC.RNEW.ZS,Renewable energy consumption (% of total final energy consumption),,,,,,,,,,,,,,,,,,,,,,,,,,,,,,,74.7707,78.1348,77.1825,81.6862,78.0969,76.6835,77.2114,75.2341,80.1896,78.5079,78.6922,76.0495,79.8859,76.6071,77.5201,79.0288,77.766,77.4933,79.1277,81.3979,81.3181,81.0928,80.8004,79.0268,82.3697,76.8061,81.2955,82.2605,80.5474,79.4334,80.9538,79.6627,82.3565,83.3694,,
ZAF,South Africa,EG.ELC.ACCS.ZS,Access to electricity (% of population),,,,,,,,,,,,,,,,,,,,,,,,,,,,,,,50.3044,50.5068,51.0553,51.3978,50.3244,49.9667,51.6694,52.4366,50.6823,52.2521,53.3497,52.6039,54.164,54.2641,53.3009,53.4029,53.6676,54.3049,53.5082,53.6104,53.1299,55.1801,57.0782,54.1046,55.7997,56.0257,56.3254,57.7025,56.2363,55.64,57.0196,57.1628,56.1623,58.3934,,
ZAF,South Africa,CC.EST,Control of Corruption: Estimate,,,,,,,,,,,,,,,,,,,,,,,,,,,,,,,-1.5768,-1.4444,-1.478,-1.5634,-1.3276,-1.4683,-1.428,-1.3641,-1.3999,-1.4171,-1.5334,-1.5679,-1.4155,-1.5499,-1.3391,-1.45,-1.3566,-1.5528,-1.5714,-1.233,-1.4524,-1.3249,-1.6039,-1.4684,-1.2782,-1.6222,-1.1614,-1.4102,-1.5327,-1.3922,-1.3014,-1.5335,-1.5163,-1.4046,,
ZAF,South Africa,EN.ATM.PM25.MC.M3,"PM2.5 air pollution, mean annual exposure (micrograms per cubic meter)",,,,,,,,,,,,,,,,,,,,,,,,,,,,,,,8.3409,7.2687,8.0899,8.6867,7.5864,6.2092,7.135,9.7208,7.506,8.7868,6.0749,7.1604,7.8779,8.853,8.3678,4.7675,8.0942,8.8154,5.3441,4.7847,6.0097,6.2356,5.3613,4.0263,7.935,4.3565,4.806,5.6501,3.1977,3.0031,4.5989,6.4048,5.3684,2.0,,
ZAF,South Africa,NY.GDP.MKTP.KD.ZG,GDP growth (annual %),,,,,,,,,,,,,,,,,,,,,,,,,,,,,,,5.9062,4.426,2.91,2.843,4.116,8.2483,4.6338,3.1729,-0.6353,2.8438,4.3658,2.1445,1.1255,3.8166,-0.0376,4.6024,1.3436,-2.8737,1.2956,2.2897,3.8137,3.5251,-0.7936,2.7377,1.0975,1.5319,-0.0631,2.3052,10.2636,7.0736,-0.0643,2.5974,1.6475,2.7876,,
ZAF,South Africa,SL.UEM.TOTL.NE.ZS,"Unemployment, total (% of total labor force) (national estimate)",,,,,,,,,,,,,,,,,,,,,,,,,,,,,,,9.7231,9.2003,8.9088,9.8432,8.6479,9.3596,8.5219,8.7519,9.6373,8.9253,8.3267,8.9036,8.8501,8.6338,9.54,8.4915,8.971,9.3317,9.0936,9.0629,8.9036,8.6556,8.9466,9.5937,9.0479,9.3484,9.8235,9.5648,8.6268,9.4889,9.7888,8.9738,8.4721,9.0446,,
ZMB,Zambia,EG.FEC.RNEW.ZS,Renewable energy consumption (% of total final energy consumption),,,,,,,,,,,,,,,,,,,,,,,,,,,,,,,74.5248,75.4835,73.4072,70.5277,72.1958,75.6185,79.03,75.1548,77.9744,73.3847,74.3534,71.1181,76.688,74.3114,77.4469,75.394,80.5923,80.2851,72.2419,78.1811,75.6621,78.5924,74.7612,80.4811,79.81,75.0712,77.686,78.5235,79.7873,78.4748,80.2214,78.6571,80.1722,76.3629,,
ZMB,Zambia,EG.ELC.ACCS.ZS,Access to electricity (% of population),,,,,,,,,,,,,,,,,,,,,,,,,,,,,,,65.7379,66.9287,67.3875,66.6471,66.6793,68.1031,67.1779,68.4243,67.6733,68.0406,67.3749,67.5092,69.5411,70.3869,69.3432,69.3757,70.5768,70.2785,68.34,71.3036,69.6891,70.9993,70.9055,70.9961,71.7962,72.7235,72.2837,73.6366,73.9858,74.2285,73.214,73.1261,73.7317,74.9089,,
ZMB,Zambia,CC.EST,Control of Corruption: Estimate,,,,,,,,,,,,,,,,,,,,,,,,,,,,,,,2.4688,2.0295,2.3777,2.0568,2.3387,2.2775,2.2405,2.4429,2.2633,2.3398,2.2291,2.3498,2.4561,2.2356,2.4178,2.3477,2.3466,2.2989,2.4338,2.4215,2.325,2.3653,2.4301,2.4059,2.3042,2.4809,2.4447,2.5,2.1526,2.4252,2.4792,2.4616,2.3106,2.1774,,
ZMB,Zambia,EN.ATM.PM25.MC.M3,"PM2.5 air pollution, mean annual exposure (micrograms per cubic meter)",,,,,,,,,,,,,,,,,,,,,,,,,,,,,,,23.0792,19.9671,20.1665,23.6295,18.54,21.598,19.159,19.0461,20.3811,21.0642,21.395,21.5119,18.7498,18.0144,19.1357,20.0909,19.1812,13.9624,16.5889,18.889,20.4525,17.7327,20.1093,16.6855,19.233,19.1639,19.3928,17.0972,16.2082,19.5387,16.0804,17.1333,20.2972,18.3845,,
ZMB,Zambia,NY.GDP.MKTP.KD.ZG,GDP growth (annual %),,,,,,,,,,,,,,,,,,,,,,,,,,,,,,,4.3307,4.9706,4.8816,3.3556,1.1552,10.1189,2.6772,4.2364,4.5092,2.0764,2.3446,7.1294,1.5614,4.4399,5.6484,2.8734,3.1741,5.8011,3.0654,-1.7842,7.1685,0.9701,3.9475,0.1144,2.1316,2.3176,3.8442,1.216,8.3659,3.4701,5.6114,3.3867,5.902,-1.8428,,
ZMB,Zambia,SL.UEM.TOTL.NE.ZS,"Unemployment, total (% of total labor force) (national estimate)",,,,,,,,,,,,,,,,,,,,,,,,,,,,,,,15.8498,15.9412,15.9372,16.4615,16.4957,16.1651,16.1775,17.4224,16.3644,15.0895,16.5872,16.4819,16.7818,16.5013,15.7498,16.6471,16.2518,16.7252,16.9761,16.1412,16.64,16.719,16.2815,17.1812,16.7249,15.9095,16.3322,16.6322,17.1622,16.5126,16.3469,16.8341,16.0924,15.7072,,
ZWE,Zimbabwe,EG.FEC.RNEW.ZS,Renewable energy consumption (% of total final energy consumption),,,,,,,,,,,,,,,,,,,,,,,,,,,,,,,68.0813,66.0674,72.4053,67.6297,68.6935,66.1671,70.1029,67.6698,67.6247,67.8227,65.5909,67.8227,69.5661,65.533,70.8171,68.3871,69.5632,64.7557,69.8237,67.4375,68.9708,66.6888,68.21,69.7966,69.7302,72.1928,66.8376,70.621,70.6756,70.1081,69.3473,73.5281,75.5692,68.1956,,
ZWE,Zimbabwe,EG.ELC.ACCS.ZS,Access to electricity (% of population),,,,,,,,,,,,,,,,,,,,,,,,,,,,,,,89.1716,89.3574,90.1857,91.6656,91.333,91.0378,91.424,91.4057,92.5018,92.8492,92.8839,90.9037,92.9214,93.0117,94.204,93.8522,94.3563,93.7647,95.1624,95.648,93.6093,94.124,96.0209,95.523,96.7339,96.3544,96.9652,96.0631,97.1827,97.435,96.8598,98.4623,96.3947,98.3271,,
ZWE,Zimbabwe,CC.EST,Control of Corruption: Estimate,,,,,,,,,,,,,,,,,,,,,,,,,,,,,,,1.1498,1.1824,1.4234,1.1731,1.1681,1.3748,1.1718,1.4273,1.3825,1.2118,1.4228,1.0725,1.3618,1.1556,1.2423,1.2501,1.4589,1.245,1.2957,1.2525,1.1872,1.1815,1.3422,1.302,1.3966,1.2761,1.28,1.397,1.2605,1.1324,1.4068,1.2239,1.3131,1.2299,,
ZWE,Zimbabwe,EN.ATM.PM25.MC.M3,"PM2.5 air pollution, mean annual exposure (micrograms per cubic meter)",,,,,,,,,,,,,,,,,,,,,,,,,,,,,,,56.77,55.3006,58.5775,52.8979,59.8562,59.3768,56.3845,60.0511,60.6799,57.0988,58.0452,57.5531,59.5392,55.0998,56.7677,58.4078,58.169,56.8045,58.8772,57.0589,56.7993,57.5943,56.3774,56.4641,55.1278,60.6288,55.4386,57.1626,58.8518,53.8945,56.7455,55.7835,58.3608,54.2249,,
ZWE,Zimbabwe,NY.GDP.MKTP.KD.ZG,GDP growth (annual %),,,,,,,,,,,,,,,,,,,,,,,,,,,,,,,-1.79,-0.0342,-1.1432,-1.0576,5.1617,0.4082,-1.8711,-0.8844,1.1028,0.934,-1.3526,-3.9795,-0.0357,-0.1034,-1.5247,3.2901,1.527,0.4276,-0.8112,4.4232,-2.7956,-1.1509,-1.0403,0.838,1.7428,-3.2508,-1.6209,1.2097,-1.5723,-0.9138,0.5222,-2.3592,0.7846,1.622,,
ZWE,Zimbabwe,SL.UEM.TOTL.NE.ZS,"Unemployment, total (% of total labor force) (national estimate)",,,,,,,,,,,,,,,,,,,,,,,,,,,,,,,3.5721,4.2656,3.9157,3.5325,3.3922,4.4303,3.2222,3.4169,3.348,3.7518,4.6805,3.6763,3.3919,3.6473,2.8965,3.4591,4.405,3.8839,4.1684,4.0596,3.1985,4.5089,2.6649,3.7192,2.5231,2.6963,4.0207,3.2073,4.1754,2.4658,3.5087,2.945,3.3887,4.3271,,
CUW,Curacao,EG.FEC.RNEW.ZS,Renewable energy consumption (% of total final energy consumption),,,,,,,,,,,,,,,,,,,,,,,,,,,,,,,82.2514,79.8437,75.7786,76.7045,79.5879,77.806,80.8838,83.0697,77.9025,78.2277,77.807,79.8093,80.5723,80.661,82.5632,81.7038,80.9504,81.2997,81.5389,81.4022,80.3136,79.4117,82.2524,81.1192,83.318,82.5618,82.5977,84.6868,80.0586,86.5563,78.7979,86.2194,83.8695,82.5697,,
CUW,Curacao,EG.ELC.ACCS.ZS,Access to electricity (% of population),,,,,,,,,,,,,,,,,,,,,,,,,,,,,,,73.905,74.8527,75.4513,75.9882,77.2387,76.391,76.838,77.1124,76.8202,77.1785,77.4967,78.3334,77.3519,77.927,78.8673,77.9711,79.1732,78.8957,79.9865,80.9313,79.6466,80.9384,80.7428,80.5252,81.0876,82.3706,81.4448,82.8796,81.9863,81.2023,82.4649,81.64,82.8281,83.0474,,
CUW,Curacao,CC.EST,Control of Corruption: Estimate,,,,,,,,,,,,,,,,,,,,,,,,,,,,,,,1.7007,1.6758,1.4929,1.628,1.435,1.3114,1.546,1.5261,1.3702,1.3755,1.5954,1.2807,1.5497,1.4449,1.5498,1.6013,1.3778,1.3459,1.6586,1.4758,1.522,1.592,1.3673,1.5909,1.5595,1.6591,1.657,1.4903,1.5731,1.488,1.5001,1.3472,1.4557,1.2673,,
CUW,Curacao,EN.ATM.PM25.MC.M3,"PM2.5 air pollution, mean annual exposure (micrograms per cubic meter)",,,,,,,,,,,,,,,,,,,,,,,,,,,,,,,45.7232,47.8295,46.9363,45.8578,45.3063,44.7189,44.0716,46.5974,42.9868,42.8724,46.4859,45.3612,45.0366,45.2,47.8245,44.8135,45.0893,47.6565,44.394,46.9989,41.1689,42.5066,43.1674,44.9654,46.6704,43.0432,45.3168,47.1252,46.0365,43.0036,44.8322,43.9585,42.3802,43.9303,,
CUW,Curacao,NY.GDP.MKTP.KD.ZG,GDP growth (annual %),,,,,,,,,,,,,,,,,,,,,,,,,,,,,,,-1.1566,0.3388,-3.4181,-4.3794,-0.6885,0.8232,-2.7918,1.3436,0.1348,1.6535,2.392,3.3868,1.5361,-0.7103,0.5,5.8508,2.4915,0.2067,-0.3484,-1.4677,-2.9401,4.2982,1.2241,-3.1442,-0.2855,3.2041,-1.0895,-2.0083,0.9198,1.6733,-1.0863,-1.471,1.1794,-2.7842,,
CUW,Curacao,SL.UEM.TOTL.NE.ZS,"Unemployment, total (% of total labor force) (national estimate)",,,,,,,,,,,,,,,,,,,,,,,,,,,,,,,4.8591,5.068,5.4977,4.9143,5.4098,5.7112,4.8749,6.7396,5.8379,5.2644,5.0373,4.8505,5.9588,5.2334,4.4087,4.2721,5.1844,5.1954,4.6697,4.3709,4.1466,4.7485,4.9468,5.474,5.063,5.6602,5.4307,5.3848,5.6178,4.4348,4.86,6.3289,4.175,4.9793,,
GIB,Gibraltar,EG.FEC.RNEW.ZS,Renewable energy consumption (% of total final energy consumption),,,,,,,,,,,,,,,,,,,,,,,,,,,,,,,60.7975,56.2413,58.6399,64.2872,60.7861,59.4463,61.1662,59.7425,64.4703,59.2132,60.2996,58.5108,61.0543,61.4461,64.3365,60.0618,63.2125,62.5687,58.7602,61.2446,61.3151,66.3613,64.2367,63.5846,54.8544,59.7787,65.2008,65.4593,62.5607,64.2506,64.2587,64.8341,63.9012,66.426,,
GIB,Gibraltar,EG.ELC.ACCS.ZS,Access to electricity (% of population),,,,,,,,,,,,,,,,,,,,,,,,,,,,,,,63.8548,62.4522,62.5144,63.083,64.0089,64.5044,65.1006,65.497,65.2598,65.4036,66.789,65.7239,66.4419,66.4761,66.3313,66.5866,68.0274,67.1477,67.1877,67.1302,68.3079,67.8102,68.7353,68.8621,68.628,68.1034,68.6465,69.0224,69.1667,70.5841,72.1732,70.3111,70.6625,70.7522,,
GIB,Gibraltar,CC.EST,Control of Corruption: Estimate,,,,,,,,,,,,,,,,,,,,,,,,,,,,,,,-1.3945,-1.4462,-1.4994,-1.6429,-1.6135,-1.4763,-1.4706,-1.4993,-1.4176,-1.6441,-1.4609,-1.4676,-1.6123,-1.57,-1.4142,-1.634,-1.2017,-1.4307,-1.5043,-1.5276,-1.4028,-1.5467,-1.5418,-1.3231,-1.554,-1.481,-1.5886,-1.4663,-1.4277,-1.2954,-1.6099,-1.6711,-1.5294,-1.5714,,
GIB,Gibraltar,EN.ATM.PM25.MC.M3,"PM2.5 air pollution, mean annual exposure (micrograms per cubic meter)",,,,,,,,,,,,,,,,,,,,,,,,,,,,,,,46.7624,47.4885,50.0231,45.8683,43.1499,46.0286,46.8313,44.7711,46.4961,46.2718,46.3753,47.0925,45.7015,46.5668,42.9671,44.142,44.9932,43.9178,45.3554,44.7499,44.5028,46.4312,45.1513,43.32,43.9606,45.9154,45.0051,46.4194,45.8154,43.8819,46.5388,46.5823,41.5474,44.1932,,
GIB,Gibraltar,NY.GDP.MKTP.KD.ZG,GDP growth (annual %),,,,,,,,,,,,,,,,,,,,,,,,,,,,,,,-1.5857,-0.8622,-2.2514,-2.5646,2.0419,-3.1312,0.0223,-3.5839,2.9625,-0.136,1.6522,0.2767,-0.8442,-0.0401,3.5573,-2.4546,-6.5844,-2.1782,-3.2338,2.209,-0.6504,1.8576,-0.1313,-0.1894,0.1988,3.489,0.2553,2.5619,2.4018,-0.6193,-0.3959,-1.1556,2.9969,-2.5637,,
GIB,Gibraltar,SL.UEM.TOTL.NE.ZS,"Unemployment, total (% of total labor force) (national estimate)",,,,,,,,,,,,,,,,,,,,,,,,,,,,,,,12.532,12.7554,12.3194,12.5979,13.4615,13.2192,12.6831,13.2949,13.9345,13.0501,13.6037,13.3193,12.7463,12.9922,13.1567,12.521,11.5889,12.4765,11.8144,12.5178,12.0398,13.3336,12.3022,13.1656,13.2768,13.2443,11.9593,13.4548,13.1037,13.2956,13.8085,13.2907,12.3022,13.2202,,
MAF,St. Martin (French part),EG.FEC.RNEW.ZS,Renewable energy consumption (% of total final energy consumption),,,,,,,,,,,,,,,,,,,,,,,,,,,,,,,23.5122,26.5435,25.813,26.9898,24.1004,24.4807,26.5208,27.1244,26.8679,30.7704,28.8668,28.9619,27.5548,25.6858,28.6112,32.384,29.3682,31.2959,31.6983,30.4886,29.96,27.694,29.4026,29.2477,30.7795,27.4413,29.3449,31.3775,29.3152,29.0383,29.4366,30.6247,26.5581,29.9772,,
MAF,St. Martin (French part),EG.ELC.ACCS.ZS,Access to electricity (% of population),,,,,,,,,,,,,,,,,,,,,,,,,,,,,,,87.6035,87.3504,87.6774,86.1292,87.51,87.9986,88.7128,89.48,89.6051,88.623,88.8914,90.721,89.5533,89.2253,90.1756,91.6708,90.1174,90.7482,90.6505,92.3565,92.0716,92.832,93.5934,91.3817,92.234,92.7445,93.3964,93.9961,93.4482,93.5378,95.1067,95.0282,95.094,93.3747,,
MAF,St. Martin (French part),CC.EST,Control of Corruption: Estimate,,,,,,,,,,,,,,,,,,,,,,,,,,,,,,,-0.8034,-0.9261,-0.9676,-1.0465,-1.0241,-1.0551,-1.1879,-1.0463,-1.1401,-0.9554,-1.0863,-0.8606,-1.1479,-0.8048,-0.8478,-1.0761,-0.9595,-1.0507,-0.8788,-0.7322,-0.8065,-1.0307,-0.9344,-0.7655,-0.8853,-0.827,-0.87,-0.939,-0.9565,-1.0935,-1.0401,-1.0564,-0.9904,-0.9362,,
MAF,St. Martin (French part),EN.ATM.PM25.MC.M3,"PM2.5 air pollution, mean annual exposure (micrograms per cubic meter)",,,,,,,,,,,,,,,,,,,,,,,,,,,,,,,43.5318,43.9375,44.5301,42.8303,44.4807,45.001,43.8364,42.3169,44.4737,43.6977,43.8219,45.1165,43.7979,45.0151,42.351,41.8466,44.1371,40.8551,45.0863,44.1266,42.2251,43.8156,42.9272,39.9187,40.5493,42.1223,41.853,43.4959,41.9068,39.4706,40.4757,42.3283,38.3998,38.9367,,
MAF,St. Martin (French part),NY.GDP.MKTP.KD.ZG,GDP growth (annual %),,,,,,,,,,,,,,,,,,,,,,,,,,,,,,,-1.3793,1.8691,-0.9896,0.7046,-0.4357,-0.7998,-2.0822,1.6519,-3.5834,-1.0319,2.4176,-2.3583,-4.3386,-5.7398,1.218,1.3863,-1.3083,-3.6253,-0.813,2.4975,-3.6209,2.1977,-4.6858,-3.2902,-0.1745,1.9214,3.2314,2.0317,3.433,0.0074,-2.0017,2.5125,2.9611,1.8794,,
MAF,St. Martin (French part),SL.UEM.TOTL.NE.ZS,"Unemployment, total (% of total labor force) (national estimate)",,,,,,,,,,,,,,,,,,,,,,,,,,,,,,,4.5379,4.9276,4.4026,4.2213,4.5944,4.4704,4.6742,4.1656,4.6862,4.6604,4.3383,3.8564,4.8519,3.6268,3.7527,4.3156,2.9776,5.0031,4.2389,5.0013,5.1336,4.1542,4.906,3.7015,4.4482,3.9949,4.5798,4.6729,4.1516,4.504,4.704,4.3255,5.5011,4.163,,
MCO,Monaco,EG.FEC.RNEW.ZS,Renewable energy consumption (% of total final energy consumption),,,,,,,,,,,,,,,,,,,,,,,,,,,,,,,39.7112,38.8403,32.9797,39.8354,39.1474,37.3778,38.0372,38.4351,40.3501,36.9233,41.0715,35.8814,34.6792,39.5365,41.0175,38.2903,34.271,35.9676,39.9721,39.2294,41.968,39.6953,38.2183,40.4676,42.0307,42.852,40.0775,40.5843,42.158,39.2523,42.373,40.5854,41.0483,41.3548,,
MCO,Monaco,EG.ELC.ACCS.ZS,Access to electricity (% of population),,,,,,,,,,,,,,,,,,,,,,,,,,,,,,,66.2997,67.9771,66.3208,66.612,68.3534,67.8018,68.3101,67.1218,68.3932,69.0943,68.1565,69.4488,69.0325,68.9297,70.5066,70.8564,70.299,70.8066,71.7557,70.6296,71.4749,71.1369,70.8813,71.6303,71.2961,72.7865,72.0783,71.8284,73.7902,73.9882,73.4318,74.5086,73.5511,74.1482,,
MCO,Monaco,CC.EST,Control of Corruption: Estimate,,,,,,,,,,,,,,,,,,,,,,,,,,,,,,,0.549,0.6242,0.4542,0.4286,0.618,0.5736,0.5179,0.6418,0.7337,0.544,0.4293,0.5598,0.4017,0.6492,0.4159,0.4769,0.3996,0.522,0.5262,0.5892,0.5145,0.5057,0.4312,0.4657,0.333,0.6673,0.4888,0.697,0.4856,0.2718,0.4461,0.4998,0.5079,0.5813,,
MCO,Monaco,EN.ATM.PM25.MC.M3,"PM2.5 air pollution, mean annual exposure (micrograms per cubic meter)",,,,,,,,,,,,,,,,,,,,,,,,,,,,,,,30.0521,29.2058,28.2588,28.9418,30.3781,30.6789,28.3005,30.7418,30.0049,27.7407,29.3614,29.466,27.2347,26.7134,29.382,27.9099,30.7795,31.0129,29.0593,29.6989,26.6555,26.1135,27.8192,26.0215,28.3328,26.6158,27.997,27.3717,28.5073,27.9608,26.7854,25.2587,27.4751,24.5376,,
MCO,Monaco,NY.GDP.MKTP.KD.ZG,GDP growth (annual %),,,,,,,,,,,,,,,,,,,,,,,,,,,,,,,5.7427,3.9498,4.7344,0.2037,3.5176,0.9609,3.0001,0.1313,2.4188,-0.8189,2.2273,-1.4835,6.9952,3.0284,2.6416,4.3176,-0.6208,0.6755,3.9551,3.0311,0.8283,4.2475,3.3842,3.8913,3.6018,0.9239,2.4378,-2.0152,1.3503,2.0141,4.1943,3.9078,0.7472,0.6919,,
MCO,Monaco,SL.UEM.TOTL.NE.ZS,"Unemployment, total (% of total labor force) (national estimate)",,,,,,,,,,,,,,,,,,,,,,,,,,,,,,,18.2756,17.4751,17.6792,18.0147,17.5823,17.5463,17.4644,17.3675,17.6935,16.7108,17.4415,17.8922,17.8339,18.3276,18.0408,17.8262,17.6364,17.3938,17.8737,17.7838,17.4349,17.1885,17.5955,18.2001,17.6772,17.6363,17.8337,17.8627,17.7465,17.601,17.368,18.1245,17.4086,18.4082,,
SXM,Sint Maarten (Dutch part),EG.FEC.RNEW.ZS,Renewable energy consumption (% of total final energy consumption),,,,,,,,,,,,,,,,,,,,,,,,,,,,,,,67.6968,67.6435,69.208,66.5317,69.1358,68.3686,69.1098,67.0709,67.2021,65.073,67.9736,68.0187,67.8533,69.1072,69.6166,70.6376,70.9197,71.239,71.4727,70.7887,70.4985,72.3963,72.0747,67.8741,70.6425,67.5313,67.6422,70.4203,71.3321,70.8897,68.3359,73.5883,70.7742,73.3168,,
SXM,Sint Maarten (Dutch part),EG.ELC.ACCS.ZS,Access to electricity (% of population),,,,,,,,,,,,,,,,,,,,,,,,,,,,,,,37.0317,37.4271,38.4222,38.0459,38.7116,39.0471,37.9335,39.7075,38.8251,38.9364,39.4939,40.9768,39.2949,41.346,41.3469,41.3847,41.7726,41.5931,42.6211,41.984,41.2753,42.7634,43.7163,43.7189,45.0267,43.6227,43.9466,44.1386,43.9542,44.4467,44.2441,43.4901,45.111,45.844,,
SXM,Sint Maarten (Dutch part),CC.EST,Control of Corruption: Estimate,,,,,,,,,,,,,,,,,,,,,,,,,,,,,,,-0.0218,-0.1665,-0.1652,0.0262,-0.2572,-0.1171,0.0174,-0.1825,-0.2815,0.1074,-0.0015,0.0022,-0.1082,-0.0206,-0.3963,-0.1499,0.0162,-0.265,-0.1375,-0.0591,-0.1916,-0.0966,-0.0512,-0.0612,-0.1456,-0.197,-0.0499,-0.0568,-0.0627,-0.0837,-0.0566,0.0078,-0.0603,-0.0857,,
SXM,Sint Maarten (Dutch part),EN.ATM.PM25.MC.M3,"PM2.5 air pollution, mean annual exposure (micrograms per cubic meter)",,,,,,,,,,,,,,,,,,,,,,,,,,,,,,,13.1288,15.9179,12.0745,13.3749,12.8355,10.7784,13.9698,13.0542,13.3269,12.9308,14.249,14.3613,11.3072,15.5271,12.4388,13.6004,12.9095,12.7176,13.3143,14.3765,13.4847,11.874,12.0327,11.2338,13.0719,12.8039,11.3259,13.7488,13.2898,14.3343,10.3343,11.2888,11.0643,15.1846,,
SXM,Sint Maarten (Dutch part),NY.GDP.MKTP.KD.ZG,GDP growth (annual %),,,,,,,,,,,,,,,,,,,,,,,,,,,,,,,0.6138,3.7521,3.1761,0.3793,0.728,1.8962,3.7338,0.1592,-0.6822,2.9199,-2.278,1.2211,3.2396,1.6648,-0.8282,-1.9139,3.5569,0.15,-1.6643,3.4363,2.5917,-2.0402,6.875,-0.7621,2.5493,5.5557,2.8098,1.2372,-2.9915,5.6918,2.752,-2.9479,4.4508,0.7421,,
SXM,Sint Maarten (Dutch part),SL.UEM.TOTL.NE.ZS,"Unemployment, total (% of total labor force) (national estimate)",,,,,,,,,,,,,,,,,,,,,,,,,,,,,,,19.6344,19.4872,19.8588,20.1772,19.5259,19.8371,21.4636,20.0111,20.2562,19.2941,19.0946,20.5055,20.3628,20.6302,19.7335,20.4004,18.4961,20.0439,20.2898,19.4291,20.3012,19.6834,19.7334,19.644,20.5639,19.5461,19.4849,19.3446,19.589,19.8708,20.0926,19.3966,19.9597,20.0792,,
XKX,Kosovo,EG.FEC.RNEW.ZS,Renewable energy consumption (% of total final energy consumption),,,,,,,,,,,,,,,,,,,,,,,,,,,,,,,14.5341,16.6759,16.5299,16.9973,15.9397,16.8786,17.3618,21.1777,17.6891,20.4265,20.7279,15.4117,17.6173,21.182,18.8619,18.4169,20.2997,21.0847,19.0409,18.6931,14.6725,19.6438,18.9373,17.8366,19.589,19.3148,20.638,19.8916,21.4936,21.0975,23.4467,19.981,24.7593,23.4841,,
XKX,Kosovo,EG.ELC.ACCS.ZS,Access to electricity (% of population),,,,,,,,,,,,,,,,,,,,,,,,,,,,,,,68.6171,67.8799,67.7027,67.7474,69.8296,69.5551,68.1212,69.9598,68.7674,69.9372,70.5885,71.3441,70.6178,70.5705,70.963,72.0312,72.0584,71.6647,70.4371,70.2302,72.608,71.7327,72.5047,72.9962,75.0889,73.7756,74.5037,74.5814,72.4902,74.3581,73.9517,76.5595,73.9723,75.3411,,
XKX,Kosovo,CC.EST,Control of Corruption: Estimate,,,,,,,,,,,,,,,,,,,,,,,,,,,,,,,0.5595,0.4725,0.6029,0.5857,0.6103,0.6511,0.6192,0.6364,0.7242,0.3928,0.6748,0.4653,0.5137,0.6053,0.6401,0.6543,0.4774,0.7865,0.5406,0.5044,0.4381,0.4263,0.4228,0.6285,0.6633,0.4871,0.4538,0.5654,0.6025,0.6223,0.4751,0.5707,0.7788,0.4474,,
XKX,Kosovo,EN.ATM.PM25.MC.M3,"PM2.5 air pollution, mean annual exposure (micrograms per cubic meter)",,,,,,,,,,,,,,,,,,,,,,,,,,,,,,,64.6658,65.3795,63.0977,65.3865,62.3807,65.2613,64.2946,62.0204,65.101,62.6457,63.6796,64.7748,62.3029,62.8771,65.2788,60.4048,65.5575,61.1531,62.2206,63.6131,64.0142,63.4765,63.0204,62.2155,65.1315,63.869,64.3929,61.9175,58.9772,63.9196,62.8442,62.5038,61.2985,61.5473,,
XKX,Kosovo,NY.GDP.MKTP.KD.ZG,GDP growth (annual %),,,,,,,,,,,,,,,,,,,,,,,,,,,,,,,0.5208,2.1313,-0.8208,3.9249,7.11,0.5243,-1.9636,1.7634,2.8065,3.1516,6.0247,4.0579,-2.5105,-1.0715,3.0326,0.883,5.8062,-0.3244,4.4202,0.3951,2.6739,-0.0514,3.4156,4.7002,2.6509,6.7913,0.2173,2.2633,4.133,-0.356,2.1741,3.6785,4.3414,4.873,,
XKX,Kosovo,SL.UEM.TOTL.NE.ZS,"Unemployment, total (% of total labor force) (national estimate)",,,,,,,,,,,,,,,,,,,,,,,,,,,,,,,2.7316,3.3102,2.5086,2.8039,3.079,3.7381,3.4301,3.1861,3.3904,3.4267,3.3506,2.8786,2.6878,3.0545,2.7692,3.4767,3.9306,3.4479,2.261,2.8495,3.1752,2.4487,3.1817,3.4008,3.8705,4.0755,2.5703,3.1078,3.1141,2.8096,3.2154,3.1261,3.473,3.8444,,
